poid,milestone,invoice_no,po_type
1011HG2894715-124-3-1,MS1,INV-000069,SERVICE_PROCUREMENT
1011HG2894715-124-4-1,MS1,INV-000069,SERVICE_PROCUREMENT
1011HG2894715-124-2-1,MS1,INV-000069,SERVICE_PROCUREMENT
1011HG2894715-124-1-1,MS1,INV-000069,SERVICE_PROCUREMENT
1011HG2894715-125-1-1,MS1,INV-000070,SERVICE_PROCUREMENT
1011HG2894715-125-2-1,MS1,INV-000070,SERVICE_PROCUREMENT
1011HG2894715-130-2-1,MS1,INV-000071,SERVICE_PROCUREMENT
1011HG2894715-130-1-1,MS1,INV-000071,SERVICE_PROCUREMENT
1011HG2894715-131-1-1,MS1,INV-000072,SERVICE_PROCUREMENT
1011HG2894715-131-2-1,MS1,INV-000072,SERVICE_PROCUREMENT
1011HG2894715-139-1-1,MS1,INV-000073,SERVICE_PROCUREMENT
1011HG2894715-139-2-1,MS1,INV-000073,SERVICE_PROCUREMENT
1011HG2894715-144-1-1,MS1,INV-000074,SERVICE_PROCUREMENT
1011HG2894715-142-1-1,MS1,INV-000075,SERVICE_PROCUREMENT
1011HG2894715-143-1-1,MS1,INV-000076,SERVICE_PROCUREMENT
1011HG2894715-145-1-1,MS1,INV-000077,SERVICE_PROCUREMENT
1011HG2894715-149-2-1,MS1,INV-000078,SERVICE_PROCUREMENT
1011HG2894715-149-1-1,MS1,INV-000078,SERVICE_PROCUREMENT
1011HG2894715-150-2-1,MS1,INV-000079,SERVICE_PROCUREMENT
1011HG2894715-150-1-1,MS1,INV-000079,SERVICE_PROCUREMENT
1011HG2894715-151-2-1,MS1,INV-000080,SERVICE_PROCUREMENT
1011HG2894715-151-1-1,MS1,INV-000080,SERVICE_PROCUREMENT
1011HG2894715-159-1-1,MS1,INV-000081,SERVICE_PROCUREMENT
1011HG2894715-159-2-1,MS1,INV-000081,SERVICE_PROCUREMENT
1011HG2894715-160-2-1,MS1,INV-000082,SERVICE_PROCUREMENT
1011HG2894715-160-1-1,MS1,INV-000082,SERVICE_PROCUREMENT
1011HG2894715-163-1-1,MS1,INV-000083,SERVICE_PROCUREMENT
1011HG2894715-19-1-1,MS1,INV-000084,SERVICE_PROCUREMENT
1011HG2894715-20-1-1,MS1,INV-000085,SERVICE_PROCUREMENT
1011HG2894715-23-1-1,MS1,INV-000086,SERVICE_PROCUREMENT
1011HG2894715-24-1-1,MS1,INV-000087,SERVICE_PROCUREMENT
1011HG2894715-27-1-1,MS1,INV-000088,SERVICE_PROCUREMENT
1011HG2894715-28-1-1,MS1,INV-000089,SERVICE_PROCUREMENT
1011HG2894715-29-1-1,MS1,INV-000090,SERVICE_PROCUREMENT
1011HG2894715-31-1-1,MS1,INV-000091,SERVICE_PROCUREMENT
1011HG2894715-32-1-1,MS1,INV-000092,SERVICE_PROCUREMENT
1011HG2894715-33-1-1,MS1,INV-000093,SERVICE_PROCUREMENT
1011HG2894715-34-2-1,MS1,INV-000094,SERVICE_PROCUREMENT
1011HG2894715-34-1-1,MS1,INV-000094,SERVICE_PROCUREMENT
1011HG2894715-35-1-1,MS1,INV-000095,SERVICE_PROCUREMENT
1011HG2894715-35-2-1,MS1,INV-000095,SERVICE_PROCUREMENT
1011HG2894715-36-1-1,MS1,INV-000096,SERVICE_PROCUREMENT
1011HG2894715-8-1-1,MS1,INV-000097,SERVICE_PROCUREMENT
1011HG2894715-8-2-1,MS1,INV-000097,SERVICE_PROCUREMENT
1011HG2894715-9-1-1,MS1,INV-000098,SERVICE_PROCUREMENT
1011HG2894717-14-1-1,MS1,INV-000099,SERVICE_PROCUREMENT
1011HG2894717-15-1-1,MS1,INV-000100,SERVICE_PROCUREMENT
1011HG2894717-15-2-1,MS1,INV-000100,SERVICE_PROCUREMENT
1011HG2894717-16-2-1,MS1,INV-000101,SERVICE_PROCUREMENT
1011HG2894717-16-1-1,MS1,INV-000101,SERVICE_PROCUREMENT
1011HG2894717-17-2-1,MS1,INV-000102,SERVICE_PROCUREMENT
1011HG2894717-17-1-1,MS1,INV-000102,SERVICE_PROCUREMENT
1011HG2894717-2-1-1,MS1,INV-000103,SERVICE_PROCUREMENT
1011HG2894717-33-1-1,MS1,INV-000104,SERVICE_PROCUREMENT
1011HG2894717-33-2-1,MS1,INV-000104,SERVICE_PROCUREMENT
1011HG2894717-34-2-1,MS1,INV-000105,SERVICE_PROCUREMENT
1011HG2894717-34-1-1,MS1,INV-000105,SERVICE_PROCUREMENT
1011HG2894717-35-1-1,MS1,INV-000106,SERVICE_PROCUREMENT
1011HG2894717-35-2-1,MS1,INV-000106,SERVICE_PROCUREMENT
1011HG2894717-41-2-1,MS1,INV-000107,SERVICE_PROCUREMENT
1011HG2894717-41-1-1,MS1,INV-000107,SERVICE_PROCUREMENT
1011HG2894717-42-1-1,MS1,INV-000108,SERVICE_PROCUREMENT
1011HG2894717-42-2-1,MS1,INV-000108,SERVICE_PROCUREMENT
1011HG2894717-43-1-1,MS1,INV-000109,SERVICE_PROCUREMENT
1011HG2894717-43-2-1,MS1,INV-000109,SERVICE_PROCUREMENT
1011HG2894717-8-1-1,MS1,INV-000110,SERVICE_PROCUREMENT
1011HG2894717-8-2-1,MS1,INV-000110,SERVICE_PROCUREMENT
1011HG2894717-8-3-1,MS1,INV-000110,SERVICE_PROCUREMENT
1011HG2894718-1-1-1,MS1,INV-000111,SERVICE_PROCUREMENT
1011HG2894718-2-1-1,MS1,INV-000112,SERVICE_PROCUREMENT
1011HG2894718-3-1-1,MS1,INV-000113,SERVICE_PROCUREMENT
1011HG2894718-31-1-1,MS1,INV-000114,SERVICE_PROCUREMENT
1011HG2894718-31-2-1,MS1,INV-000114,SERVICE_PROCUREMENT
1011HG2894718-35-1-1,MS1,INV-000115,SERVICE_PROCUREMENT
1011HG2894718-36-1-1,MS1,INV-000116,SERVICE_PROCUREMENT
1011HG2894718-65-1-1,MS1,INV-000117,SERVICE_PROCUREMENT
1011HG2894718-65-2-1,MS1,INV-000117,SERVICE_PROCUREMENT
1011HG2894718-66-2-1,MS1,INV-000118,SERVICE_PROCUREMENT
1011HG2894718-66-1-1,MS1,INV-000118,SERVICE_PROCUREMENT
1011HG2894718-67-2-1,MS1,INV-000119,SERVICE_PROCUREMENT
1011HG2894718-67-1-1,MS1,INV-000119,SERVICE_PROCUREMENT
1011HG2894718-68-2-1,MS1,INV-000120,SERVICE_PROCUREMENT
1011HG2894718-68-1-1,MS1,INV-000120,SERVICE_PROCUREMENT
1011HG2894718-69-2-1,MS1,INV-000121,SERVICE_PROCUREMENT
1011HG2894718-69-1-1,MS1,INV-000121,SERVICE_PROCUREMENT
1011HG2894718-70-1-1,MS1,INV-000122,SERVICE_PROCUREMENT
1011HG2894718-70-2-1,MS1,INV-000122,SERVICE_PROCUREMENT
1011HG2894718-71-2-1,MS1,INV-000123,SERVICE_PROCUREMENT
1011HG2894718-71-1-1,MS1,INV-000123,SERVICE_PROCUREMENT
1011HG2894718-72-1-1,MS1,INV-000124,SERVICE_PROCUREMENT
1011HG2894718-73-2-1,MS1,INV-000125,SERVICE_PROCUREMENT
1011HG2894718-73-1-1,MS1,INV-000125,SERVICE_PROCUREMENT
1011HG2894715-142-2-1,MS1,INV-000126,SERVICE_PROCUREMENT
1011HG2894715-143-2-1,MS1,INV-000127,SERVICE_PROCUREMENT
1011HG2894715-146-1-1,MS1,INV-000128,SERVICE_PROCUREMENT
1011HG2894715-153-2-1,MS1,INV-000129,SERVICE_PROCUREMENT
1011HG2894715-153-1-1,MS1,INV-000129,SERVICE_PROCUREMENT
1011HG2894715-154-1-1,MS1,INV-000130,SERVICE_PROCUREMENT
1011HG2894715-154-2-1,MS1,INV-000130,SERVICE_PROCUREMENT
1011HG2894715-155-1-1,MS1,INV-000131,SERVICE_PROCUREMENT
1011HG2894715-155-2-1,MS1,INV-000131,SERVICE_PROCUREMENT
1011HG2894715-166-1-1,MS1,INV-000132,SERVICE_PROCUREMENT
1011HG2894715-174-1-1,MS1,INV-000133,SERVICE_PROCUREMENT
1011HG2894715-175-1-1,MS1,INV-000134,SERVICE_PROCUREMENT
1011HG2894715-2-2-1,MS1,INV-000135,SERVICE_PROCUREMENT
1011HG2894715-2-1-1,MS1,INV-000135,SERVICE_PROCUREMENT
1011HG2894717-44-1-1,MS1,INV-000136,SERVICE_PROCUREMENT
1011HG2894717-44-2-1,MS1,INV-000136,SERVICE_PROCUREMENT
1011HG2894717-55-1-1,MS1,INV-000137,SERVICE_PROCUREMENT
1011HG2894718-74-2-1,MS1,INV-000138,SERVICE_PROCUREMENT
1011HG2894718-74-1-1,MS1,INV-000138,SERVICE_PROCUREMENT
1011HG2894718-78-1-1,MS1,INV-000139,SERVICE_PROCUREMENT
1011HG2894718-83-1-1,MS1,INV-000140,SERVICE_PROCUREMENT
1011HG2894717-36-2-1,MS1,INV-000141,SERVICE_PROCUREMENT
1011HG2894717-37-2-1,MS1,INV-000141,SERVICE_PROCUREMENT
1011HG2894717-37-1-1,MS1,INV-000141,SERVICE_PROCUREMENT
1011HG2894717-38-2-1,MS1,INV-000141,SERVICE_PROCUREMENT
1011HG2894717-38-1-1,MS1,INV-000141,SERVICE_PROCUREMENT
1011HG2894717-45-1-1,MS1,INV-000141,SERVICE_PROCUREMENT
1011HG2894717-54-1-1,MS1,INV-000141,SERVICE_PROCUREMENT
1011HG2894717-56-1-1,MS1,INV-000141,SERVICE_PROCUREMENT
1011HG2894718-8-1-1,MS1,INV-000141,SERVICE_PROCUREMENT
1011HG2894718-89-2-1,MS1,INV-000141,SERVICE_PROCUREMENT
1011HG2894718-89-1-1,MS1,INV-000141,SERVICE_PROCUREMENT
1011HG2894718-91-1-1,MS1,INV-000141,SERVICE_PROCUREMENT
1011HG2894717-8-4-1,MS1,INV-000142,SERVICE_PROCUREMENT
1011HG2894715-10-1-1,MS1,INV-000145,SERVICE_PROCUREMENT
1011HG2894715-103-1-1,MS1,INV-000145,SERVICE_PROCUREMENT
1011HG2894715-106-1-1,MS1,INV-000145,SERVICE_PROCUREMENT
1011HG2894715-11-1-1,MS1,INV-000145,SERVICE_PROCUREMENT
1011HG2894715-12-2-1,MS1,INV-000145,SERVICE_PROCUREMENT
1011HG2894715-12-1-1,MS1,INV-000145,SERVICE_PROCUREMENT
1011HG2894715-124-8-1,MS1,INV-000145,SERVICE_PROCUREMENT
1011HG2894715-127-1-1,MS1,INV-000145,SERVICE_PROCUREMENT
1011HG2894715-13-1-1,MS1,INV-000145,SERVICE_PROCUREMENT
1011HG2894715-13-2-1,MS1,INV-000145,SERVICE_PROCUREMENT
1011HG2894715-132-1-1,MS1,INV-000145,SERVICE_PROCUREMENT
1011HG2894715-132-2-1,MS1,INV-000145,SERVICE_PROCUREMENT
1011HG2894715-133-1-1,MS1,INV-000145,SERVICE_PROCUREMENT
1011HG2894715-135-1-1,MS1,INV-000145,SERVICE_PROCUREMENT
1011HG2894715-137-1-1,MS1,INV-000145,SERVICE_PROCUREMENT
1011HG2894715-138-1-1,MS1,INV-000145,SERVICE_PROCUREMENT
1011HG2894715-14-1-1,MS1,INV-000145,SERVICE_PROCUREMENT
1011HG2894715-14-2-1,MS1,INV-000145,SERVICE_PROCUREMENT
1011HG2894715-148-2-1,MS1,INV-000145,SERVICE_PROCUREMENT
1011HG2894715-15-2-1,MS1,INV-000145,SERVICE_PROCUREMENT
1011HG2894715-15-1-1,MS1,INV-000145,SERVICE_PROCUREMENT
1011HG2894715-156-1-1,MS1,INV-000145,SERVICE_PROCUREMENT
1011HG2894715-156-2-1,MS1,INV-000145,SERVICE_PROCUREMENT
1011HG2894715-157-2-1,MS1,INV-000145,SERVICE_PROCUREMENT
1011HG2894715-157-1-1,MS1,INV-000145,SERVICE_PROCUREMENT
1011HG2894715-158-2-1,MS1,INV-000145,SERVICE_PROCUREMENT
1011HG2894715-158-1-1,MS1,INV-000145,SERVICE_PROCUREMENT
1011HG2894715-16-1-1,MS1,INV-000145,SERVICE_PROCUREMENT
1011HG2894715-165-1-1,MS1,INV-000145,SERVICE_PROCUREMENT
1011HG2894715-167-2-1,MS1,INV-000145,SERVICE_PROCUREMENT
1011HG2894715-168-1-1,MS1,INV-000145,SERVICE_PROCUREMENT
1011HG2894715-17-1-1,MS1,INV-000145,SERVICE_PROCUREMENT
1011HG2894715-171-2-1,MS1,INV-000145,SERVICE_PROCUREMENT
1011HG2894715-171-1-1,MS1,INV-000145,SERVICE_PROCUREMENT
1011HG2894715-173-1-1,MS1,INV-000145,SERVICE_PROCUREMENT
1011HG2894715-179-1-1,MS1,INV-000145,SERVICE_PROCUREMENT
1011HG2894715-18-1-1,MS1,INV-000145,SERVICE_PROCUREMENT
1011HG2894715-180-1-1,MS1,INV-000145,SERVICE_PROCUREMENT
1011HG2894715-185-1-1,MS1,INV-000145,SERVICE_PROCUREMENT
1011HG2894715-189-1-1,MS1,INV-000145,SERVICE_PROCUREMENT
1011HG2894715-194-2-1,MS1,INV-000145,SERVICE_PROCUREMENT
1011HG2894715-195-2-1,MS1,INV-000145,SERVICE_PROCUREMENT
1011HG2894715-199-1-1,MS1,INV-000145,SERVICE_PROCUREMENT
1011HG2894715-204-1-1,MS1,INV-000145,SERVICE_PROCUREMENT
1011HG2894715-206-1-1,MS1,INV-000145,SERVICE_PROCUREMENT
1011HG2894715-208-2-1,MS1,INV-000145,SERVICE_PROCUREMENT
1011HG2894715-208-1-1,MS1,INV-000145,SERVICE_PROCUREMENT
1011HG2894715-230-1-1,MS1,INV-000145,SERVICE_PROCUREMENT
1011HG2894715-231-1-1,MS1,INV-000145,SERVICE_PROCUREMENT
1011HG2894715-232-1-1,MS1,INV-000145,SERVICE_PROCUREMENT
1011HG2894715-233-1-1,MS1,INV-000145,SERVICE_PROCUREMENT
1011HG2894715-234-1-1,MS1,INV-000145,SERVICE_PROCUREMENT
1011HG2894715-3-1-1,MS1,INV-000145,SERVICE_PROCUREMENT
1011HG2894715-4-1-1,MS1,INV-000145,SERVICE_PROCUREMENT
1011HG2894715-5-1-1,MS1,INV-000145,SERVICE_PROCUREMENT
1011HG2894715-50-1-1,MS1,INV-000145,SERVICE_PROCUREMENT
1011HG2894715-58-1-1,MS1,INV-000145,SERVICE_PROCUREMENT
1011HG2894715-59-1-1,MS1,INV-000145,SERVICE_PROCUREMENT
1011HG2894715-60-1-1,MS1,INV-000145,SERVICE_PROCUREMENT
1011HG2894715-62-1-1,MS1,INV-000145,SERVICE_PROCUREMENT
1011HG2894715-92-1-1,MS1,INV-000145,SERVICE_PROCUREMENT
1011HG2894717-36-1-1,MS1,INV-000145,SERVICE_PROCUREMENT
1011HG2894717-62-1-1,MS1,INV-000145,SERVICE_PROCUREMENT
1011HG2894717-74-1-1,MS1,INV-000145,SERVICE_PROCUREMENT
1011HG2894718-10-1-1,MS1,INV-000145,SERVICE_PROCUREMENT
1011HG2894718-4-1-1,MS1,INV-000145,SERVICE_PROCUREMENT
1011HG2894718-4-2-1,MS1,INV-000145,SERVICE_PROCUREMENT
1011HG2894718-5-1-1,MS1,INV-000145,SERVICE_PROCUREMENT
1011HG2894718-6-1-1,MS1,INV-000145,SERVICE_PROCUREMENT
1011HG2894718-7-1-1,MS1,INV-000145,SERVICE_PROCUREMENT
1011HG2894718-81-1-1,MS1,INV-000145,SERVICE_PROCUREMENT
1011HG2894718-82-1-1,MS1,INV-000145,SERVICE_PROCUREMENT
1011HG2894718-84-1-1,MS1,INV-000145,SERVICE_PROCUREMENT
1011HG2894718-85-1-1,MS1,INV-000145,SERVICE_PROCUREMENT
1011HG2894718-98-1-1,MS1,INV-000145,SERVICE_PROCUREMENT
1011HG2894715-134-1-1,MS1,INV-000146,SERVICE_PROCUREMENT
1011HG2894715-136-1-1,MS1,INV-000146,SERVICE_PROCUREMENT
1011HG2894715-147-1-1,MS1,INV-000146,SERVICE_PROCUREMENT
1011HG2894715-147-2-1,MS1,INV-000146,SERVICE_PROCUREMENT
1011HG2894715-182-2-1,MS1,INV-000146,SERVICE_PROCUREMENT
1011HG2894715-182-1-1,MS1,INV-000146,SERVICE_PROCUREMENT
1011HG2894715-183-2-1,MS1,INV-000146,SERVICE_PROCUREMENT
1011HG2894715-183-1-1,MS1,INV-000146,SERVICE_PROCUREMENT
1011HG2894715-184-1-1,MS1,INV-000146,SERVICE_PROCUREMENT
1011HG2894715-184-2-1,MS1,INV-000146,SERVICE_PROCUREMENT
1011HG2894715-185-2-1,MS1,INV-000146,SERVICE_PROCUREMENT
1011HG2894715-186-2-1,MS1,INV-000146,SERVICE_PROCUREMENT
1011HG2894715-187-2-1,MS1,INV-000146,SERVICE_PROCUREMENT
1011HG2894715-190-1-1,MS1,INV-000146,SERVICE_PROCUREMENT
1011HG2894715-192-1-1,MS1,INV-000146,SERVICE_PROCUREMENT
1011HG2894715-198-1-1,MS1,INV-000146,SERVICE_PROCUREMENT
1011HG2894715-198-2-1,MS1,INV-000146,SERVICE_PROCUREMENT
1011HG2894715-200-1-1,MS1,INV-000146,SERVICE_PROCUREMENT
1011HG2894715-200-2-1,MS1,INV-000146,SERVICE_PROCUREMENT
1011HG2894715-201-2-1,MS1,INV-000146,SERVICE_PROCUREMENT
1011HG2894715-201-1-1,MS1,INV-000146,SERVICE_PROCUREMENT
1011HG2894715-202-1-1,MS1,INV-000146,SERVICE_PROCUREMENT
1011HG2894715-202-2-1,MS1,INV-000146,SERVICE_PROCUREMENT
1011HG2894715-203-2-1,MS1,INV-000146,SERVICE_PROCUREMENT
1011HG2894715-203-1-1,MS1,INV-000146,SERVICE_PROCUREMENT
1011HG2894715-205-2-1,MS1,INV-000146,SERVICE_PROCUREMENT
1011HG2894715-205-1-1,MS1,INV-000146,SERVICE_PROCUREMENT
1011HG2894715-215-2-1,MS1,INV-000146,SERVICE_PROCUREMENT
1011HG2894715-215-1-1,MS1,INV-000146,SERVICE_PROCUREMENT
1011HG2894715-217-2-1,MS1,INV-000146,SERVICE_PROCUREMENT
1011HG2894715-217-1-1,MS1,INV-000146,SERVICE_PROCUREMENT
1011HG2894715-219-1-1,MS1,INV-000146,SERVICE_PROCUREMENT
1011HG2894715-219-2-1,MS1,INV-000146,SERVICE_PROCUREMENT
1011HG2894715-220-2-1,MS1,INV-000146,SERVICE_PROCUREMENT
1011HG2894715-220-1-1,MS1,INV-000146,SERVICE_PROCUREMENT
1011HG2894715-221-1-1,MS1,INV-000146,SERVICE_PROCUREMENT
1011HG2894715-221-2-1,MS1,INV-000146,SERVICE_PROCUREMENT
1011HG2894715-222-2-1,MS1,INV-000146,SERVICE_PROCUREMENT
1011HG2894715-222-1-1,MS1,INV-000146,SERVICE_PROCUREMENT
1011HG2894715-224-2-1,MS1,INV-000146,SERVICE_PROCUREMENT
1011HG2894715-224-1-1,MS1,INV-000146,SERVICE_PROCUREMENT
1011HG2894715-225-2-1,MS1,INV-000146,SERVICE_PROCUREMENT
1011HG2894715-225-1-1,MS1,INV-000146,SERVICE_PROCUREMENT
1011HG2894715-309-1-1,MS1,INV-000146,SERVICE_PROCUREMENT
1011HG2894715-311-1-1,MS1,INV-000146,SERVICE_PROCUREMENT
1011HG2894715-312-1-1,MS1,INV-000146,SERVICE_PROCUREMENT
1011HG2894715-313-1-1,MS1,INV-000146,SERVICE_PROCUREMENT
1011HG2894715-314-1-1,MS1,INV-000146,SERVICE_PROCUREMENT
1011HG2894715-315-1-1,MS1,INV-000146,SERVICE_PROCUREMENT
1011HG2894715-316-1-1,MS1,INV-000146,SERVICE_PROCUREMENT
1011HG2894715-317-1-1,MS1,INV-000146,SERVICE_PROCUREMENT
1011HG2894715-318-1-1,MS1,INV-000146,SERVICE_PROCUREMENT
1011HG2894715-319-1-1,MS1,INV-000146,SERVICE_PROCUREMENT
1011HG2894715-320-1-1,MS1,INV-000146,SERVICE_PROCUREMENT
1011HG2894715-321-1-1,MS1,INV-000146,SERVICE_PROCUREMENT
1011HG2894715-322-1-1,MS1,INV-000146,SERVICE_PROCUREMENT
1011HG2894715-323-1-1,MS1,INV-000146,SERVICE_PROCUREMENT
1011HG2894715-324-1-1,MS1,INV-000146,SERVICE_PROCUREMENT
1011HG2894715-325-1-1,MS1,INV-000146,SERVICE_PROCUREMENT
1011HG2894715-326-1-1,MS1,INV-000146,SERVICE_PROCUREMENT
1011HG2894715-327-1-1,MS1,INV-000146,SERVICE_PROCUREMENT
1011HG2894715-328-1-1,MS1,INV-000146,SERVICE_PROCUREMENT
1011HG2894717-105-1-1,MS1,INV-000146,SERVICE_PROCUREMENT
1011HG2894717-106-1-1,MS1,INV-000146,SERVICE_PROCUREMENT
1011HG2894717-32-1-1,MS1,INV-000146,SERVICE_PROCUREMENT
1011HG2894717-57-2-1,MS1,INV-000146,SERVICE_PROCUREMENT
1011HG2894717-57-1-1,MS1,INV-000146,SERVICE_PROCUREMENT
1011HG2894717-58-2-1,MS1,INV-000146,SERVICE_PROCUREMENT
1011HG2894717-58-1-1,MS1,INV-000146,SERVICE_PROCUREMENT
1011HG2894717-59-1-1,MS1,INV-000146,SERVICE_PROCUREMENT
1011HG2894717-59-2-1,MS1,INV-000146,SERVICE_PROCUREMENT
1011HG2894717-60-2-1,MS1,INV-000146,SERVICE_PROCUREMENT
1011HG2894717-60-1-1,MS1,INV-000146,SERVICE_PROCUREMENT
1011HG2894717-63-2-1,MS1,INV-000146,SERVICE_PROCUREMENT
1011HG2894717-65-1-1,MS1,INV-000146,SERVICE_PROCUREMENT
1011HG2894717-68-1-1,MS1,INV-000146,SERVICE_PROCUREMENT
1011HG2894717-69-1-1,MS1,INV-000146,SERVICE_PROCUREMENT
1011HG2894717-69-2-1,MS1,INV-000146,SERVICE_PROCUREMENT
1011HG2894717-72-1-1,MS1,INV-000146,SERVICE_PROCUREMENT
1011HG2894717-76-2-1,MS1,INV-000146,SERVICE_PROCUREMENT
1011HG2894717-76-1-1,MS1,INV-000146,SERVICE_PROCUREMENT
1011HG2894718-79-2-1,MS1,INV-000146,SERVICE_PROCUREMENT
1011HG2894718-79-1-1,MS1,INV-000146,SERVICE_PROCUREMENT
1011HG2894718-80-2-1,MS1,INV-000146,SERVICE_PROCUREMENT
1011HG2894718-80-1-1,MS1,INV-000146,SERVICE_PROCUREMENT
1011HG2894718-81-2-1,MS1,INV-000146,SERVICE_PROCUREMENT
1011HG2894718-82-2-1,MS1,INV-000146,SERVICE_PROCUREMENT
1011HG2894718-89-3-1,MS1,INV-000146,SERVICE_PROCUREMENT
1011HG2894715-227-1-1,MS1,INV-000147,SERVICE_PROCUREMENT
1011HG2894715-46-1-1,MS1,INV-000147,SERVICE_PROCUREMENT
1011HG2894715-56-1-1,MS1,INV-000147,SERVICE_PROCUREMENT
1011HG2894718-12-1-1,MS1,INV-000147,SERVICE_PROCUREMENT
1011HG2894718-14-1-1,MS1,INV-000147,SERVICE_PROCUREMENT
1011HG2894718-15-1-1,MS1,INV-000147,SERVICE_PROCUREMENT
1011HG2894718-16-1-1,MS1,INV-000147,SERVICE_PROCUREMENT
1011HG2894718-56-1-1,MS1,INV-000147,SERVICE_PROCUREMENT
1011HG2894718-58-1-1,MS1,INV-000147,SERVICE_PROCUREMENT
1011HG2894715-104-1-1,MS1,INV-000148,SERVICE_PROCUREMENT
1011HG2894715-170-1-1,MS1,INV-000148,SERVICE_PROCUREMENT
1011HG2894715-172-4-1,MS1,INV-000148,SERVICE_PROCUREMENT
1011HG2894715-172-1-1,MS1,INV-000148,SERVICE_PROCUREMENT
1011HG2894715-172-2-1,MS1,INV-000148,SERVICE_PROCUREMENT
1011HG2894715-172-3-1,MS1,INV-000148,SERVICE_PROCUREMENT
1011HG2894715-176-1-1,MS1,INV-000148,SERVICE_PROCUREMENT
1011HG2894715-177-1-1,MS1,INV-000148,SERVICE_PROCUREMENT
1011HG2894715-39-1-1,MS1,INV-000148,SERVICE_PROCUREMENT
1011HG2894715-42-1-1,MS1,INV-000148,SERVICE_PROCUREMENT
1011HG2894715-43-1-1,MS1,INV-000148,SERVICE_PROCUREMENT
1011HG2894715-44-1-1,MS1,INV-000148,SERVICE_PROCUREMENT
1011HG2894715-45-1-1,MS1,INV-000148,SERVICE_PROCUREMENT
1011HG2894715-47-1-1,MS1,INV-000148,SERVICE_PROCUREMENT
1011HG2894715-51-1-1,MS1,INV-000148,SERVICE_PROCUREMENT
1011HG2894715-52-1-1,MS1,INV-000148,SERVICE_PROCUREMENT
1011HG2894715-53-1-1,MS1,INV-000148,SERVICE_PROCUREMENT
1011HG2894715-54-1-1,MS1,INV-000148,SERVICE_PROCUREMENT
1011HG2894715-55-1-1,MS1,INV-000148,SERVICE_PROCUREMENT
1011HG2894715-57-1-1,MS1,INV-000148,SERVICE_PROCUREMENT
1011HG2894717-104-1-1,MS1,INV-000148,SERVICE_PROCUREMENT
1011HG2894717-30-1-1,MS1,INV-000148,SERVICE_PROCUREMENT
1011HG2894717-31-1-1,MS1,INV-000148,SERVICE_PROCUREMENT
1011HG2894717-46-1-1,MS1,INV-000148,SERVICE_PROCUREMENT
1011HG2894717-62-2-1,MS1,INV-000148,SERVICE_PROCUREMENT
1011HG2894717-64-1-1,MS1,INV-000148,SERVICE_PROCUREMENT
1011HG2894717-64-2-1,MS1,INV-000148,SERVICE_PROCUREMENT
1011HG2894717-65-2-1,MS1,INV-000148,SERVICE_PROCUREMENT
1011HG2894717-75-1-1,MS1,INV-000148,SERVICE_PROCUREMENT
1011HG2894717-78-1-1,MS1,INV-000148,SERVICE_PROCUREMENT
1011HG2894717-91-1-1,MS1,INV-000148,SERVICE_PROCUREMENT
1011HG2894717-92-2-1,MS1,INV-000148,SERVICE_PROCUREMENT
1011HG2894717-92-1-1,MS1,INV-000148,SERVICE_PROCUREMENT
1011HG2894718-60-1-1,MS1,INV-000148,SERVICE_PROCUREMENT
1011HG2894715-188-1-1,MS1,INV-000149,SERVICE_PROCUREMENT
1011HG2894715-209-4-1,MS1,INV-000149,SERVICE_PROCUREMENT
1011HG2894715-209-2-1,MS1,INV-000149,SERVICE_PROCUREMENT
1011HG2894715-209-3-1,MS1,INV-000149,SERVICE_PROCUREMENT
1011HG2894715-210-3-1,MS1,INV-000149,SERVICE_PROCUREMENT
1011HG2894715-210-1-1,MS1,INV-000149,SERVICE_PROCUREMENT
1011HG2894715-210-4-1,MS1,INV-000149,SERVICE_PROCUREMENT
1011HG2894715-211-3-1,MS1,INV-000149,SERVICE_PROCUREMENT
1011HG2894715-211-2-1,MS1,INV-000149,SERVICE_PROCUREMENT
1011HG2894715-211-4-1,MS1,INV-000149,SERVICE_PROCUREMENT
1011HG2894715-212-1-1,MS1,INV-000149,SERVICE_PROCUREMENT
1011HG2894715-213-1-1,MS1,INV-000149,SERVICE_PROCUREMENT
1011HG2894715-214-1-1,MS1,INV-000149,SERVICE_PROCUREMENT
1011HG2894715-229-2-1,MS1,INV-000149,SERVICE_PROCUREMENT
1011HG2894715-229-1-1,MS1,INV-000149,SERVICE_PROCUREMENT
1011HG2894715-297-1-1,MS1,INV-000149,SERVICE_PROCUREMENT
1011HG2894715-297-2-1,MS1,INV-000149,SERVICE_PROCUREMENT
1011HG2894715-299-4-1,MS1,INV-000149,SERVICE_PROCUREMENT
1011HG2894715-299-3-1,MS1,INV-000149,SERVICE_PROCUREMENT
1011HG2894715-299-1-1,MS1,INV-000149,SERVICE_PROCUREMENT
1011HG2894715-300-1-1,MS1,INV-000149,SERVICE_PROCUREMENT
1011HG2894715-301-1-1,MS1,INV-000149,SERVICE_PROCUREMENT
1011HG2894715-301-3-1,MS1,INV-000149,SERVICE_PROCUREMENT
1011HG2894715-302-3-1,MS1,INV-000149,SERVICE_PROCUREMENT
1011HG2894715-302-2-1,MS1,INV-000149,SERVICE_PROCUREMENT
1011HG2894715-304-1-1,MS1,INV-000149,SERVICE_PROCUREMENT
1011HG2894715-305-2-1,MS1,INV-000149,SERVICE_PROCUREMENT
1011HG2894715-305-1-1,MS1,INV-000149,SERVICE_PROCUREMENT
1011HG2894715-308-1-1,MS1,INV-000149,SERVICE_PROCUREMENT
1011HG2894715-308-3-1,MS1,INV-000149,SERVICE_PROCUREMENT
1011HG2894715-330-2-1,MS1,INV-000149,SERVICE_PROCUREMENT
1011HG2894715-330-3-1,MS1,INV-000149,SERVICE_PROCUREMENT
1011HG2894715-331-2-1,MS1,INV-000149,SERVICE_PROCUREMENT
1011HG2894715-331-3-1,MS1,INV-000149,SERVICE_PROCUREMENT
1011HG2894715-332-3-1,MS1,INV-000149,SERVICE_PROCUREMENT
1011HG2894715-332-1-1,MS1,INV-000149,SERVICE_PROCUREMENT
1011HG2894715-332-2-1,MS1,INV-000149,SERVICE_PROCUREMENT
1011HG2894715-348-4-1,MS1,INV-000149,SERVICE_PROCUREMENT
1011HG2894715-348-1-1,MS1,INV-000149,SERVICE_PROCUREMENT
1011HG2894715-348-3-1,MS1,INV-000149,SERVICE_PROCUREMENT
1011HG2894715-385-1-1,MS1,INV-000149,SERVICE_PROCUREMENT
1011HG2894715-390-2-1,MS1,INV-000149,SERVICE_PROCUREMENT
1011HG2894715-390-5-1,MS1,INV-000149,SERVICE_PROCUREMENT
1011HG2894715-390-1-1,MS1,INV-000149,SERVICE_PROCUREMENT
1011HG2894715-390-4-1,MS1,INV-000149,SERVICE_PROCUREMENT
1011HG2894715-391-2-1,MS1,INV-000149,SERVICE_PROCUREMENT
1011HG2894715-391-3-1,MS1,INV-000149,SERVICE_PROCUREMENT
1011HG2894715-392-4-1,MS1,INV-000149,SERVICE_PROCUREMENT
1011HG2894715-392-1-1,MS1,INV-000149,SERVICE_PROCUREMENT
1011HG2894715-392-5-1,MS1,INV-000149,SERVICE_PROCUREMENT
1011HG2894715-392-2-1,MS1,INV-000149,SERVICE_PROCUREMENT
1011HG2894715-392-3-1,MS1,INV-000149,SERVICE_PROCUREMENT
1011HG2894715-400-1-1,MS1,INV-000149,SERVICE_PROCUREMENT
1011HG2894715-401-1-1,MS1,INV-000149,SERVICE_PROCUREMENT
1011HG2894715-402-1-1,MS1,INV-000149,SERVICE_PROCUREMENT
1011HG2894717-103-1-1,MS1,INV-000149,SERVICE_PROCUREMENT
1011HG2894717-103-3-1,MS1,INV-000149,SERVICE_PROCUREMENT
1011HG2894717-108-1-1,MS1,INV-000149,SERVICE_PROCUREMENT
1011HG2894717-93-1-1,MS1,INV-000149,SERVICE_PROCUREMENT
1011HG2894717-94-3-1,MS1,INV-000149,SERVICE_PROCUREMENT
1011HG2894717-94-2-1,MS1,INV-000149,SERVICE_PROCUREMENT
1011HG2894717-94-1-1,MS1,INV-000149,SERVICE_PROCUREMENT
1011HG2894717-95-1-1,MS1,INV-000149,SERVICE_PROCUREMENT
1011HG2894717-97-1-1,MS1,INV-000149,SERVICE_PROCUREMENT
1011HG2894718-100-1-1,MS1,INV-000149,SERVICE_PROCUREMENT
1011HG2894718-120-1-1,MS1,INV-000149,SERVICE_PROCUREMENT
1011HG2894718-122-1-1,MS1,INV-000149,SERVICE_PROCUREMENT
1011HG2894718-123-1-1,MS1,INV-000149,SERVICE_PROCUREMENT
1011HG2894718-131-1-1,MS1,INV-000149,SERVICE_PROCUREMENT
1011HG2894718-134-1-1,MS1,INV-000149,SERVICE_PROCUREMENT
1011HG2894718-135-1-1,MS1,INV-000149,SERVICE_PROCUREMENT
1011HG2894718-77-1-1,MS1,INV-000149,SERVICE_PROCUREMENT
1011HG2894715-199-2-1,MS1,INV-000150,SERVICE_PROCUREMENT
1011HG2894715-207-1-1,MS1,INV-000150,SERVICE_PROCUREMENT
1011HG2894715-333-3-1,MS1,INV-000150,SERVICE_PROCUREMENT
1011HG2894715-333-1-1,MS1,INV-000150,SERVICE_PROCUREMENT
1011HG2894715-334-3-1,MS1,INV-000150,SERVICE_PROCUREMENT
1011HG2894715-334-1-1,MS1,INV-000150,SERVICE_PROCUREMENT
1011HG2894715-335-3-1,MS1,INV-000150,SERVICE_PROCUREMENT
1011HG2894715-335-2-1,MS1,INV-000150,SERVICE_PROCUREMENT
1011HG2894715-336-1-1,MS1,INV-000150,SERVICE_PROCUREMENT
1011HG2894715-336-2-1,MS1,INV-000150,SERVICE_PROCUREMENT
1011HG2894715-337-1-1,MS1,INV-000150,SERVICE_PROCUREMENT
1011HG2894715-338-1-1,MS1,INV-000150,SERVICE_PROCUREMENT
1011HG2894715-339-1-1,MS1,INV-000150,SERVICE_PROCUREMENT
1011HG2894715-340-1-1,MS1,INV-000150,SERVICE_PROCUREMENT
1011HG2894715-399-2-1,MS1,INV-000150,SERVICE_PROCUREMENT
1011HG2894715-399-1-1,MS1,INV-000150,SERVICE_PROCUREMENT
1011HG2894715-442-1-1,MS1,INV-000150,SERVICE_PROCUREMENT
1011HG2894715-443-1-1,MS1,INV-000150,SERVICE_PROCUREMENT
1011HG2894715-444-1-1,MS1,INV-000150,SERVICE_PROCUREMENT
1011HG2894717-110-4-1,MS1,INV-000150,SERVICE_PROCUREMENT
1011HG2894717-110-3-1,MS1,INV-000150,SERVICE_PROCUREMENT
1011HG2894717-110-1-1,MS1,INV-000150,SERVICE_PROCUREMENT
1011HG2894717-113-4-1,MS1,INV-000150,SERVICE_PROCUREMENT
1011HG2894717-113-1-1,MS1,INV-000150,SERVICE_PROCUREMENT
1011HG2894717-113-2-1,MS1,INV-000150,SERVICE_PROCUREMENT
1011HG2894717-188-1-1,MS1,INV-000150,SERVICE_PROCUREMENT
1011HG2894717-200-1-1,MS1,INV-000150,SERVICE_PROCUREMENT
1011HG2894717-200-2-1,MS1,INV-000150,SERVICE_PROCUREMENT
1011HG2894718-96-2-1,MS1,INV-000150,SERVICE_PROCUREMENT
1011HG2894718-96-1-1,MS1,INV-000150,SERVICE_PROCUREMENT
1011HG2894715-341-3-1,MS1,INV-000151,SERVICE_PROCUREMENT
1011HG2894715-341-1-1,MS1,INV-000151,SERVICE_PROCUREMENT
1011HG2894715-342-1-1,MS1,INV-000151,SERVICE_PROCUREMENT
1011HG2894715-342-3-1,MS1,INV-000151,SERVICE_PROCUREMENT
1011HG2894715-396-4-1,MS1,INV-000151,SERVICE_PROCUREMENT
1011HG2894715-396-1-1,MS1,INV-000151,SERVICE_PROCUREMENT
1011HG2894715-396-3-1,MS1,INV-000151,SERVICE_PROCUREMENT
1011HG2894715-406-1-1,MS1,INV-000151,SERVICE_PROCUREMENT
1011HG2894715-406-4-1,MS1,INV-000151,SERVICE_PROCUREMENT
1011HG2894715-406-3-1,MS1,INV-000151,SERVICE_PROCUREMENT
1011HG2894715-426-1-1,MS1,INV-000151,SERVICE_PROCUREMENT
1011HG2894715-426-3-1,MS1,INV-000151,SERVICE_PROCUREMENT
1011HG2894715-427-3-1,MS1,INV-000151,SERVICE_PROCUREMENT
1011HG2894715-427-4-1,MS1,INV-000151,SERVICE_PROCUREMENT
1011HG2894715-427-5-1,MS1,INV-000151,SERVICE_PROCUREMENT
1011HG2894715-428-2-1,MS1,INV-000151,SERVICE_PROCUREMENT
1011HG2894715-428-1-1,MS1,INV-000151,SERVICE_PROCUREMENT
1011HG2894715-440-1-1,MS1,INV-000151,SERVICE_PROCUREMENT
1011HG2894715-446-1-1,MS1,INV-000151,SERVICE_PROCUREMENT
1011HG2894715-449-1-1,MS1,INV-000151,SERVICE_PROCUREMENT
1011HG2894717-111-2-1,MS1,INV-000151,SERVICE_PROCUREMENT
1011HG2894717-111-1-1,MS1,INV-000151,SERVICE_PROCUREMENT
1011HG2894717-199-1-1,MS1,INV-000151,SERVICE_PROCUREMENT
1011HG2894717-199-3-1,MS1,INV-000151,SERVICE_PROCUREMENT
1011HG2894717-206-1-1,MS1,INV-000151,SERVICE_PROCUREMENT
1011HG2894718-126-2-1,MS1,INV-000151,SERVICE_PROCUREMENT
1011HG2894718-126-3-1,MS1,INV-000151,SERVICE_PROCUREMENT
1011HG2894718-132-2-1,MS1,INV-000151,SERVICE_PROCUREMENT
1011HG2894718-132-1-1,MS1,INV-000151,SERVICE_PROCUREMENT
1011HG2894718-132-4-1,MS1,INV-000151,SERVICE_PROCUREMENT
1011HG2894718-158-1-1,MS1,INV-000151,SERVICE_PROCUREMENT
1011HG2894718-159-1-1,MS1,INV-000151,SERVICE_PROCUREMENT
1011HG2894715-110-1-1,MS1,INV-000154,SERVICE_PROCUREMENT
1011HG2894715-120-1-1,MS1,INV-000154,SERVICE_PROCUREMENT
1011HG2894715-195-1-1,MS1,INV-000154,SERVICE_PROCUREMENT
1011HG2894715-330-1-1,MS1,INV-000154,SERVICE_PROCUREMENT
1011HG2894715-394-3-1,MS1,INV-000154,SERVICE_PROCUREMENT
1011HG2894715-394-1-1,MS1,INV-000154,SERVICE_PROCUREMENT
1011HG2894715-394-2-1,MS1,INV-000154,SERVICE_PROCUREMENT
1011HG2894715-395-1-1,MS1,INV-000154,SERVICE_PROCUREMENT
1011HG2894715-395-2-1,MS1,INV-000154,SERVICE_PROCUREMENT
1011HG2894715-395-3-1,MS1,INV-000154,SERVICE_PROCUREMENT
1011HG2894715-423-1-1,MS1,INV-000154,SERVICE_PROCUREMENT
1011HG2894715-424-2-1,MS1,INV-000154,SERVICE_PROCUREMENT
1011HG2894715-424-1-1,MS1,INV-000154,SERVICE_PROCUREMENT
1011HG2894715-429-1-1,MS1,INV-000154,SERVICE_PROCUREMENT
1011HG2894715-430-1-1,MS1,INV-000154,SERVICE_PROCUREMENT
1011HG2894715-441-1-1,MS1,INV-000154,SERVICE_PROCUREMENT
1011HG2894715-445-1-1,MS1,INV-000154,SERVICE_PROCUREMENT
1011HG2894715-447-1-1,MS1,INV-000154,SERVICE_PROCUREMENT
1011HG2894715-448-1-1,MS1,INV-000154,SERVICE_PROCUREMENT
1011HG2894715-451-1-1,MS1,INV-000154,SERVICE_PROCUREMENT
1011HG2894715-452-1-1,MS1,INV-000154,SERVICE_PROCUREMENT
1011HG2894715-453-1-1,MS1,INV-000154,SERVICE_PROCUREMENT
1011HG2894715-454-1-1,MS1,INV-000154,SERVICE_PROCUREMENT
1011HG2894715-61-1-1,MS1,INV-000154,SERVICE_PROCUREMENT
1011HG2894715-76-1-1,MS1,INV-000154,SERVICE_PROCUREMENT
1011HG2894715-85-1-1,MS1,INV-000154,SERVICE_PROCUREMENT
1011HG2894715-86-1-1,MS1,INV-000154,SERVICE_PROCUREMENT
1011HG2894715-87-1-1,MS1,INV-000154,SERVICE_PROCUREMENT
1011HG2894717-110-5-1,MS1,INV-000154,SERVICE_PROCUREMENT
1011HG2894717-112-1-1,MS1,INV-000154,SERVICE_PROCUREMENT
1011HG2894717-114-1-1,MS1,INV-000154,SERVICE_PROCUREMENT
1011HG2894717-114-3-1,MS1,INV-000154,SERVICE_PROCUREMENT
1011HG2894717-114-4-1,MS1,INV-000154,SERVICE_PROCUREMENT
1011HG2894717-123-1-1,MS1,INV-000154,SERVICE_PROCUREMENT
1011HG2894717-129-1-1,MS1,INV-000154,SERVICE_PROCUREMENT
1011HG2894717-134-1-1,MS1,INV-000154,SERVICE_PROCUREMENT
1011HG2894717-142-2-1,MS1,INV-000154,SERVICE_PROCUREMENT
1011HG2894717-148-2-1,MS1,INV-000154,SERVICE_PROCUREMENT
1011HG2894717-166-1-1,MS1,INV-000154,SERVICE_PROCUREMENT
1011HG2894717-167-1-1,MS1,INV-000154,SERVICE_PROCUREMENT
1011HG2894717-169-1-1,MS1,INV-000154,SERVICE_PROCUREMENT
1011HG2894717-205-1-1,MS1,INV-000154,SERVICE_PROCUREMENT
1011HG2894717-207-2-1,MS1,INV-000154,SERVICE_PROCUREMENT
1011HG2894717-207-1-1,MS1,INV-000154,SERVICE_PROCUREMENT
1011HG2894717-207-3-1,MS1,INV-000154,SERVICE_PROCUREMENT
1011HG2894718-19-1-1,MS1,INV-000154,SERVICE_PROCUREMENT
1011HG2894718-20-1-1,MS1,INV-000154,SERVICE_PROCUREMENT
1011HG2894718-21-1-1,MS1,INV-000154,SERVICE_PROCUREMENT
1011HG2894715-1-1-1,MS1,INV-000155,SERVICE_PROCUREMENT
1011HG2894715-1-2-1,MS1,INV-000155,SERVICE_PROCUREMENT
1011HG2894715-123-1-1,MS1,INV-000155,SERVICE_PROCUREMENT
1011HG2894715-124-6-1,MS1,INV-000155,SERVICE_PROCUREMENT
1011HG2894715-124-5-1,MS1,INV-000155,SERVICE_PROCUREMENT
1011HG2894715-124-7-1,MS1,INV-000155,SERVICE_PROCUREMENT
1011HG2894715-126-1-1,MS1,INV-000155,SERVICE_PROCUREMENT
1011HG2894715-129-1-1,MS1,INV-000155,SERVICE_PROCUREMENT
1011HG2894715-140-1-1,MS1,INV-000155,SERVICE_PROCUREMENT
1011HG2894715-140-2-1,MS1,INV-000155,SERVICE_PROCUREMENT
1011HG2894715-197-2-1,MS1,INV-000155,SERVICE_PROCUREMENT
1011HG2894715-197-1-1,MS1,INV-000155,SERVICE_PROCUREMENT
1011HG2894715-310-1-1,MS1,INV-000155,SERVICE_PROCUREMENT
1011HG2894715-38-1-1,MS1,INV-000155,SERVICE_PROCUREMENT
1011HG2894715-423-2-1,MS1,INV-000155,SERVICE_PROCUREMENT
1011HG2894715-425-1-1,MS1,INV-000155,SERVICE_PROCUREMENT
1011HG2894715-425-2-1,MS1,INV-000155,SERVICE_PROCUREMENT
1011HG2894715-64-1-1,MS1,INV-000155,SERVICE_PROCUREMENT
1011HG2894715-68-1-1,MS1,INV-000155,SERVICE_PROCUREMENT
1011HG2894715-69-1-1,MS1,INV-000155,SERVICE_PROCUREMENT
1011HG2894715-7-1-1,MS1,INV-000155,SERVICE_PROCUREMENT
1011HG2894715-72-1-1,MS1,INV-000155,SERVICE_PROCUREMENT
1011HG2894715-73-1-1,MS1,INV-000155,SERVICE_PROCUREMENT
1011HG2894715-77-1-1,MS1,INV-000155,SERVICE_PROCUREMENT
1011HG2894715-79-1-1,MS1,INV-000155,SERVICE_PROCUREMENT
1011HG2894715-80-1-1,MS1,INV-000155,SERVICE_PROCUREMENT
1011HG2894715-81-1-1,MS1,INV-000155,SERVICE_PROCUREMENT
1011HG2894715-84-1-1,MS1,INV-000155,SERVICE_PROCUREMENT
1011HG2894715-88-1-1,MS1,INV-000155,SERVICE_PROCUREMENT
1011HG2894717-149-1-1,MS1,INV-000155,SERVICE_PROCUREMENT
1011HG2894717-149-2-1,MS1,INV-000155,SERVICE_PROCUREMENT
1011HG2894717-156-1-1,MS1,INV-000155,SERVICE_PROCUREMENT
1011HG2894717-156-2-1,MS1,INV-000155,SERVICE_PROCUREMENT
1011HG2894717-159-2-1,MS1,INV-000155,SERVICE_PROCUREMENT
1011HG2894717-159-1-1,MS1,INV-000155,SERVICE_PROCUREMENT
1011HG2894717-163-2-1,MS1,INV-000155,SERVICE_PROCUREMENT
1011HG2894717-163-1-1,MS1,INV-000155,SERVICE_PROCUREMENT
1011HG2894717-168-1-1,MS1,INV-000155,SERVICE_PROCUREMENT
1011HG2894717-171-2-1,MS1,INV-000155,SERVICE_PROCUREMENT
1011HG2894717-171-1-1,MS1,INV-000155,SERVICE_PROCUREMENT
1011HG2894717-172-2-1,MS1,INV-000155,SERVICE_PROCUREMENT
1011HG2894717-172-1-1,MS1,INV-000155,SERVICE_PROCUREMENT
1011HG2894717-175-2-1,MS1,INV-000155,SERVICE_PROCUREMENT
1011HG2894717-175-1-1,MS1,INV-000155,SERVICE_PROCUREMENT
1011HG2894717-176-1-1,MS1,INV-000155,SERVICE_PROCUREMENT
1011HG2894717-176-2-1,MS1,INV-000155,SERVICE_PROCUREMENT
1011HG2894717-181-1-1,MS1,INV-000155,SERVICE_PROCUREMENT
1011HG2894717-181-2-1,MS1,INV-000155,SERVICE_PROCUREMENT
1011HG2894717-201-1-1,MS1,INV-000155,SERVICE_PROCUREMENT
1011HG2894717-204-1-1,MS1,INV-000155,SERVICE_PROCUREMENT
1011HG2894717-204-2-1,MS1,INV-000155,SERVICE_PROCUREMENT
1011HG2894717-28-1-1,MS1,INV-000155,SERVICE_PROCUREMENT
1011HG2894717-29-1-1,MS1,INV-000155,SERVICE_PROCUREMENT
1011HG2894717-4-1-1,MS1,INV-000155,SERVICE_PROCUREMENT
1011HG2894717-4-2-1,MS1,INV-000155,SERVICE_PROCUREMENT
1011HG2894717-61-2-1,MS1,INV-000155,SERVICE_PROCUREMENT
1011HG2894717-61-1-1,MS1,INV-000155,SERVICE_PROCUREMENT
1011HG2894717-67-2-1,MS1,INV-000155,SERVICE_PROCUREMENT
1011HG2894717-67-1-1,MS1,INV-000155,SERVICE_PROCUREMENT
1011HG2894717-77-1-1,MS1,INV-000155,SERVICE_PROCUREMENT
1011HG2894717-77-2-1,MS1,INV-000155,SERVICE_PROCUREMENT
1011HG2894717-96-2-1,MS1,INV-000155,SERVICE_PROCUREMENT
1011HG2894717-96-1-1,MS1,INV-000155,SERVICE_PROCUREMENT
1011HG2894717-96-3-1,MS1,INV-000155,SERVICE_PROCUREMENT
1011HG2894718-101-1-1,MS1,INV-000155,SERVICE_PROCUREMENT
1011HG2894718-13-1-1,MS1,INV-000155,SERVICE_PROCUREMENT
1011HG2894718-154-1-1,MS1,INV-000155,SERVICE_PROCUREMENT
1011HG2894718-18-1-1,MS1,INV-000155,SERVICE_PROCUREMENT
1011HG2894718-25-1-1,MS1,INV-000155,SERVICE_PROCUREMENT
1011HG2894718-26-1-1,MS1,INV-000155,SERVICE_PROCUREMENT
1011HG2894718-27-1-1,MS1,INV-000155,SERVICE_PROCUREMENT
1011HG2894718-28-1-1,MS1,INV-000155,SERVICE_PROCUREMENT
1011HG2894718-29-1-1,MS1,INV-000155,SERVICE_PROCUREMENT
1011HG2894718-99-2-1,MS1,INV-000155,SERVICE_PROCUREMENT
1011HG2894715-71-1-1,MS1,INV-000156,SERVICE_PROCUREMENT
1011HG2894717-130-1-1,MS1,INV-000156,SERVICE_PROCUREMENT
1011HG2894718-90-1-1,MS1,INV-000156,SERVICE_PROCUREMENT
1011HG2894715-187-1-1,MS1,INV-000156,SERVICE_PROCUREMENT
1011HG2894717-131-1-1,MS1,INV-000156,SERVICE_PROCUREMENT
1011HG2894717-164-1-1,MS1,INV-000156,SERVICE_PROCUREMENT
1011HG2894717-154-1-1,MS1,INV-000156,SERVICE_PROCUREMENT
1011HG2894717-132-1-1,MS1,INV-000156,SERVICE_PROCUREMENT
1011HG2894717-154-2-1,MS1,INV-000156,SERVICE_PROCUREMENT
1011HG2894715-121-1-1,MS1,INV-000156,SERVICE_PROCUREMENT
1011HG2894715-70-1-1,MS1,INV-000156,SERVICE_PROCUREMENT
1011HG2894717-133-1-1,MS1,INV-000156,SERVICE_PROCUREMENT
1011HG2894717-71-1-1,MS1,INV-000156,SERVICE_PROCUREMENT
1011HG2894715-82-1-1,MS1,INV-000156,SERVICE_PROCUREMENT
1011HG2894715-186-1-1,MS1,INV-000156,SERVICE_PROCUREMENT
1011HG2894715-298-1-1,MS1,INV-000156,SERVICE_PROCUREMENT
1011HG2894718-90-2-1,MS1,INV-000156,SERVICE_PROCUREMENT
1011HG2894718-124-1-1,MS1,INV-000157,SERVICE_PROCUREMENT
1011HG2894715-353-2-1,MS1,INV-000157,SERVICE_PROCUREMENT
1011HG2894715-345-1-1,MS1,INV-000157,SERVICE_PROCUREMENT
1011HG2894715-352-2-1,MS1,INV-000157,SERVICE_PROCUREMENT
1011HG2894715-462-1-1,MS1,INV-000157,SERVICE_PROCUREMENT
1011HG2894718-138-1-1,MS1,INV-000157,SERVICE_PROCUREMENT
1011HG2894718-133-1-1,MS1,INV-000157,SERVICE_PROCUREMENT
1011HG2894715-461-1-1,MS1,INV-000157,SERVICE_PROCUREMENT
1011HG2894718-94-1-1,MS1,INV-000157,SERVICE_PROCUREMENT
1011HG2894718-93-1-1,MS1,INV-000157,SERVICE_PROCUREMENT
1011HG2894717-191-3-1,MS1,INV-000157,SERVICE_PROCUREMENT
1011HG2894715-397-2-1,MS1,INV-000157,SERVICE_PROCUREMENT
1011HG2894718-125-2-1,MS1,INV-000157,SERVICE_PROCUREMENT
1011HG2894717-102-1-1,MS1,INV-000157,SERVICE_PROCUREMENT
1011HG2894718-129-1-1,MS1,INV-000157,SERVICE_PROCUREMENT
1011HG2894718-125-1-1,MS1,INV-000157,SERVICE_PROCUREMENT
1011HG2894718-136-1-1,MS1,INV-000157,SERVICE_PROCUREMENT
1011HG2894718-137-1-1,MS1,INV-000157,SERVICE_PROCUREMENT
1011HG2894717-125-1-1,MS1,INV-000157,SERVICE_PROCUREMENT
1011HG2894715-431-1-1,MS1,INV-000157,SERVICE_PROCUREMENT
1011HG2894717-186-3-1,MS1,INV-000157,SERVICE_PROCUREMENT
1011HG2894717-186-2-1,MS1,INV-000157,SERVICE_PROCUREMENT
1011HG2894717-185-1-1,MS1,INV-000157,SERVICE_PROCUREMENT
1011HG2894715-397-3-1,MS1,INV-000157,SERVICE_PROCUREMENT
1011HG2894715-421-1-1,MS1,INV-000157,SERVICE_PROCUREMENT
1011HG2894715-397-1-1,MS1,INV-000157,SERVICE_PROCUREMENT
1011HG2894718-129-2-1,MS1,INV-000157,SERVICE_PROCUREMENT
1011HG2894717-102-2-1,MS1,INV-000157,SERVICE_PROCUREMENT
1011HG2894715-350-1-1,MS1,INV-000157,SERVICE_PROCUREMENT
1011HG2894715-347-1-1,MS1,INV-000157,SERVICE_PROCUREMENT
1011HG2894715-352-1-1,MS1,INV-000157,SERVICE_PROCUREMENT
1011HG2894715-210-2-1,MS1,INV-000157,SERVICE_PROCUREMENT
1011HG2894717-73-1-1,MS1,INV-000157,SERVICE_PROCUREMENT
1011HG2894718-95-1-1,MS1,INV-000157,SERVICE_PROCUREMENT
1011HG2894717-195-1-1,MS1,INV-000157,SERVICE_PROCUREMENT
1011HG2894717-202-1-1,MS1,INV-000157,SERVICE_PROCUREMENT
1011HG2894717-185-2-1,MS1,INV-000157,SERVICE_PROCUREMENT
1011HG2894717-193-1-1,MS1,INV-000157,SERVICE_PROCUREMENT
1011HG2894717-187-2-1,MS1,INV-000157,SERVICE_PROCUREMENT
1011HG2894715-397-4-1,MS1,INV-000157,SERVICE_PROCUREMENT
1011HG2894717-101-1-1,MS1,INV-000157,SERVICE_PROCUREMENT
1011HG2894718-127-1-1,MS1,INV-000157,SERVICE_PROCUREMENT
1011HG2894715-349-2-1,MS1,INV-000157,SERVICE_PROCUREMENT
1011HG2894715-353-1-1,MS1,INV-000157,SERVICE_PROCUREMENT
1011HG2894715-349-1-1,MS1,INV-000157,SERVICE_PROCUREMENT
1011HG2894715-344-1-1,MS1,INV-000157,SERVICE_PROCUREMENT
1011HG2894715-343-1-1,MS1,INV-000157,SERVICE_PROCUREMENT
1011HG2894715-350-2-1,MS1,INV-000157,SERVICE_PROCUREMENT
1011HG2894718-92-1-1,MS1,INV-000157,SERVICE_PROCUREMENT
1011HG2894717-191-1-1,MS1,INV-000157,SERVICE_PROCUREMENT
1011HG2894717-187-3-1,MS1,INV-000157,SERVICE_PROCUREMENT
1011HG2894715-301-2-1,MS1,INV-000158,SERVICE_PROCUREMENT
1011HG2894715-302-1-1,MS1,INV-000158,SERVICE_PROCUREMENT
1011HG2894715-305-3-1,MS1,INV-000158,SERVICE_PROCUREMENT
1011HG2894715-308-2-1,MS1,INV-000158,SERVICE_PROCUREMENT
1011HG2894715-341-2-1,MS1,INV-000158,SERVICE_PROCUREMENT
1011HG2894715-342-2-1,MS1,INV-000158,SERVICE_PROCUREMENT
1011HG2894715-348-5-1,MS1,INV-000158,SERVICE_PROCUREMENT
1011HG2894715-348-2-1,MS1,INV-000158,SERVICE_PROCUREMENT
1011HG2894715-391-1-1,MS1,INV-000158,SERVICE_PROCUREMENT
1011HG2894715-395-5-1,MS1,INV-000158,SERVICE_PROCUREMENT
1011HG2894715-395-4-1,MS1,INV-000158,SERVICE_PROCUREMENT
1011HG2894715-396-2-1,MS1,INV-000158,SERVICE_PROCUREMENT
1011HG2894715-406-2-1,MS1,INV-000158,SERVICE_PROCUREMENT
1011HG2894715-406-5-1,MS1,INV-000158,SERVICE_PROCUREMENT
1011HG2894715-426-2-1,MS1,INV-000158,SERVICE_PROCUREMENT
1011HG2894715-427-2-1,MS1,INV-000158,SERVICE_PROCUREMENT
1011HG2894715-427-1-1,MS1,INV-000158,SERVICE_PROCUREMENT
1011HG2894715-428-3-1,MS1,INV-000158,SERVICE_PROCUREMENT
1011HG2894715-463-1-1,MS1,INV-000158,SERVICE_PROCUREMENT
1011HG2894715-464-1-1,MS1,INV-000158,SERVICE_PROCUREMENT
1011HG2894715-465-1-1,MS1,INV-000158,SERVICE_PROCUREMENT
1011HG2894715-466-1-1,MS1,INV-000158,SERVICE_PROCUREMENT
1011HG2894715-467-1-1,MS1,INV-000158,SERVICE_PROCUREMENT
1011HG2894715-468-1-1,MS1,INV-000158,SERVICE_PROCUREMENT
1011HG2894715-469-1-1,MS1,INV-000158,SERVICE_PROCUREMENT
1011HG2894715-470-1-1,MS1,INV-000158,SERVICE_PROCUREMENT
1011HG2894715-471-1-1,MS1,INV-000158,SERVICE_PROCUREMENT
1011HG2894715-482-1-1,MS1,INV-000158,SERVICE_PROCUREMENT
1011HG2894717-103-2-1,MS1,INV-000158,SERVICE_PROCUREMENT
1011HG2894717-107-2-1,MS1,INV-000158,SERVICE_PROCUREMENT
1011HG2894717-107-1-1,MS1,INV-000158,SERVICE_PROCUREMENT
1011HG2894717-109-1-1,MS1,INV-000158,SERVICE_PROCUREMENT
1011HG2894717-111-3-1,MS1,INV-000158,SERVICE_PROCUREMENT
1011HG2894717-199-2-1,MS1,INV-000158,SERVICE_PROCUREMENT
1011HG2894717-200-3-1,MS1,INV-000158,SERVICE_PROCUREMENT
1011HG2894717-216-1-1,MS1,INV-000158,SERVICE_PROCUREMENT
1011HG2894717-224-1-1,MS1,INV-000158,SERVICE_PROCUREMENT
1011HG2894718-126-1-1,MS1,INV-000158,SERVICE_PROCUREMENT
1011HG2894718-132-3-1,MS1,INV-000158,SERVICE_PROCUREMENT
1011HG2894718-132-5-1,MS1,INV-000158,SERVICE_PROCUREMENT
1011HG2894718-88-1-1,MS1,INV-000160,SERVICE_PROCUREMENT
1011HG2894715-169-5-1,MS1,INV-000160,SERVICE_PROCUREMENT
1011HG2894715-169-2-1,MS1,INV-000160,SERVICE_PROCUREMENT
1011HG2894717-203-1-1,MS1,INV-000160,SERVICE_PROCUREMENT
1011HG3068809-27-1-1,MS1,INV-000160,SERVICE_PROCUREMENT
1011HG2894715-334-2-1,MS1,INV-000160,SERVICE_PROCUREMENT
1011HG2894715-335-1-1,MS1,INV-000160,SERVICE_PROCUREMENT
1011HG2894717-145-4-1,MS1,INV-000160,SERVICE_PROCUREMENT
1011HG2894717-145-2-1,MS1,INV-000160,SERVICE_PROCUREMENT
1011HG2894718-155-3-1,MS1,INV-000160,SERVICE_PROCUREMENT
1011HG3068809-77-1-1,MS1,INV-000160,SERVICE_PROCUREMENT
1011HG3068809-10-1-1,MS1,INV-000160,SERVICE_PROCUREMENT
1011HG2894717-114-2-1,MS1,INV-000160,SERVICE_PROCUREMENT
1011HG2894718-184-3-1,MS1,INV-000160,SERVICE_PROCUREMENT
1011HG3068809-74-1-1,MS1,INV-000160,SERVICE_PROCUREMENT
1011HG2894718-155-2-1,MS1,INV-000160,SERVICE_PROCUREMENT
1011HG3068809-28-1-1,MS1,INV-000160,SERVICE_PROCUREMENT
1011HG3068809-78-1-1,MS1,INV-000160,SERVICE_PROCUREMENT
1011HG3068809-75-1-1,MS1,INV-000160,SERVICE_PROCUREMENT
1011HG2894715-336-3-1,MS1,INV-000160,SERVICE_PROCUREMENT
1011HG2894715-333-2-1,MS1,INV-000160,SERVICE_PROCUREMENT
1011HG2894715-169-3-1,MS1,INV-000160,SERVICE_PROCUREMENT
1011HG2894715-169-4-1,MS1,INV-000160,SERVICE_PROCUREMENT
1011HG2894717-145-5-1,MS1,INV-000160,SERVICE_PROCUREMENT
1011HG2894717-145-1-1,MS1,INV-000160,SERVICE_PROCUREMENT
1011HG3068809-11-2-1,MS1,INV-000160,SERVICE_PROCUREMENT
1011HG3068809-11-1-1,MS1,INV-000160,SERVICE_PROCUREMENT
1011HG3068809-10-2-1,MS1,INV-000160,SERVICE_PROCUREMENT
1011HG2894715-479-1-1,MS1,INV-000161,SERVICE_PROCUREMENT
1011HG2894717-185-3-1,MS1,INV-000161,SERVICE_PROCUREMENT
1011HG2894717-186-1-1,MS1,INV-000161,SERVICE_PROCUREMENT
1011HG2894717-187-1-1,MS1,INV-000161,SERVICE_PROCUREMENT
1011HG2894717-226-2-1,MS1,INV-000161,SERVICE_PROCUREMENT
1011HG2894717-226-3-1,MS1,INV-000161,SERVICE_PROCUREMENT
1011HG2894717-226-1-1,MS1,INV-000161,SERVICE_PROCUREMENT
1011HG2894718-148-2-1,MS1,INV-000161,SERVICE_PROCUREMENT
1011HG2894718-148-3-1,MS1,INV-000161,SERVICE_PROCUREMENT
1011HG2894718-149-2-1,MS1,INV-000161,SERVICE_PROCUREMENT
1011HG2894718-149-1-1,MS1,INV-000161,SERVICE_PROCUREMENT
1011HG2894718-149-3-1,MS1,INV-000161,SERVICE_PROCUREMENT
1011HG2894718-164-1-1,MS1,INV-000161,SERVICE_PROCUREMENT
1011HG2894718-165-1-1,MS1,INV-000161,SERVICE_PROCUREMENT
1011HG2894718-173-1-1,MS1,INV-000161,SERVICE_PROCUREMENT
1011HG2894718-173-2-1,MS1,INV-000161,SERVICE_PROCUREMENT
1011HG2894718-173-3-1,MS1,INV-000161,SERVICE_PROCUREMENT
1011HG2894718-174-2-1,MS1,INV-000161,SERVICE_PROCUREMENT
1011HG2894718-174-3-1,MS1,INV-000161,SERVICE_PROCUREMENT
1011HG2894718-174-1-1,MS1,INV-000161,SERVICE_PROCUREMENT
1011HG2894718-175-1-1,MS1,INV-000161,SERVICE_PROCUREMENT
1011HG2894718-175-3-1,MS1,INV-000161,SERVICE_PROCUREMENT
1011HG2894718-175-2-1,MS1,INV-000161,SERVICE_PROCUREMENT
1011HG2894718-176-1-1,MS1,INV-000161,SERVICE_PROCUREMENT
1011HG2894718-178-1-1,MS1,INV-000161,SERVICE_PROCUREMENT
1011HG2894718-180-1-1,MS1,INV-000161,SERVICE_PROCUREMENT
1011HG2894718-182-1-1,MS1,INV-000161,SERVICE_PROCUREMENT
1011HG2894718-182-2-1,MS1,INV-000161,SERVICE_PROCUREMENT
1011HG2894718-182-3-1,MS1,INV-000161,SERVICE_PROCUREMENT
1011HG2894718-183-1-1,MS1,INV-000161,SERVICE_PROCUREMENT
1011HG2894718-184-2-1,MS1,INV-000161,SERVICE_PROCUREMENT
1011HG2894718-184-1-1,MS1,INV-000161,SERVICE_PROCUREMENT
1011HG3068809-5-1-1,MS1,INV-000161,SERVICE_PROCUREMENT
1011HG3068809-6-1-1,MS1,INV-000161,SERVICE_PROCUREMENT
1011HG3068809-7-1-1,MS1,INV-000161,SERVICE_PROCUREMENT
1011HG3092818-1-1-1,MS1,INV-000162,SERVICE_PROCUREMENT
1011HG2894715-209-1-1,MS1,INV-000162,SERVICE_PROCUREMENT
1011HG2894715-211-5-1,MS1,INV-000162,SERVICE_PROCUREMENT
1011HG2894715-299-2-1,MS1,INV-000162,SERVICE_PROCUREMENT
1011HG2894715-390-3-1,MS1,INV-000162,SERVICE_PROCUREMENT
1011HG2894715-455-3-1,MS1,INV-000162,SERVICE_PROCUREMENT
1011HG2894715-456-1-1,MS1,INV-000162,SERVICE_PROCUREMENT
1011HG2894715-458-1-1,MS1,INV-000162,SERVICE_PROCUREMENT
1011HG2894715-458-2-1,MS1,INV-000162,SERVICE_PROCUREMENT
1011HG2894715-485-1-1,MS1,INV-000162,SERVICE_PROCUREMENT
1011HG2894717-113-3-1,MS1,INV-000162,SERVICE_PROCUREMENT
1011HG2894717-210-2-1,MS1,INV-000162,SERVICE_PROCUREMENT
1011HG2894717-94-4-1,MS1,INV-000162,SERVICE_PROCUREMENT
1011HG2894718-161-3-1,MS1,INV-000162,SERVICE_PROCUREMENT
1011HG2894715-178-1-1,MS1,INV-000163,SERVICE_PROCUREMENT
1011HG2894715-472-1-1,MS1,INV-000163,SERVICE_PROCUREMENT
1011HG2894715-473-1-1,MS1,INV-000163,SERVICE_PROCUREMENT
1011HG2894717-112-2-1,MS1,INV-000163,SERVICE_PROCUREMENT
1011HG2894717-129-2-1,MS1,INV-000163,SERVICE_PROCUREMENT
1011HG2894717-134-2-1,MS1,INV-000163,SERVICE_PROCUREMENT
1011HG2894717-148-1-1,MS1,INV-000163,SERVICE_PROCUREMENT
1011HG2894717-157-1-1,MS1,INV-000163,SERVICE_PROCUREMENT
1011HG2894717-157-2-1,MS1,INV-000163,SERVICE_PROCUREMENT
1011HG2894717-158-1-1,MS1,INV-000163,SERVICE_PROCUREMENT
1011HG2894717-158-2-1,MS1,INV-000163,SERVICE_PROCUREMENT
1011HG2894717-160-1-1,MS1,INV-000163,SERVICE_PROCUREMENT
1011HG2894717-160-2-1,MS1,INV-000163,SERVICE_PROCUREMENT
1011HG2894717-177-1-1,MS1,INV-000163,SERVICE_PROCUREMENT
1011HG2894717-177-2-1,MS1,INV-000163,SERVICE_PROCUREMENT
1011HG2894717-180-1-1,MS1,INV-000163,SERVICE_PROCUREMENT
1011HG2894717-180-2-1,MS1,INV-000163,SERVICE_PROCUREMENT
1011HG2894717-217-1-1,MS1,INV-000163,SERVICE_PROCUREMENT
1011HG2894717-218-1-1,MS1,INV-000163,SERVICE_PROCUREMENT
1011HG2894717-223-4-1,MS1,INV-000163,SERVICE_PROCUREMENT
1011HG2894717-32-2-1,MS1,INV-000163,SERVICE_PROCUREMENT
1011HG2894717-63-1-1,MS1,INV-000163,SERVICE_PROCUREMENT
1011HG2894717-66-1-1,MS1,INV-000163,SERVICE_PROCUREMENT
1011HG2894717-78-2-1,MS1,INV-000163,SERVICE_PROCUREMENT
1011HG2894717-78-3-1,MS1,INV-000163,SERVICE_PROCUREMENT
1011HG2894717-96-4-1,MS1,INV-000163,SERVICE_PROCUREMENT
1011HG2894717-98-1-1,MS1,INV-000163,SERVICE_PROCUREMENT
1011HG2894717-98-2-1,MS1,INV-000163,SERVICE_PROCUREMENT
1011HG2894717-99-1-1,MS1,INV-000163,SERVICE_PROCUREMENT
1011HG3068809-265-1-1,MS1,INV-000163,SERVICE_PROCUREMENT
1011HG3068809-268-1-1,MS1,INV-000163,SERVICE_PROCUREMENT
1011HG2894718-179-1-1,MS1,INV-000167,SERVICE_PROCUREMENT
1011HG2894717-115-1-1,MS1,INV-000167,SERVICE_PROCUREMENT
1011HG2894717-141-4-1,MS1,INV-000167,SERVICE_PROCUREMENT
1011HG3068809-271-1-1,MS1,INV-000167,SERVICE_PROCUREMENT
1011HG3068809-10-3-1,MS1,INV-000167,SERVICE_PROCUREMENT
1011HG3068809-58-1-1,MS1,INV-000167,SERVICE_PROCUREMENT
1011HG2894717-135-4-1,MS1,INV-000167,SERVICE_PROCUREMENT
1011HG2894715-167-1-1,MS1,INV-000167,SERVICE_PROCUREMENT
1011HG3068809-270-1-1,MS1,INV-000167,SERVICE_PROCUREMENT
1011HG2894718-153-1-1,MS1,INV-000167,SERVICE_PROCUREMENT
1011HG3068809-105-1-1,MS1,INV-000167,SERVICE_PROCUREMENT
1011HG2894717-194-1-1,MS1,INV-000167,SERVICE_PROCUREMENT
1011HG2894718-171-1-1,MS1,INV-000167,SERVICE_PROCUREMENT
1011HG2894715-420-1-1,MS1,INV-000167,SERVICE_PROCUREMENT
1011HG3068809-57-1-1,MS1,INV-000167,SERVICE_PROCUREMENT
1011HG2894717-147-1-1,MS1,INV-000167,SERVICE_PROCUREMENT
1011HG2894717-135-1-1,MS1,INV-000167,SERVICE_PROCUREMENT
1011HG3068809-11-3-1,MS1,INV-000167,SERVICE_PROCUREMENT
1011HG2894715-419-3-1,MS1,INV-000167,SERVICE_PROCUREMENT
1011HG2894715-412-2-1,MS1,INV-000167,SERVICE_PROCUREMENT
1011HG2894717-184-1-1,MS1,INV-000167,SERVICE_PROCUREMENT
1011HG3068809-20-1-1,MS1,INV-000167,SERVICE_PROCUREMENT
1011HG3068809-20-2-1,MS1,INV-000167,SERVICE_PROCUREMENT
1011HG3068809-267-1-1,MS1,INV-000167,SERVICE_PROCUREMENT
1011HG3095422-14-1-1,MS1,INV-000167,SERVICE_PROCUREMENT
1011HG2894718-181-1-1,MS1,INV-000167,SERVICE_PROCUREMENT
1011HG2894718-177-1-1,MS1,INV-000167,SERVICE_PROCUREMENT
1011HG3068809-22-1-1,MS1,INV-000167,SERVICE_PROCUREMENT
1011HG3068809-56-1-1,MS1,INV-000167,SERVICE_PROCUREMENT
1011HG2894715-351-2-1,MS1,INV-000168,SERVICE_PROCUREMENT
1011HG2894715-346-1-1,MS1,INV-000168,SERVICE_PROCUREMENT
1011HG2894715-351-1-1,MS1,INV-000168,SERVICE_PROCUREMENT
1011HG2894717-121-2-1,MS1,INV-000168,SERVICE_PROCUREMENT
1011HG3095422-27-1-1,MS1,INV-000168,SERVICE_PROCUREMENT
1011HG2894718-169-1-1,MS1,INV-000168,SERVICE_PROCUREMENT
1011HG2894718-170-3-1,MS1,INV-000168,SERVICE_PROCUREMENT
1011HG3068809-84-2-1,MS1,INV-000168,SERVICE_PROCUREMENT
1011HG3095422-13-1-1,MS1,INV-000168,SERVICE_PROCUREMENT
1011HG2894717-120-1-1,MS1,INV-000168,SERVICE_PROCUREMENT
1011HG3095422-28-1-1,MS1,INV-000168,SERVICE_PROCUREMENT
1011HG2894718-128-2-1,MS1,INV-000168,SERVICE_PROCUREMENT
1011HG2894718-128-1-1,MS1,INV-000168,SERVICE_PROCUREMENT
1011HG3095422-23-1-1,MS1,INV-000168,SERVICE_PROCUREMENT
1011HG3095422-21-1-1,MS1,INV-000168,SERVICE_PROCUREMENT
1011HG3068809-97-1-1,MS1,INV-000168,SERVICE_PROCUREMENT
1011HG3068809-85-2-1,MS1,INV-000168,SERVICE_PROCUREMENT
1011HG3068809-85-1-1,MS1,INV-000168,SERVICE_PROCUREMENT
1011HG3095422-20-1-1,MS1,INV-000168,SERVICE_PROCUREMENT
1011HG2894717-117-1-1,MS1,INV-000168,SERVICE_PROCUREMENT
1011HG2894717-118-1-1,MS1,INV-000168,SERVICE_PROCUREMENT
1011HG3095422-25-1-1,MS1,INV-000168,SERVICE_PROCUREMENT
1011HG3095422-24-1-1,MS1,INV-000168,SERVICE_PROCUREMENT
1011HG3068809-225-1-1,MS1,INV-000168,SERVICE_PROCUREMENT
1011HG3068809-269-2-1,MS1,INV-000168,SERVICE_PROCUREMENT
1011HG3095422-17-1-1,MS1,INV-000168,SERVICE_PROCUREMENT
1011HG3095422-19-1-1,MS1,INV-000168,SERVICE_PROCUREMENT
1011HG3095422-18-1-1,MS1,INV-000168,SERVICE_PROCUREMENT
1011HG2894717-118-2-1,MS1,INV-000168,SERVICE_PROCUREMENT
1011HG2894717-121-1-1,MS1,INV-000168,SERVICE_PROCUREMENT
1011HG2894718-128-3-1,MS1,INV-000168,SERVICE_PROCUREMENT
1011HG2894717-184-3-1,MS1,INV-000168,SERVICE_PROCUREMENT
1011HG2894718-168-2-1,MS1,INV-000168,SERVICE_PROCUREMENT
1011HG3095422-26-1-1,MS1,INV-000168,SERVICE_PROCUREMENT
1011HG3095422-22-1-1,MS1,INV-000168,SERVICE_PROCUREMENT
1011HG2894718-172-1-1,MS1,INV-000168,SERVICE_PROCUREMENT
1011HG3068809-84-1-1,MS1,INV-000168,SERVICE_PROCUREMENT
1011HG3068809-85-3-1,MS1,INV-000168,SERVICE_PROCUREMENT
1011HG3068809-269-1-1,MS1,INV-000168,SERVICE_PROCUREMENT
1011HG3095422-12-1-1,MS1,INV-000168,SERVICE_PROCUREMENT
1011HG2894715-416-1-1,MS1,INV-000169,SERVICE_PROCUREMENT
1011HG3068810-1-1-1,MS1,INV-000169,SERVICE_PROCUREMENT
1011HG2894715-211-1-1,MS1,INV-000169,SERVICE_PROCUREMENT
1011HG2894715-210-5-1,MS1,INV-000169,SERVICE_PROCUREMENT
1011HG2894715-415-1-1,MS1,INV-000169,SERVICE_PROCUREMENT
1011HG2894717-152-1-1,MS1,INV-000169,SERVICE_PROCUREMENT
1011HG2894717-153-1-1,MS1,INV-000169,SERVICE_PROCUREMENT
1011HG2894717-152-2-1,MS1,INV-000169,SERVICE_PROCUREMENT
1011HG2894715-415-2-1,MS1,INV-000169,SERVICE_PROCUREMENT
1011HG2894717-153-2-1,MS1,INV-000169,SERVICE_PROCUREMENT
1011HG2894717-165-1-1,MS1,INV-000169,SERVICE_PROCUREMENT
1011HG2894715-414-2-1,MS1,INV-000169,SERVICE_PROCUREMENT
1011HG2894715-414-1-1,MS1,INV-000169,SERVICE_PROCUREMENT
1011HG2894715-416-2-1,MS1,INV-000169,SERVICE_PROCUREMENT
1011HG2894717-135-3-1,MS1,INV-000169,SERVICE_PROCUREMENT
1011HG2894715-209-5-1,MS1,INV-000169,SERVICE_PROCUREMENT
1011HG3068810-92-1-1,MS1,INV-000171,SERVICE_PROCUREMENT
1011HG3068809-219-1-1,MS1,INV-000171,SERVICE_PROCUREMENT
1011HG3068809-23-4-1,MS1,INV-000171,SERVICE_PROCUREMENT
1011HG2894717-228-1-1,MS1,INV-000171,SERVICE_PROCUREMENT
1011HG3068810-52-1-1,MS1,INV-000171,SERVICE_PROCUREMENT
1011HG3095422-2-1-1,MS1,INV-000171,SERVICE_PROCUREMENT
1011HG3068810-56-1-1,MS1,INV-000171,SERVICE_PROCUREMENT
1011HG2894715-434-1-1,MS1,INV-000171,SERVICE_PROCUREMENT
1011HG3068810-47-1-1,MS1,INV-000171,SERVICE_PROCUREMENT
1011HG3068810-22-1-1,MS1,INV-000171,SERVICE_PROCUREMENT
1011HG3068810-48-1-1,MS1,INV-000171,SERVICE_PROCUREMENT
1011HG3068809-232-1-1,MS1,INV-000171,SERVICE_PROCUREMENT
1011HG3068809-231-1-1,MS1,INV-000171,SERVICE_PROCUREMENT
1011HG3068809-405-1-1,MS1,INV-000171,SERVICE_PROCUREMENT
1011HG3068809-243-1-1,MS1,INV-000171,SERVICE_PROCUREMENT
1011HG3068809-259-1-1,MS1,INV-000171,SERVICE_PROCUREMENT
1011HG3068810-24-4-1,MS1,INV-000171,SERVICE_PROCUREMENT
1011HG3068810-138-1-1,MS1,INV-000171,SERVICE_PROCUREMENT
1011HG2894718-142-3-1,MS1,INV-000171,SERVICE_PROCUREMENT
1011HG3068809-93-2-1,MS1,INV-000171,SERVICE_PROCUREMENT
1011HG3068810-39-1-1,MS1,INV-000171,SERVICE_PROCUREMENT
1011HG3068810-91-1-1,MS1,INV-000171,SERVICE_PROCUREMENT
1011HG3068810-90-1-1,MS1,INV-000171,SERVICE_PROCUREMENT
1011HG3068809-222-1-1,MS1,INV-000171,SERVICE_PROCUREMENT
1011HG2894715-417-1-1,MS1,INV-000171,SERVICE_PROCUREMENT
1011HG3068809-280-1-1,MS1,INV-000171,SERVICE_PROCUREMENT
1011HG2894715-169-1-1,MS1,INV-000171,SERVICE_PROCUREMENT
1011HG2894717-223-3-1,MS1,INV-000171,SERVICE_PROCUREMENT
1011HG3095422-8-1-1,MS1,INV-000171,SERVICE_PROCUREMENT
1011HG3068809-366-2-1,MS1,INV-000171,SERVICE_PROCUREMENT
1011HG3068809-256-1-1,MS1,INV-000171,SERVICE_PROCUREMENT
1011HG3068809-376-1-1,MS1,INV-000171,SERVICE_PROCUREMENT
1011HG3068809-399-1-1,MS1,INV-000171,SERVICE_PROCUREMENT
1011HG3068809-370-2-1,MS1,INV-000171,SERVICE_PROCUREMENT
1011HG3068809-392-2-1,MS1,INV-000171,SERVICE_PROCUREMENT
1011HG3068809-241-1-1,MS1,INV-000171,SERVICE_PROCUREMENT
1011HG3068809-371-2-1,MS1,INV-000171,SERVICE_PROCUREMENT
1011HG3068810-50-1-1,MS1,INV-000171,SERVICE_PROCUREMENT
1011HG2894718-177-3-1,MS1,INV-000171,SERVICE_PROCUREMENT
1011HG2894715-412-1-1,MS1,INV-000171,SERVICE_PROCUREMENT
1011HG2894718-168-3-1,MS1,INV-000171,SERVICE_PROCUREMENT
1011HG2894718-170-2-1,MS1,INV-000171,SERVICE_PROCUREMENT
1011HG3068810-37-1-1,MS1,INV-000171,SERVICE_PROCUREMENT
1011HG3068809-95-1-1,MS1,INV-000171,SERVICE_PROCUREMENT
1011HG3068809-339-1-1,MS1,INV-000171,SERVICE_PROCUREMENT
1011HG3068809-218-1-1,MS1,INV-000171,SERVICE_PROCUREMENT
1011HG3068810-87-1-1,MS1,INV-000171,SERVICE_PROCUREMENT
1011HG3068809-24-4-1,MS1,INV-000171,SERVICE_PROCUREMENT
1011HG3092818-3-1-1,MS1,INV-000171,SERVICE_PROCUREMENT
1011HG3068809-104-1-1,MS1,INV-000171,SERVICE_PROCUREMENT
1011HG2894717-227-1-1,MS1,INV-000171,SERVICE_PROCUREMENT
1011HG3095422-7-1-1,MS1,INV-000171,SERVICE_PROCUREMENT
1011HG2894718-142-1-1,MS1,INV-000171,SERVICE_PROCUREMENT
1011HG3068810-23-1-1,MS1,INV-000171,SERVICE_PROCUREMENT
1011HG3068810-49-1-1,MS1,INV-000171,SERVICE_PROCUREMENT
1011HG3068809-238-1-1,MS1,INV-000171,SERVICE_PROCUREMENT
1011HG3068809-395-1-1,MS1,INV-000171,SERVICE_PROCUREMENT
1011HG3068809-255-1-1,MS1,INV-000171,SERVICE_PROCUREMENT
1011HG3068809-407-1-1,MS1,INV-000171,SERVICE_PROCUREMENT
1011HG3068809-253-1-1,MS1,INV-000171,SERVICE_PROCUREMENT
1011HG3068809-242-1-1,MS1,INV-000171,SERVICE_PROCUREMENT
1011HG3068809-96-1-1,MS1,INV-000171,SERVICE_PROCUREMENT
1011HG3068809-94-1-1,MS1,INV-000171,SERVICE_PROCUREMENT
1011HG3068810-36-2-1,MS1,INV-000171,SERVICE_PROCUREMENT
1011HG3068809-94-2-1,MS1,INV-000171,SERVICE_PROCUREMENT
1011HG2894717-219-1-1,MS1,INV-000171,SERVICE_PROCUREMENT
1011HG3068809-223-1-1,MS1,INV-000171,SERVICE_PROCUREMENT
1011HG3068809-224-1-1,MS1,INV-000171,SERVICE_PROCUREMENT
1011HG3068809-220-1-1,MS1,INV-000171,SERVICE_PROCUREMENT
1011HG3068810-116-1-1,MS1,INV-000171,SERVICE_PROCUREMENT
1011HG3068810-118-1-1,MS1,INV-000171,SERVICE_PROCUREMENT
1011HG3068810-117-1-1,MS1,INV-000171,SERVICE_PROCUREMENT
1011HG2894718-157-1-1,MS1,INV-000171,SERVICE_PROCUREMENT
1011HG3068809-24-2-1,MS1,INV-000171,SERVICE_PROCUREMENT
1011HG3068809-23-2-1,MS1,INV-000171,SERVICE_PROCUREMENT
1011HG3068810-59-1-1,MS1,INV-000171,SERVICE_PROCUREMENT
1011HG3095422-6-1-1,MS1,INV-000171,SERVICE_PROCUREMENT
1011HG2894715-418-2-1,MS1,INV-000171,SERVICE_PROCUREMENT
1011HG2894718-151-1-1,MS1,INV-000171,SERVICE_PROCUREMENT
1011HG3068809-365-1-1,MS1,INV-000171,SERVICE_PROCUREMENT
1011HG3068810-21-1-1,MS1,INV-000171,SERVICE_PROCUREMENT
1011HG3068809-264-1-1,MS1,INV-000171,SERVICE_PROCUREMENT
1011HG3068809-374-2-1,MS1,INV-000171,SERVICE_PROCUREMENT
1011HG3068809-101-1-1,MS1,INV-000171,SERVICE_PROCUREMENT
1011HG3068809-245-1-1,MS1,INV-000171,SERVICE_PROCUREMENT
1011HG3068809-378-2-1,MS1,INV-000171,SERVICE_PROCUREMENT
1011HG3068809-394-1-1,MS1,INV-000171,SERVICE_PROCUREMENT
1011HG3068809-375-2-1,MS1,INV-000171,SERVICE_PROCUREMENT
1011HG3068809-237-1-1,MS1,INV-000171,SERVICE_PROCUREMENT
1011HG3068810-101-1-1,MS1,INV-000171,SERVICE_PROCUREMENT
1011HG3068810-24-6-1,MS1,INV-000171,SERVICE_PROCUREMENT
1011HG2894718-171-2-1,MS1,INV-000171,SERVICE_PROCUREMENT
1011HG2894715-418-3-1,MS1,INV-000171,SERVICE_PROCUREMENT
1011HG2894715-419-1-1,MS1,INV-000171,SERVICE_PROCUREMENT
1011HG3068810-38-1-1,MS1,INV-000171,SERVICE_PROCUREMENT
1011HG3068810-36-1-1,MS1,INV-000171,SERVICE_PROCUREMENT
1011HG3068809-93-1-1,MS1,INV-000171,SERVICE_PROCUREMENT
1011HG3068810-37-2-1,MS1,INV-000171,SERVICE_PROCUREMENT
1011HG2894717-210-1-1,MS1,INV-000171,SERVICE_PROCUREMENT
1011HG2894718-163-1-1,MS1,INV-000172,SERVICE_PROCUREMENT
1011HG2894718-161-2-1,MS1,INV-000172,SERVICE_PROCUREMENT
1011HG2894715-474-1-1,MS1,INV-000172,SERVICE_PROCUREMENT
1011HG2894715-475-1-1,MS1,INV-000172,SERVICE_PROCUREMENT
1011HG2894715-457-2-1,MS1,INV-000172,SERVICE_PROCUREMENT
1011HG3068809-336-1-1,MS1,INV-000172,SERVICE_PROCUREMENT
1011HG2894717-190-2-1,MS1,INV-000172,SERVICE_PROCUREMENT
1011HG2894718-97-1-1,MS1,INV-000172,SERVICE_PROCUREMENT
1011HG2894718-50-1-1,MS1,INV-000172,SERVICE_PROCUREMENT
1011HG3068810-4-3-1,MS1,INV-000172,SERVICE_PROCUREMENT
1011HG3068810-5-2-1,MS1,INV-000172,SERVICE_PROCUREMENT
1011HG3068810-114-1-1,MS1,INV-000172,SERVICE_PROCUREMENT
1011HG3068810-8-4-1,MS1,INV-000172,SERVICE_PROCUREMENT
1011HG2894715-141-3-1,MS1,INV-000172,SERVICE_PROCUREMENT
1011HG2894715-141-2-1,MS1,INV-000172,SERVICE_PROCUREMENT
1011HG2894715-457-1-1,MS1,INV-000172,SERVICE_PROCUREMENT
1011HG2894715-457-3-1,MS1,INV-000172,SERVICE_PROCUREMENT
1011HG3068809-335-1-1,MS1,INV-000172,SERVICE_PROCUREMENT
1011HG2894715-456-3-1,MS1,INV-000172,SERVICE_PROCUREMENT
1011HG2894715-486-1-1,MS1,INV-000172,SERVICE_PROCUREMENT
1011HG2894715-263-1-1,MS1,INV-000172,SERVICE_PROCUREMENT
1011HG2894718-52-1-1,MS1,INV-000172,SERVICE_PROCUREMENT
1011HG2894718-41-1-1,MS1,INV-000172,SERVICE_PROCUREMENT
1011HG2894715-37-1-1,MS1,INV-000172,SERVICE_PROCUREMENT
1011HG3068810-8-2-1,MS1,INV-000172,SERVICE_PROCUREMENT
1011HG3068809-279-1-1,MS1,INV-000172,SERVICE_PROCUREMENT
1011HG2894715-141-1-1,MS1,INV-000172,SERVICE_PROCUREMENT
1011HG3068809-71-2-1,MS1,INV-000172,SERVICE_PROCUREMENT
1011HG2894715-455-2-1,MS1,INV-000172,SERVICE_PROCUREMENT
1011HG3068809-334-1-1,MS1,INV-000172,SERVICE_PROCUREMENT
1011HG2894715-455-1-1,MS1,INV-000172,SERVICE_PROCUREMENT
1011HG3068809-333-1-1,MS1,INV-000172,SERVICE_PROCUREMENT
1011HG2894715-456-2-1,MS1,INV-000172,SERVICE_PROCUREMENT
1011HG2894715-477-1-1,MS1,INV-000172,SERVICE_PROCUREMENT
1011HG2894715-476-1-1,MS1,INV-000172,SERVICE_PROCUREMENT
1011HG3068810-5-4-1,MS1,INV-000172,SERVICE_PROCUREMENT
1011HG3068810-111-1-1,MS1,INV-000172,SERVICE_PROCUREMENT
1011HG3068810-112-1-1,MS1,INV-000172,SERVICE_PROCUREMENT
1011HG3068810-9-4-1,MS1,INV-000172,SERVICE_PROCUREMENT
1011HG3068810-110-1-1,MS1,INV-000172,SERVICE_PROCUREMENT
1011HG2894718-161-1-1,MS1,INV-000172,SERVICE_PROCUREMENT
1011HG2894717-232-1-1,MS1,INV-000172,SERVICE_PROCUREMENT
1011HG2894717-231-1-1,MS1,INV-000172,SERVICE_PROCUREMENT
1011HG2894718-109-1-1,MS1,INV-000172,SERVICE_PROCUREMENT
1011HG3068810-3-3-1,MS1,INV-000172,SERVICE_PROCUREMENT
1011HG3068810-9-2-1,MS1,INV-000172,SERVICE_PROCUREMENT
1011HG3068810-113-1-1,MS1,INV-000172,SERVICE_PROCUREMENT
1011HG3068809-278-1-1,MS1,INV-000172,SERVICE_PROCUREMENT
1011HG2894717-146-2-1,MS1,INV-000173,SERVICE_PROCUREMENT
1011HG3068809-76-1-1,MS1,INV-000173,SERVICE_PROCUREMENT
1011HG3068809-71-3-1,MS1,INV-000173,SERVICE_PROCUREMENT
1011HG2894715-383-1-1,MS1,INV-000173,SERVICE_PROCUREMENT
1011HG2894715-295-1-1,MS1,INV-000173,SERVICE_PROCUREMENT
1011HG2894715-282-1-1,MS1,INV-000173,SERVICE_PROCUREMENT
1011HG2894715-63-1-1,MS1,INV-000173,SERVICE_PROCUREMENT
1011HG3068809-98-1-1,MS1,INV-000173,SERVICE_PROCUREMENT
1011HG2894715-407-1-1,MS1,INV-000173,SERVICE_PROCUREMENT
1011HG2894715-250-1-1,MS1,INV-000173,SERVICE_PROCUREMENT
1011HG2894715-367-1-1,MS1,INV-000173,SERVICE_PROCUREMENT
1011HG2894715-242-1-1,MS1,INV-000173,SERVICE_PROCUREMENT
1011HG2894715-360-1-1,MS1,INV-000173,SERVICE_PROCUREMENT
1011HG2894715-259-1-1,MS1,INV-000173,SERVICE_PROCUREMENT
1011HG3068810-46-1-1,MS1,INV-000173,SERVICE_PROCUREMENT
1011HG3068810-43-1-1,MS1,INV-000173,SERVICE_PROCUREMENT
1011HG3068810-40-1-1,MS1,INV-000173,SERVICE_PROCUREMENT
1011HG3068810-115-1-1,MS1,INV-000173,SERVICE_PROCUREMENT
1011HG2894715-438-1-1,MS1,INV-000173,SERVICE_PROCUREMENT
1011HG2894717-135-2-1,MS1,INV-000173,SERVICE_PROCUREMENT
1011HG2894715-408-1-1,MS1,INV-000173,SERVICE_PROCUREMENT
1011HG2894715-382-1-1,MS1,INV-000173,SERVICE_PROCUREMENT
1011HG2894715-285-1-1,MS1,INV-000173,SERVICE_PROCUREMENT
1011HG2894715-270-1-1,MS1,INV-000173,SERVICE_PROCUREMENT
1011HG2894715-266-1-1,MS1,INV-000173,SERVICE_PROCUREMENT
1011HG2894715-262-1-1,MS1,INV-000173,SERVICE_PROCUREMENT
1011HG2894715-364-1-1,MS1,INV-000173,SERVICE_PROCUREMENT
1011HG2894715-245-1-1,MS1,INV-000173,SERVICE_PROCUREMENT
1011HG2894717-151-2-1,MS1,INV-000173,SERVICE_PROCUREMENT
1011HG2894717-151-1-1,MS1,INV-000173,SERVICE_PROCUREMENT
1011HG2894718-147-1-1,MS1,INV-000173,SERVICE_PROCUREMENT
1011HG2894717-100-2-1,MS1,INV-000173,SERVICE_PROCUREMENT
1011HG2894717-92-3-1,MS1,INV-000173,SERVICE_PROCUREMENT
1011HG3068810-6-4-1,MS1,INV-000173,SERVICE_PROCUREMENT
1011HG3068809-24-1-1,MS1,INV-000173,SERVICE_PROCUREMENT
1011HG3068809-12-1-1,MS1,INV-000173,SERVICE_PROCUREMENT
1011HG3068809-211-1-1,MS1,INV-000173,SERVICE_PROCUREMENT
1011HG2894715-125-3-1,MS1,INV-000173,SERVICE_PROCUREMENT
1011HG2894717-142-1-1,MS1,INV-000173,SERVICE_PROCUREMENT
1011HG2894715-181-1-1,MS1,INV-000173,SERVICE_PROCUREMENT
1011HG2894715-274-1-1,MS1,INV-000173,SERVICE_PROCUREMENT
1011HG2894715-128-1-1,MS1,INV-000173,SERVICE_PROCUREMENT
1011HG2894718-55-1-1,MS1,INV-000173,SERVICE_PROCUREMENT
1011HG2894718-47-1-1,MS1,INV-000173,SERVICE_PROCUREMENT
1011HG2894715-378-1-1,MS1,INV-000173,SERVICE_PROCUREMENT
1011HG2894715-260-1-1,MS1,INV-000173,SERVICE_PROCUREMENT
1011HG2894715-268-1-1,MS1,INV-000173,SERVICE_PROCUREMENT
1011HG2894715-278-1-1,MS1,INV-000173,SERVICE_PROCUREMENT
1011HG2894715-376-1-1,MS1,INV-000173,SERVICE_PROCUREMENT
1011HG2894715-241-1-1,MS1,INV-000173,SERVICE_PROCUREMENT
1011HG2894715-362-1-1,MS1,INV-000173,SERVICE_PROCUREMENT
1011HG2894715-246-1-1,MS1,INV-000173,SERVICE_PROCUREMENT
1011HG2894715-244-1-1,MS1,INV-000173,SERVICE_PROCUREMENT
1011HG2894715-287-1-1,MS1,INV-000173,SERVICE_PROCUREMENT
1011HG2894715-243-1-1,MS1,INV-000173,SERVICE_PROCUREMENT
1011HG2894715-283-1-1,MS1,INV-000173,SERVICE_PROCUREMENT
1011HG3068809-272-1-1,MS1,INV-000173,SERVICE_PROCUREMENT
1011HG2894717-100-1-1,MS1,INV-000173,SERVICE_PROCUREMENT
1011HG2894718-147-2-1,MS1,INV-000173,SERVICE_PROCUREMENT
1011HG3068809-25-1-1,MS1,INV-000173,SERVICE_PROCUREMENT
1011HG3068810-6-2-1,MS1,INV-000173,SERVICE_PROCUREMENT
1011HG3068809-211-2-1,MS1,INV-000173,SERVICE_PROCUREMENT
1011HG3068809-8-2-1,MS1,INV-000173,SERVICE_PROCUREMENT
1011HG3068809-8-1-1,MS1,INV-000173,SERVICE_PROCUREMENT
1011HG3068809-71-4-1,MS1,INV-000173,SERVICE_PROCUREMENT
1011HG3068809-71-1-1,MS1,INV-000173,SERVICE_PROCUREMENT
1011HG2894718-117-1-1,MS1,INV-000173,SERVICE_PROCUREMENT
1011HG2894715-384-1-1,MS1,INV-000173,SERVICE_PROCUREMENT
1011HG2894715-380-1-1,MS1,INV-000173,SERVICE_PROCUREMENT
1011HG2894718-53-1-1,MS1,INV-000173,SERVICE_PROCUREMENT
1011HG2894715-277-1-1,MS1,INV-000173,SERVICE_PROCUREMENT
1011HG2894715-264-1-1,MS1,INV-000173,SERVICE_PROCUREMENT
1011HG2894717-47-1-1,MS1,INV-000173,SERVICE_PROCUREMENT
1011HG2894715-249-1-1,MS1,INV-000173,SERVICE_PROCUREMENT
1011HG2894715-368-1-1,MS1,INV-000173,SERVICE_PROCUREMENT
1011HG2894715-253-1-1,MS1,INV-000173,SERVICE_PROCUREMENT
1011HG2894715-296-1-1,MS1,INV-000173,SERVICE_PROCUREMENT
1011HG3068810-44-1-1,MS1,INV-000173,SERVICE_PROCUREMENT
1011HG3068810-41-1-1,MS1,INV-000173,SERVICE_PROCUREMENT
1011HG3068810-42-1-1,MS1,INV-000173,SERVICE_PROCUREMENT
1011HG3068810-45-1-1,MS1,INV-000173,SERVICE_PROCUREMENT
1011HG3068809-99-1-1,MS1,INV-000173,SERVICE_PROCUREMENT
1011HG2894717-209-1-1,MS1,INV-000174,SERVICE_PROCUREMENT
1011HG2894717-208-1-1,MS1,INV-000174,SERVICE_PROCUREMENT
1011HG2894715-458-3-1,MS1,INV-000174,SERVICE_PROCUREMENT
1011HG2894718-150-3-1,MS1,INV-000174,SERVICE_PROCUREMENT
1011HG2894718-152-1-1,MS1,INV-000174,SERVICE_PROCUREMENT
1011HG3068809-162-2-1,MS1,INV-000174,SERVICE_PROCUREMENT
1011HG3068809-175-4-1,MS1,INV-000174,SERVICE_PROCUREMENT
1011HG3068809-175-3-1,MS1,INV-000174,SERVICE_PROCUREMENT
1011HG3068809-307-1-1,MS1,INV-000174,SERVICE_PROCUREMENT
1011HG3068809-310-1-1,MS1,INV-000174,SERVICE_PROCUREMENT
1011HG3068809-239-1-1,MS1,INV-000174,SERVICE_PROCUREMENT
1011HG3068809-240-1-1,MS1,INV-000174,SERVICE_PROCUREMENT
1011HG3068809-372-1-1,MS1,INV-000174,SERVICE_PROCUREMENT
1011HG3068809-373-1-1,MS1,INV-000174,SERVICE_PROCUREMENT
1011HG3068809-377-2-1,MS1,INV-000174,SERVICE_PROCUREMENT
1011HG3068809-261-1-1,MS1,INV-000174,SERVICE_PROCUREMENT
1011HG3068809-260-1-1,MS1,INV-000174,SERVICE_PROCUREMENT
1011HG3068809-262-1-1,MS1,INV-000174,SERVICE_PROCUREMENT
1011HG3068809-356-1-1,MS1,INV-000174,SERVICE_PROCUREMENT
1011HG3068810-144-1-1,MS1,INV-000174,SERVICE_PROCUREMENT
1011HG3068810-102-1-1,MS1,INV-000174,SERVICE_PROCUREMENT
1011HG3068810-104-1-1,MS1,INV-000174,SERVICE_PROCUREMENT
1011HG3068810-126-1-1,MS1,INV-000174,SERVICE_PROCUREMENT
1011HG3068810-82-2-1,MS1,INV-000174,SERVICE_PROCUREMENT
1011HG3068810-84-1-1,MS1,INV-000174,SERVICE_PROCUREMENT
1011HG3068810-98-1-1,MS1,INV-000174,SERVICE_PROCUREMENT
1011HG3068810-141-2-1,MS1,INV-000174,SERVICE_PROCUREMENT
1011HG3068810-142-2-1,MS1,INV-000174,SERVICE_PROCUREMENT
1011HG3068810-51-1-1,MS1,INV-000174,SERVICE_PROCUREMENT
1011HG3095422-10-1-1,MS1,INV-000174,SERVICE_PROCUREMENT
1011HG3068809-424-1-1,MS1,INV-000174,SERVICE_PROCUREMENT
1011HG2894717-209-2-1,MS1,INV-000174,SERVICE_PROCUREMENT
1011HG3068809-338-1-1,MS1,INV-000174,SERVICE_PROCUREMENT
1011HG3095422-11-1-1,MS1,INV-000174,SERVICE_PROCUREMENT
1011HG2894717-184-2-1,MS1,INV-000174,SERVICE_PROCUREMENT
1011HG2894718-150-1-1,MS1,INV-000174,SERVICE_PROCUREMENT
1011HG3068809-162-3-1,MS1,INV-000174,SERVICE_PROCUREMENT
1011HG3068809-173-6-1,MS1,INV-000174,SERVICE_PROCUREMENT
1011HG3068809-173-1-1,MS1,INV-000174,SERVICE_PROCUREMENT
1011HG3068809-312-1-1,MS1,INV-000174,SERVICE_PROCUREMENT
1011HG3068809-251-1-1,MS1,INV-000174,SERVICE_PROCUREMENT
1011HG3068809-163-5-1,MS1,INV-000174,SERVICE_PROCUREMENT
1011HG3068809-4-2-1,MS1,INV-000174,SERVICE_PROCUREMENT
1011HG3068809-187-6-1,MS1,INV-000174,SERVICE_PROCUREMENT
1011HG3068809-193-4-1,MS1,INV-000174,SERVICE_PROCUREMENT
1011HG3068809-233-1-1,MS1,INV-000174,SERVICE_PROCUREMENT
1011HG3068809-380-1-1,MS1,INV-000174,SERVICE_PROCUREMENT
1011HG3068809-401-2-1,MS1,INV-000174,SERVICE_PROCUREMENT
1011HG3068809-402-2-1,MS1,INV-000174,SERVICE_PROCUREMENT
1011HG3068809-396-1-1,MS1,INV-000174,SERVICE_PROCUREMENT
1011HG3068809-357-1-1,MS1,INV-000174,SERVICE_PROCUREMENT
1011HG3068809-359-1-1,MS1,INV-000174,SERVICE_PROCUREMENT
1011HG3068809-362-1-1,MS1,INV-000174,SERVICE_PROCUREMENT
1011HG3068810-145-2-1,MS1,INV-000174,SERVICE_PROCUREMENT
1011HG3068810-146-2-1,MS1,INV-000174,SERVICE_PROCUREMENT
1011HG3068810-105-1-1,MS1,INV-000174,SERVICE_PROCUREMENT
1011HG3068810-32-3-1,MS1,INV-000174,SERVICE_PROCUREMENT
1011HG3068810-153-1-1,MS1,INV-000174,SERVICE_PROCUREMENT
1011HG3068810-29-3-1,MS1,INV-000174,SERVICE_PROCUREMENT
1011HG3068810-108-1-1,MS1,INV-000174,SERVICE_PROCUREMENT
1011HG3068810-32-1-1,MS1,INV-000174,SERVICE_PROCUREMENT
1011HG3068810-82-3-1,MS1,INV-000174,SERVICE_PROCUREMENT
1011HG3068810-122-1-1,MS1,INV-000174,SERVICE_PROCUREMENT
1011HG3068810-96-1-1,MS1,INV-000174,SERVICE_PROCUREMENT
1011HG3068810-99-1-1,MS1,INV-000174,SERVICE_PROCUREMENT
1011HG3068809-66-1-1,MS1,INV-000174,SERVICE_PROCUREMENT
1011HG3068809-425-1-1,MS1,INV-000174,SERVICE_PROCUREMENT
1011HG3068809-337-1-1,MS1,INV-000174,SERVICE_PROCUREMENT
1011HG2894717-221-1-1,MS1,INV-000174,SERVICE_PROCUREMENT
1011HG2894717-220-1-1,MS1,INV-000174,SERVICE_PROCUREMENT
1011HG2894717-192-1-1,MS1,INV-000174,SERVICE_PROCUREMENT
1011HG3068810-53-1-1,MS1,INV-000174,SERVICE_PROCUREMENT
1011HG2894718-142-2-1,MS1,INV-000174,SERVICE_PROCUREMENT
1011HG3068809-147-3-1,MS1,INV-000174,SERVICE_PROCUREMENT
1011HG3068809-248-1-1,MS1,INV-000174,SERVICE_PROCUREMENT
1011HG3068809-161-1-1,MS1,INV-000174,SERVICE_PROCUREMENT
1011HG3068809-301-1-1,MS1,INV-000174,SERVICE_PROCUREMENT
1011HG3068809-250-1-1,MS1,INV-000174,SERVICE_PROCUREMENT
1011HG3068809-163-4-1,MS1,INV-000174,SERVICE_PROCUREMENT
1011HG3068809-187-4-1,MS1,INV-000174,SERVICE_PROCUREMENT
1011HG3068809-214-1-1,MS1,INV-000174,SERVICE_PROCUREMENT
1011HG3068809-235-1-1,MS1,INV-000174,SERVICE_PROCUREMENT
1011HG3068809-391-1-1,MS1,INV-000174,SERVICE_PROCUREMENT
1011HG3068809-252-1-1,MS1,INV-000174,SERVICE_PROCUREMENT
1011HG3068809-244-1-1,MS1,INV-000174,SERVICE_PROCUREMENT
1011HG3068809-400-1-1,MS1,INV-000174,SERVICE_PROCUREMENT
1011HG3068809-350-1-1,MS1,INV-000174,SERVICE_PROCUREMENT
1011HG3068809-306-1-1,MS1,INV-000174,SERVICE_PROCUREMENT
1011HG3068809-360-1-1,MS1,INV-000174,SERVICE_PROCUREMENT
1011HG3068809-363-1-1,MS1,INV-000174,SERVICE_PROCUREMENT
1011HG3068810-78-1-1,MS1,INV-000174,SERVICE_PROCUREMENT
1011HG3068810-100-1-1,MS1,INV-000174,SERVICE_PROCUREMENT
1011HG3068810-29-5-1,MS1,INV-000174,SERVICE_PROCUREMENT
1011HG3068810-75-2-1,MS1,INV-000174,SERVICE_PROCUREMENT
1011HG3068810-125-1-1,MS1,INV-000174,SERVICE_PROCUREMENT
1011HG3068810-75-3-1,MS1,INV-000174,SERVICE_PROCUREMENT
1011HG3068810-133-2-1,MS1,INV-000174,SERVICE_PROCUREMENT
1011HG3068810-136-1-1,MS1,INV-000174,SERVICE_PROCUREMENT
1011HG3068810-143-2-1,MS1,INV-000174,SERVICE_PROCUREMENT
1011HG3095422-9-1-1,MS1,INV-000174,SERVICE_PROCUREMENT
1011HG2894717-213-1-1,MS1,INV-000174,SERVICE_PROCUREMENT
1011HG2894717-146-3-1,MS1,INV-000174,SERVICE_PROCUREMENT
1011HG2894717-146-1-1,MS1,INV-000174,SERVICE_PROCUREMENT
1011HG2894718-150-2-1,MS1,INV-000174,SERVICE_PROCUREMENT
1011HG3068809-249-1-1,MS1,INV-000174,SERVICE_PROCUREMENT
1011HG3068809-147-2-1,MS1,INV-000174,SERVICE_PROCUREMENT
1011HG3068809-160-2-1,MS1,INV-000174,SERVICE_PROCUREMENT
1011HG3068809-160-1-1,MS1,INV-000174,SERVICE_PROCUREMENT
1011HG3068809-305-1-1,MS1,INV-000174,SERVICE_PROCUREMENT
1011HG3068809-193-2-1,MS1,INV-000174,SERVICE_PROCUREMENT
1011HG3068809-367-1-1,MS1,INV-000174,SERVICE_PROCUREMENT
1011HG3068809-368-2-1,MS1,INV-000174,SERVICE_PROCUREMENT
1011HG3068809-247-1-1,MS1,INV-000174,SERVICE_PROCUREMENT
1011HG3068809-403-1-1,MS1,INV-000174,SERVICE_PROCUREMENT
1011HG3068809-263-1-1,MS1,INV-000174,SERVICE_PROCUREMENT
1011HG3068809-355-1-1,MS1,INV-000174,SERVICE_PROCUREMENT
1011HG3068809-361-1-1,MS1,INV-000174,SERVICE_PROCUREMENT
1011HG3068810-103-1-1,MS1,INV-000174,SERVICE_PROCUREMENT
1011HG3068810-94-2-1,MS1,INV-000174,SERVICE_PROCUREMENT
1011HG3068810-148-1-1,MS1,INV-000174,SERVICE_PROCUREMENT
1011HG3068810-109-1-1,MS1,INV-000174,SERVICE_PROCUREMENT
1011HG3068810-107-1-1,MS1,INV-000174,SERVICE_PROCUREMENT
1011HG3068810-84-2-1,MS1,INV-000174,SERVICE_PROCUREMENT
1011HG3068810-95-1-1,MS1,INV-000174,SERVICE_PROCUREMENT
1011HG3068810-134-1-1,MS1,INV-000174,SERVICE_PROCUREMENT
1011HG3068810-97-1-1,MS1,INV-000174,SERVICE_PROCUREMENT
1011HG3068810-137-2-1,MS1,INV-000174,SERVICE_PROCUREMENT
1011HG3068810-135-1-1,MS1,INV-000174,SERVICE_PROCUREMENT
1011HG3068810-58-1-1,MS1,INV-000174,SERVICE_PROCUREMENT
1011HG2894717-223-2-1,MS1,INV-000175,SERVICE_PROCUREMENT
1011HG2894715-433-3-1,MS1,INV-000175,SERVICE_PROCUREMENT
1011HG3068809-90-1-1,MS1,INV-000175,SERVICE_PROCUREMENT
1011HG3068809-86-1-1,MS1,INV-000175,SERVICE_PROCUREMENT
1011HG2894715-435-2-1,MS1,INV-000175,SERVICE_PROCUREMENT
1011HG2894715-435-3-1,MS1,INV-000175,SERVICE_PROCUREMENT
1011HG3068809-102-1-1,MS1,INV-000175,SERVICE_PROCUREMENT
1011HG3068809-12-4-1,MS1,INV-000175,SERVICE_PROCUREMENT
1011HG2894718-155-1-1,MS1,INV-000175,SERVICE_PROCUREMENT
1011HG2894715-331-1-1,MS1,INV-000175,SERVICE_PROCUREMENT
1011HG2894715-433-2-1,MS1,INV-000175,SERVICE_PROCUREMENT
1011HG3068809-413-1-1,MS1,INV-000175,SERVICE_PROCUREMENT
1011HG3068809-348-1-1,MS1,INV-000175,SERVICE_PROCUREMENT
1011HG2894715-433-5-1,MS1,INV-000175,SERVICE_PROCUREMENT
1011HG3068809-91-1-1,MS1,INV-000175,SERVICE_PROCUREMENT
1011HG3068809-89-1-1,MS1,INV-000175,SERVICE_PROCUREMENT
1011HG3068809-87-1-1,MS1,INV-000175,SERVICE_PROCUREMENT
1011HG2894715-437-1-1,MS1,INV-000175,SERVICE_PROCUREMENT
1011HG2894715-435-1-1,MS1,INV-000175,SERVICE_PROCUREMENT
1011HG3068810-4-1-1,MS1,INV-000175,SERVICE_PROCUREMENT
1011HG3068810-3-1-1,MS1,INV-000175,SERVICE_PROCUREMENT
1011HG3068810-6-1-1,MS1,INV-000175,SERVICE_PROCUREMENT
1011HG3068810-8-1-1,MS1,INV-000175,SERVICE_PROCUREMENT
1011HG3068809-11-4-1,MS1,INV-000175,SERVICE_PROCUREMENT
1011HG3068809-10-4-1,MS1,INV-000175,SERVICE_PROCUREMENT
1011HG2894717-110-2-1,MS1,INV-000175,SERVICE_PROCUREMENT
1011HG3068809-349-1-1,MS1,INV-000175,SERVICE_PROCUREMENT
1011HG3068809-88-1-1,MS1,INV-000175,SERVICE_PROCUREMENT
1011HG3068809-276-1-1,MS1,INV-000175,SERVICE_PROCUREMENT
1011HG3068809-273-1-1,MS1,INV-000175,SERVICE_PROCUREMENT
1011HG3068809-102-4-1,MS1,INV-000175,SERVICE_PROCUREMENT
1011HG3068809-12-5-1,MS1,INV-000175,SERVICE_PROCUREMENT
1011HG2894715-433-1-1,MS1,INV-000175,SERVICE_PROCUREMENT
1011HG3068809-65-1-1,MS1,INV-000175,SERVICE_PROCUREMENT
1011HG3068810-5-1-1,MS1,INV-000175,SERVICE_PROCUREMENT
1011HG3068809-23-1-1,MS1,INV-000175,SERVICE_PROCUREMENT
1011HG3068810-9-1-1,MS1,INV-000175,SERVICE_PROCUREMENT
1011HG2894715-307-1-1,MS1,INV-000175,SERVICE_PROCUREMENT
1011HG3068810-46-1-1,MS2,INV-000177,SERVICE_PROCUREMENT
1011HG3068810-45-1-1,MS2,INV-000177,SERVICE_PROCUREMENT
1011HG3068810-44-1-1,MS2,INV-000177,SERVICE_PROCUREMENT
1011HG3068810-43-1-1,MS2,INV-000177,SERVICE_PROCUREMENT
1011HG3068810-42-1-1,MS2,INV-000177,SERVICE_PROCUREMENT
1011HG3068810-41-1-1,MS2,INV-000177,SERVICE_PROCUREMENT
1011HG3068810-40-1-1,MS2,INV-000177,SERVICE_PROCUREMENT
1011HG3068810-185-1-1,MS1,INV-000177,SERVICE_PROCUREMENT
1011HG3068810-184-1-1,MS1,INV-000177,SERVICE_PROCUREMENT
1011HG3068810-183-1-1,MS1,INV-000177,SERVICE_PROCUREMENT
1011HG3068810-182-1-1,MS1,INV-000177,SERVICE_PROCUREMENT
1011HG3068809-99-1-1,MS2,INV-000177,SERVICE_PROCUREMENT
1011HG3068809-98-1-1,MS2,INV-000177,SERVICE_PROCUREMENT
1011HG2894718-146-1-1,MS1,INV-000177,SERVICE_PROCUREMENT
1011HG2894718-146-2-1,MS1,INV-000177,SERVICE_PROCUREMENT
1011HG2894718-145-2-1,MS1,INV-000177,SERVICE_PROCUREMENT
1011HG2894718-145-1-1,MS1,INV-000177,SERVICE_PROCUREMENT
1011HG2894717-225-2-1,MS1,INV-000177,SERVICE_PROCUREMENT
1011HG2894717-225-1-1,MS1,INV-000177,SERVICE_PROCUREMENT
1011HG2894717-182-2-1,MS1,INV-000177,SERVICE_PROCUREMENT
1011HG2894717-182-1-1,MS1,INV-000177,SERVICE_PROCUREMENT
1011HG2894717-179-2-1,MS1,INV-000177,SERVICE_PROCUREMENT
1011HG2894717-179-1-1,MS1,INV-000177,SERVICE_PROCUREMENT
1011HG2894717-178-1-1,MS1,INV-000177,SERVICE_PROCUREMENT
1011HG2894717-178-2-1,MS1,INV-000177,SERVICE_PROCUREMENT
1011HG2894717-174-1-1,MS1,INV-000177,SERVICE_PROCUREMENT
1011HG2894717-174-2-1,MS1,INV-000177,SERVICE_PROCUREMENT
1011HG2894717-173-2-1,MS1,INV-000177,SERVICE_PROCUREMENT
1011HG2894717-173-1-1,MS1,INV-000177,SERVICE_PROCUREMENT
1011HG2894717-170-1-1,MS1,INV-000177,SERVICE_PROCUREMENT
1011HG2894717-170-2-1,MS1,INV-000177,SERVICE_PROCUREMENT
1011HG2894717-161-2-1,MS1,INV-000177,SERVICE_PROCUREMENT
1011HG2894717-161-1-1,MS1,INV-000177,SERVICE_PROCUREMENT
1011HG2894717-155-1-1,MS1,INV-000177,SERVICE_PROCUREMENT
1011HG2894717-155-2-1,MS1,INV-000177,SERVICE_PROCUREMENT
1011HG2894718-166-1-1,MS1,INV-000178,SERVICE_PROCUREMENT
1011HG2894718-102-1-1,MS1,INV-000178,SERVICE_PROCUREMENT
1011HG2894715-269-1-1,MS1,INV-000178,SERVICE_PROCUREMENT
1011HG3068809-34-2-1,MS1,INV-000178,SERVICE_PROCUREMENT
1011HG2894718-9-1-1,MS1,INV-000178,SERVICE_PROCUREMENT
1011HG3068809-33-2-1,MS1,INV-000178,SERVICE_PROCUREMENT
1011HG2894715-240-1-1,MS1,INV-000178,SERVICE_PROCUREMENT
1011HG2894718-54-1-1,MS1,INV-000178,SERVICE_PROCUREMENT
1011HG3068809-51-1-1,MS1,INV-000178,SERVICE_PROCUREMENT
1011HG2894715-281-1-1,MS1,INV-000178,SERVICE_PROCUREMENT
1011HG2894717-196-1-1,MS1,INV-000178,SERVICE_PROCUREMENT
1011HG2894715-273-1-1,MS1,INV-000178,SERVICE_PROCUREMENT
1011HG2894718-39-1-1,MS1,INV-000178,SERVICE_PROCUREMENT
1011HG2894715-239-1-1,MS1,INV-000178,SERVICE_PROCUREMENT
1011HG2894715-238-1-1,MS1,INV-000178,SERVICE_PROCUREMENT
1011HG2894715-271-1-1,MS1,INV-000178,SERVICE_PROCUREMENT
1011HG2894715-265-1-1,MS1,INV-000178,SERVICE_PROCUREMENT
1011HG2894718-49-1-1,MS1,INV-000178,SERVICE_PROCUREMENT
1011HG3068809-32-1-1,MS1,INV-000178,SERVICE_PROCUREMENT
1011HG3068810-15-1-1,MS1,INV-000176,SERVICE_PROCUREMENT
1011HG3068809-159-1-1,MS1,INV-000176,SERVICE_PROCUREMENT
1011HG3068810-26-1-1,MS1,INV-000176,SERVICE_PROCUREMENT
1011HG3068809-184-1-1,MS1,INV-000176,SERVICE_PROCUREMENT
1011HG3068810-123-1-1,MS1,INV-000176,SERVICE_PROCUREMENT
1011HG3068810-28-3-1,MS1,INV-000176,SERVICE_PROCUREMENT
1011HG3068810-80-1-1,MS1,INV-000176,SERVICE_PROCUREMENT
1011HG3068810-132-1-1,MS1,INV-000176,SERVICE_PROCUREMENT
1011HG2894715-478-1-1,MS1,INV-000176,SERVICE_PROCUREMENT
1011HG2894718-171-3-1,MS1,INV-000176,SERVICE_PROCUREMENT
1011HG3068809-257-1-1,MS1,INV-000176,SERVICE_PROCUREMENT
1011HG3068809-167-3-1,MS1,INV-000176,SERVICE_PROCUREMENT
1011HG3068809-141-2-1,MS1,INV-000176,SERVICE_PROCUREMENT
1011HG3095422-5-1-1,MS1,INV-000176,SERVICE_PROCUREMENT
1011HG2894718-185-1-1,MS1,INV-000176,SERVICE_PROCUREMENT
1011HG3068809-309-1-1,MS1,INV-000176,SERVICE_PROCUREMENT
1011HG3068809-144-2-1,MS1,INV-000176,SERVICE_PROCUREMENT
1011HG3068809-258-1-1,MS1,INV-000176,SERVICE_PROCUREMENT
1011HG3068809-145-2-1,MS1,INV-000176,SERVICE_PROCUREMENT
1011HG3068809-189-3-1,MS1,INV-000176,SERVICE_PROCUREMENT
1011HG3068810-66-1-1,MS1,INV-000176,SERVICE_PROCUREMENT
1011HG3068809-172-5-1,MS1,INV-000176,SERVICE_PROCUREMENT
1011HG2894715-418-1-1,MS1,INV-000176,SERVICE_PROCUREMENT
1011HG3068809-176-1-1,MS1,INV-000176,SERVICE_PROCUREMENT
1011HG3068809-212-1-1,MS1,INV-000176,SERVICE_PROCUREMENT
1011HG3068809-152-1-1,MS1,INV-000176,SERVICE_PROCUREMENT
1011HG3068809-300-1-1,MS1,INV-000176,SERVICE_PROCUREMENT
1011HG3068809-292-1-1,MS1,INV-000176,SERVICE_PROCUREMENT
1011HG3068810-121-1-1,MS1,INV-000176,SERVICE_PROCUREMENT
1011HG3068810-106-1-1,MS1,INV-000176,SERVICE_PROCUREMENT
1011HG3068809-226-1-1,MS1,INV-000176,SERVICE_PROCUREMENT
1011HG2894717-150-1-1,MS1,INV-000176,SERVICE_PROCUREMENT
1011HG3068809-107-1-1,MS1,INV-000176,SERVICE_PROCUREMENT
1011HG3068809-295-1-1,MS1,INV-000176,SERVICE_PROCUREMENT
1011HG3068809-296-1-1,MS1,INV-000176,SERVICE_PROCUREMENT
1011HG3068809-69-1-1,MS1,INV-000176,SERVICE_PROCUREMENT
1011HG3068809-228-1-1,MS1,INV-000176,SERVICE_PROCUREMENT
1011HG2894717-229-1-1,MS1,INV-000176,SERVICE_PROCUREMENT
1011HG3068809-313-1-1,MS1,INV-000176,SERVICE_PROCUREMENT
1011HG3068809-112-1-1,MS1,INV-000176,SERVICE_PROCUREMENT
1011HG3068809-145-3-1,MS1,INV-000176,SERVICE_PROCUREMENT
1011HG3068809-227-1-1,MS1,INV-000176,SERVICE_PROCUREMENT
1011HG3068809-189-2-1,MS1,INV-000176,SERVICE_PROCUREMENT
1011HG3068809-352-1-1,MS1,INV-000176,SERVICE_PROCUREMENT
1011HG3068809-311-1-1,MS1,INV-000176,SERVICE_PROCUREMENT
1011HG3068809-303-1-1,MS1,INV-000176,SERVICE_PROCUREMENT
1011HG3068809-308-1-1,MS1,INV-000176,SERVICE_PROCUREMENT
1011HG2894718-177-2-1,MS1,INV-000176,SERVICE_PROCUREMENT
1011HG3068810-54-1-1,MS1,INV-000176,SERVICE_PROCUREMENT
1011HG3068809-190-5-1,MS1,INV-000176,SERVICE_PROCUREMENT
1011HG2894715-489-1-1,MS1,INV-000176,SERVICE_PROCUREMENT
1011HG3068809-461-1-1,MS1,INV-000176,SERVICE_PROCUREMENT
1011HG3068809-72-1-1,MS1,INV-000176,SERVICE_PROCUREMENT
1011HG3095422-4-1-1,MS1,INV-000176,SERVICE_PROCUREMENT
1011HG3068809-172-4-1,MS1,INV-000176,SERVICE_PROCUREMENT
1011HG3068809-398-2-1,MS1,INV-000176,SERVICE_PROCUREMENT
1011HG2894717-215-1-1,MS1,INV-000176,SERVICE_PROCUREMENT
1011HG3095422-3-1-1,MS1,INV-000176,SERVICE_PROCUREMENT
1011HG3068809-298-1-1,MS1,INV-000176,SERVICE_PROCUREMENT
1011HG3068809-26-1-1,MS1,INV-000176,SERVICE_PROCUREMENT
1011HG3068809-177-1-1,MS1,INV-000176,SERVICE_PROCUREMENT
1011HG3068809-294-1-1,MS1,INV-000176,SERVICE_PROCUREMENT
1011HG3068809-393-2-1,MS1,INV-000176,SERVICE_PROCUREMENT
1011HG3068810-63-1-1,MS1,INV-000176,SERVICE_PROCUREMENT
1011HG3068809-155-1-1,MS1,INV-000176,SERVICE_PROCUREMENT
1011HG3068809-154-1-1,MS1,INV-000176,SERVICE_PROCUREMENT
1011HG3068809-181-1-1,MS1,INV-000176,SERVICE_PROCUREMENT
1011HG2894717-191-2-1,MS1,INV-000176,SERVICE_PROCUREMENT
1011HG3068809-246-1-1,MS1,INV-000176,SERVICE_PROCUREMENT
1011HG2894715-432-1-1,MS1,INV-000176,SERVICE_PROCUREMENT
1011HG3068809-304-1-1,MS1,INV-000176,SERVICE_PROCUREMENT
1011HG2894718-168-1-1,MS1,INV-000176,SERVICE_PROCUREMENT
1011HG3068810-16-1-1,MS1,INV-000176,SERVICE_PROCUREMENT
1011HG3068809-110-1-1,MS1,INV-000176,SERVICE_PROCUREMENT
1011HG3068809-354-1-1,MS1,INV-000176,SERVICE_PROCUREMENT
1011HG3068810-17-1-1,MS1,INV-000176,SERVICE_PROCUREMENT
1011HG3068809-83-1-1,MS1,INV-000176,SERVICE_PROCUREMENT
1011HG3068809-302-1-1,MS1,INV-000176,SERVICE_PROCUREMENT
1011HG3068809-297-1-1,MS1,INV-000176,SERVICE_PROCUREMENT
1011HG3068809-164-2-1,MS1,INV-000176,SERVICE_PROCUREMENT
1011HG2894715-488-1-1,MS1,INV-000176,SERVICE_PROCUREMENT
1011HG3068809-111-1-1,MS1,INV-000176,SERVICE_PROCUREMENT
1011HG3068809-113-1-1,MS1,INV-000176,SERVICE_PROCUREMENT
1011HG2894715-487-1-1,MS1,INV-000176,SERVICE_PROCUREMENT
1011HG3068809-168-2-1,MS1,INV-000176,SERVICE_PROCUREMENT
1011HG3068809-190-4-1,MS1,INV-000176,SERVICE_PROCUREMENT
1011HG3068809-404-2-1,MS1,INV-000176,SERVICE_PROCUREMENT
1011HG3068809-114-1-1,MS1,INV-000176,SERVICE_PROCUREMENT
1011HG3068809-59-1-1,MS1,INV-000176,SERVICE_PROCUREMENT
1011HG3068810-69-1-1,MS1,INV-000176,SERVICE_PROCUREMENT
1011HG3068809-397-1-1,MS1,INV-000176,SERVICE_PROCUREMENT
1011HG2894718-148-1-1,MS1,INV-000176,SERVICE_PROCUREMENT
1011HG3068809-60-2-1,MS1,INV-000176,SERVICE_PROCUREMENT
1011HG3068810-55-1-1,MS1,INV-000176,SERVICE_PROCUREMENT
1011HG3068809-254-1-1,MS1,INV-000176,SERVICE_PROCUREMENT
1011HG3068809-103-1-1,MS1,INV-000176,SERVICE_PROCUREMENT
1011HG3068809-151-1-1,MS1,INV-000176,SERVICE_PROCUREMENT
1011HG3068809-351-1-1,MS1,INV-000176,SERVICE_PROCUREMENT
1011HG3068809-299-1-1,MS1,INV-000176,SERVICE_PROCUREMENT
1011HG3068810-79-1-1,MS1,INV-000176,SERVICE_PROCUREMENT
1011HG3068809-178-1-1,MS1,INV-000176,SERVICE_PROCUREMENT
1011HG3068809-290-1-1,MS1,INV-000176,SERVICE_PROCUREMENT
1011HG3068809-293-1-1,MS1,INV-000176,SERVICE_PROCUREMENT
1011HG3068809-180-1-1,MS1,INV-000176,SERVICE_PROCUREMENT
1011HG3068810-120-1-1,MS1,INV-000176,SERVICE_PROCUREMENT
1011HG3068809-291-1-1,MS1,INV-000176,SERVICE_PROCUREMENT
1011HG3068809-68-1-1,MS1,INV-000176,SERVICE_PROCUREMENT
1011HG3068809-358-1-1,MS1,INV-000176,SERVICE_PROCUREMENT
1011HG2894718-170-1-1,MS1,INV-000176,SERVICE_PROCUREMENT
1011HG3068809-158-3-1,MS1,INV-000176,SERVICE_PROCUREMENT
1011HG3068810-18-1-1,MS1,INV-000176,SERVICE_PROCUREMENT
1011HG3068810-131-2-1,MS1,INV-000176,SERVICE_PROCUREMENT
1011HG3068810-19-1-1,MS1,INV-000176,SERVICE_PROCUREMENT
1011HG3068810-124-1-1,MS1,INV-000176,SERVICE_PROCUREMENT
1011HG3068809-167-4-1,MS1,INV-000176,SERVICE_PROCUREMENT
1011HG2894717-230-1-1,MS1,INV-000176,SERVICE_PROCUREMENT
1011HG3095422-1-1-1,MS1,INV-000176,SERVICE_PROCUREMENT
1011HG3068809-168-3-1,MS1,INV-000176,SERVICE_PROCUREMENT
1011HG3068810-57-1-1,MS1,INV-000176,SERVICE_PROCUREMENT
1011HG3068809-364-1-1,MS1,INV-000176,SERVICE_PROCUREMENT
1011HG3068809-236-1-1,MS1,INV-000176,SERVICE_PROCUREMENT
1011HG3068809-144-1-1,MS1,INV-000176,SERVICE_PROCUREMENT
1011HG3068809-164-3-1,MS1,INV-000176,SERVICE_PROCUREMENT
1011HG3068809-141-3-1,MS1,INV-000176,SERVICE_PROCUREMENT
1011HG3068809-2-1-1,MS1,INV-000176,SERVICE_PROCUREMENT
1011HG3095422-15-1-1,MS1,INV-000176,SERVICE_PROCUREMENT
1011HG3068809-60-1-1,MS1,INV-000176,SERVICE_PROCUREMENT
1011HG3068809-153-1-1,MS1,INV-000176,SERVICE_PROCUREMENT
1011HG3068809-149-1-1,MS1,INV-000176,SERVICE_PROCUREMENT
1011HG3068810-71-1-1,MS1,INV-000176,SERVICE_PROCUREMENT
1011HG3068809-369-2-1,MS1,INV-000176,SERVICE_PROCUREMENT
1011HG3068809-106-1-1,MS1,INV-000176,SERVICE_PROCUREMENT
1011HG3068809-179-1-1,MS1,INV-000176,SERVICE_PROCUREMENT
1011HG3068809-289-1-1,MS1,INV-000176,SERVICE_PROCUREMENT
1011HG3068809-182-1-1,MS1,INV-000176,SERVICE_PROCUREMENT
1011HG3068809-156-1-1,MS1,INV-000176,SERVICE_PROCUREMENT
1011HG3068809-213-1-1,MS1,INV-000176,SERVICE_PROCUREMENT
1011HG2894715-329-1-1,MS1,INV-000179,SERVICE_PROCUREMENT
1011HG3068810-202-1-1,MS1,INV-000179,SERVICE_PROCUREMENT
1011HG3068810-176-1-1,MS1,INV-000179,SERVICE_PROCUREMENT
1011HG3068810-178-2-1,MS1,INV-000179,SERVICE_PROCUREMENT
1011HG3068809-121-1-1,MS1,INV-000179,SERVICE_PROCUREMENT
1011HG3068809-126-1-1,MS1,INV-000179,SERVICE_PROCUREMENT
1011HG3068809-123-1-1,MS1,INV-000179,SERVICE_PROCUREMENT
1011HG3068809-1-2-1,MS1,INV-000179,SERVICE_PROCUREMENT
1011HG3068809-561-1-1,MS1,INV-000179,SERVICE_PROCUREMENT
1011HG3068809-13-1-1,MS1,INV-000179,SERVICE_PROCUREMENT
1011HG3068809-127-1-1,MS1,INV-000179,SERVICE_PROCUREMENT
1011HG3068809-125-1-1,MS1,INV-000179,SERVICE_PROCUREMENT
1011HG3068809-122-1-1,MS1,INV-000179,SERVICE_PROCUREMENT
1011HG2894715-396-5-1,MS1,INV-000179,SERVICE_PROCUREMENT
1011HG3095422-16-1-1,MS1,INV-000179,SERVICE_PROCUREMENT
1011HG3068809-593-1-1,MS1,INV-000179,SERVICE_PROCUREMENT
1011HG3068809-514-1-1,MS1,INV-000179,SERVICE_PROCUREMENT
1011HG3068809-515-2-1,MS1,INV-000179,SERVICE_PROCUREMENT
1011HG3068810-175-1-1,MS1,INV-000179,SERVICE_PROCUREMENT
1011HG3068809-510-3-1,MS1,INV-000179,SERVICE_PROCUREMENT
1011HG3068809-562-1-1,MS1,INV-000179,SERVICE_PROCUREMENT
1011HG3068810-200-1-1,MS1,INV-000179,SERVICE_PROCUREMENT
1011HG3068810-198-1-1,MS1,INV-000179,SERVICE_PROCUREMENT
1011HG2894717-223-1-1,MS1,INV-000180,SERVICE_PROCUREMENT
1011HG3068809-229-1-1,MS1,INV-000180,SERVICE_PROCUREMENT
1011HG3068809-230-1-1,MS1,INV-000180,SERVICE_PROCUREMENT
1011HG3068809-431-3-1,MS1,INV-000180,SERVICE_PROCUREMENT
1011HG3068809-432-4-1,MS1,INV-000180,SERVICE_PROCUREMENT
1011HG3068809-432-3-1,MS1,INV-000180,SERVICE_PROCUREMENT
1011HG3068809-432-2-1,MS1,INV-000180,SERVICE_PROCUREMENT
1011HG3068809-443-1-1,MS1,INV-000180,SERVICE_PROCUREMENT
1011HG3068809-444-1-1,MS1,INV-000180,SERVICE_PROCUREMENT
1011HG3068809-445-1-1,MS1,INV-000180,SERVICE_PROCUREMENT
1011HG3068809-446-1-1,MS1,INV-000180,SERVICE_PROCUREMENT
1011HG3068809-447-1-1,MS1,INV-000180,SERVICE_PROCUREMENT
1011HG3068809-448-1-1,MS1,INV-000180,SERVICE_PROCUREMENT
1011HG3068809-449-1-1,MS1,INV-000180,SERVICE_PROCUREMENT
1011HG3068809-450-1-1,MS1,INV-000180,SERVICE_PROCUREMENT
1011HG3068809-462-1-1,MS1,INV-000180,SERVICE_PROCUREMENT
1011HG3068809-470-3-1,MS1,INV-000180,SERVICE_PROCUREMENT
1011HG3068809-470-5-1,MS1,INV-000180,SERVICE_PROCUREMENT
1011HG3068809-470-4-1,MS1,INV-000180,SERVICE_PROCUREMENT
1011HG3068809-470-2-1,MS1,INV-000180,SERVICE_PROCUREMENT
1011HG3068809-471-3-1,MS1,INV-000180,SERVICE_PROCUREMENT
1011HG3068809-471-1-1,MS1,INV-000180,SERVICE_PROCUREMENT
1011HG3068809-471-4-1,MS1,INV-000180,SERVICE_PROCUREMENT
1011HG3068809-471-5-1,MS1,INV-000180,SERVICE_PROCUREMENT
1011HG3068809-473-1-1,MS1,INV-000180,SERVICE_PROCUREMENT
1011HG3068809-475-1-1,MS1,INV-000180,SERVICE_PROCUREMENT
1011HG3068809-475-2-1,MS1,INV-000180,SERVICE_PROCUREMENT
1011HG3068809-483-1-1,MS1,INV-000180,SERVICE_PROCUREMENT
1011HG3068809-487-1-1,MS1,INV-000180,SERVICE_PROCUREMENT
1011HG3068809-488-1-1,MS1,INV-000180,SERVICE_PROCUREMENT
1011HG3068809-491-1-1,MS1,INV-000180,SERVICE_PROCUREMENT
1011HG3068809-492-1-1,MS1,INV-000180,SERVICE_PROCUREMENT
1011HG3068809-516-2-1,MS1,INV-000180,SERVICE_PROCUREMENT
1011HG3068809-517-2-1,MS1,INV-000180,SERVICE_PROCUREMENT
1011HG3068809-517-1-1,MS1,INV-000180,SERVICE_PROCUREMENT
1011HG3068809-518-2-1,MS1,INV-000180,SERVICE_PROCUREMENT
1011HG3068809-524-1-1,MS1,INV-000180,SERVICE_PROCUREMENT
1011HG3068809-536-1-1,MS1,INV-000180,SERVICE_PROCUREMENT
1011HG3068809-597-1-1,MS1,INV-000180,SERVICE_PROCUREMENT
1011HG3068809-598-1-1,MS1,INV-000180,SERVICE_PROCUREMENT
1011HG3068809-600-1-1,MS1,INV-000180,SERVICE_PROCUREMENT
1011HG3068809-601-1-1,MS1,INV-000180,SERVICE_PROCUREMENT
1011HG3068809-617-1-1,MS1,INV-000180,SERVICE_PROCUREMENT
1011HG3068809-618-1-1,MS1,INV-000180,SERVICE_PROCUREMENT
1011HG3068809-660-1-1,MS1,INV-000180,SERVICE_PROCUREMENT
1011HG3068809-663-1-1,MS1,INV-000180,SERVICE_PROCUREMENT
1011HG3068809-664-1-1,MS1,INV-000180,SERVICE_PROCUREMENT
1011HG3068809-666-1-1,MS1,INV-000180,SERVICE_PROCUREMENT
1011HG3068809-669-1-1,MS1,INV-000180,SERVICE_PROCUREMENT
1011HG3068809-670-1-1,MS1,INV-000180,SERVICE_PROCUREMENT
1011HG3068809-9-3-1,MS1,INV-000180,SERVICE_PROCUREMENT
1011HG3068809-9-1-1,MS1,INV-000180,SERVICE_PROCUREMENT
1011HG3068809-9-2-1,MS1,INV-000180,SERVICE_PROCUREMENT
1011HG3068809-9-4-1,MS1,INV-000180,SERVICE_PROCUREMENT
1011HG3068810-206-1-1,MS1,INV-000180,SERVICE_PROCUREMENT
1011HG3068810-214-1-1,MS1,INV-000180,SERVICE_PROCUREMENT
1011HG3068810-224-1-1,MS1,INV-000180,SERVICE_PROCUREMENT
1011HG3092818-2-1-1,MS1,INV-000180,SERVICE_PROCUREMENT
1011HG3068809-596-1-1,MS1,INV-000181,SERVICE_PROCUREMENT
1011HG3068809-4-3-1,MS1,INV-000181,SERVICE_PROCUREMENT
1011HG3068810-216-1-1,MS1,INV-000181,SERVICE_PROCUREMENT
1011HG3068809-587-2-1,MS1,INV-000181,SERVICE_PROCUREMENT
1011HG3068809-588-2-1,MS1,INV-000181,SERVICE_PROCUREMENT
1011HG3068809-587-3-1,MS1,INV-000181,SERVICE_PROCUREMENT
1011HG3068809-650-1-1,MS1,INV-000181,SERVICE_PROCUREMENT
1011HG3068809-644-1-1,MS1,INV-000181,SERVICE_PROCUREMENT
1011HG3068809-641-1-1,MS1,INV-000181,SERVICE_PROCUREMENT
1011HG3068809-634-1-1,MS1,INV-000181,SERVICE_PROCUREMENT
1011HG3068809-657-1-1,MS1,INV-000181,SERVICE_PROCUREMENT
1011HG3068809-635-1-1,MS1,INV-000181,SERVICE_PROCUREMENT
1011HG3068809-633-1-1,MS1,INV-000181,SERVICE_PROCUREMENT
1011HG3068809-40-2-1,MS1,INV-000181,SERVICE_PROCUREMENT
1011HG3068809-35-1-1,MS1,INV-000181,SERVICE_PROCUREMENT
1011HG3068809-51-2-1,MS1,INV-000181,SERVICE_PROCUREMENT
1011HG3068809-428-4-1,MS1,INV-000181,SERVICE_PROCUREMENT
1011HG3068809-428-3-1,MS1,INV-000181,SERVICE_PROCUREMENT
1011HG3068809-513-3-1,MS1,INV-000181,SERVICE_PROCUREMENT
1011HG3068810-212-2-1,MS1,INV-000181,SERVICE_PROCUREMENT
1011HG3068809-512-3-1,MS1,INV-000181,SERVICE_PROCUREMENT
1011HG3068809-511-3-1,MS1,INV-000181,SERVICE_PROCUREMENT
1011HG3068809-594-1-1,MS1,INV-000181,SERVICE_PROCUREMENT
1011HG3068810-217-1-1,MS1,INV-000181,SERVICE_PROCUREMENT
1011HG3068809-622-1-1,MS1,INV-000181,SERVICE_PROCUREMENT
1011HG3068809-588-3-1,MS1,INV-000181,SERVICE_PROCUREMENT
1011HG3068809-628-1-1,MS1,INV-000181,SERVICE_PROCUREMENT
1011HG3068809-636-1-1,MS1,INV-000181,SERVICE_PROCUREMENT
1011HG3068809-643-1-1,MS1,INV-000181,SERVICE_PROCUREMENT
1011HG3068809-640-1-1,MS1,INV-000181,SERVICE_PROCUREMENT
1011HG3068810-254-1-1,MS1,INV-000181,SERVICE_PROCUREMENT
1011HG3068809-646-1-1,MS1,INV-000181,SERVICE_PROCUREMENT
1011HG3068809-551-1-1,MS1,INV-000181,SERVICE_PROCUREMENT
1011HG3068809-580-1-1,MS1,INV-000181,SERVICE_PROCUREMENT
1011HG2894718-121-1-1,MS1,INV-000181,SERVICE_PROCUREMENT
1011HG3068810-186-1-1,MS1,INV-000181,SERVICE_PROCUREMENT
1011HG3068810-73-1-1,MS1,INV-000181,SERVICE_PROCUREMENT
1011HG3068809-428-2-1,MS1,INV-000181,SERVICE_PROCUREMENT
1011HG3068809-687-1-1,MS1,INV-000181,SERVICE_PROCUREMENT
1011HG3068809-686-1-1,MS1,INV-000181,SERVICE_PROCUREMENT
1011HG2894715-412-3-1,MS1,INV-000181,SERVICE_PROCUREMENT
1011HG3068810-11-1-1,MS1,INV-000181,SERVICE_PROCUREMENT
1011HG3068810-13-1-1,MS1,INV-000181,SERVICE_PROCUREMENT
1011HG3068810-201-1-1,MS1,INV-000181,SERVICE_PROCUREMENT
1011HG3068810-177-2-1,MS1,INV-000181,SERVICE_PROCUREMENT
1011HG3068809-586-1-1,MS1,INV-000181,SERVICE_PROCUREMENT
1011HG3068809-595-1-1,MS1,INV-000181,SERVICE_PROCUREMENT
1011HG3068809-512-2-1,MS1,INV-000181,SERVICE_PROCUREMENT
1011HG3068810-211-2-1,MS1,INV-000181,SERVICE_PROCUREMENT
1011HG3068809-588-1-1,MS1,INV-000181,SERVICE_PROCUREMENT
1011HG3068809-587-4-1,MS1,INV-000181,SERVICE_PROCUREMENT
1011HG3068809-623-1-1,MS1,INV-000181,SERVICE_PROCUREMENT
1011HG3068809-587-1-1,MS1,INV-000181,SERVICE_PROCUREMENT
1011HG3068809-629-1-1,MS1,INV-000181,SERVICE_PROCUREMENT
1011HG3068809-578-1-1,MS1,INV-000181,SERVICE_PROCUREMENT
1011HG3068809-579-1-1,MS1,INV-000181,SERVICE_PROCUREMENT
1011HG2894718-99-1-1,MS1,INV-000181,SERVICE_PROCUREMENT
1011HG2894715-256-1-1,MS1,INV-000181,SERVICE_PROCUREMENT
1011HG3068810-12-1-1,MS1,INV-000181,SERVICE_PROCUREMENT
1011HG3068810-14-1-1,MS1,INV-000181,SERVICE_PROCUREMENT
1011HG3068810-177-1-1,MS1,INV-000181,SERVICE_PROCUREMENT
1011HG3068809-513-2-1,MS1,INV-000181,SERVICE_PROCUREMENT
1011HG3068809-624-1-1,MS1,INV-000181,SERVICE_PROCUREMENT
1011HG3068809-588-4-1,MS1,INV-000181,SERVICE_PROCUREMENT
1011HG3068809-621-1-1,MS1,INV-000181,SERVICE_PROCUREMENT
1011HG3068809-585-1-1,MS1,INV-000181,SERVICE_PROCUREMENT
1011HG3068809-659-1-1,MS1,INV-000181,SERVICE_PROCUREMENT
1011HG3068809-655-1-1,MS1,INV-000181,SERVICE_PROCUREMENT
1011HG3068809-550-1-1,MS1,INV-000181,SERVICE_PROCUREMENT
1011HG3068809-583-1-1,MS1,INV-000181,SERVICE_PROCUREMENT
1011HG3068809-581-1-1,MS1,INV-000181,SERVICE_PROCUREMENT
1011HG3068810-186-2-1,MS1,INV-000181,SERVICE_PROCUREMENT
1011HG3068809-468-3-1,MS1,INV-000182,SERVICE_PROCUREMENT
1011HG3068809-668-1-1,MS1,INV-000182,SERVICE_PROCUREMENT
1011HG3068809-432-1-1,MS1,INV-000182,SERVICE_PROCUREMENT
1011HG3068809-12-3-1,MS1,INV-000182,SERVICE_PROCUREMENT
1011HG3068809-581-1-1,MS2,INV-000182,SERVICE_PROCUREMENT
1011HG3068809-580-1-1,MS2,INV-000182,SERVICE_PROCUREMENT
1011HG3068810-254-1-1,MS2,INV-000182,SERVICE_PROCUREMENT
1011HG3068809-646-1-1,MS2,INV-000182,SERVICE_PROCUREMENT
1011HG3068809-657-1-1,MS2,INV-000182,SERVICE_PROCUREMENT
1011HG3068809-500-1-1,MS1,INV-000182,SERVICE_PROCUREMENT
1011HG3068809-625-1-1,MS1,INV-000182,SERVICE_PROCUREMENT
1011HG3068809-661-1-1,MS1,INV-000182,SERVICE_PROCUREMENT
1011HG3068809-468-2-1,MS1,INV-000182,SERVICE_PROCUREMENT
1011HG3068810-73-2-1,MS1,INV-000182,SERVICE_PROCUREMENT
1011HG3068809-469-3-1,MS1,INV-000182,SERVICE_PROCUREMENT
1011HG3068809-573-1-1,MS1,INV-000182,SERVICE_PROCUREMENT
1011HG3068809-633-1-1,MS2,INV-000182,SERVICE_PROCUREMENT
1011HG3068809-583-1-1,MS2,INV-000182,SERVICE_PROCUREMENT
1011HG3068809-35-2-1,MS1,INV-000182,SERVICE_PROCUREMENT
1011HG3068809-489-1-1,MS1,INV-000182,SERVICE_PROCUREMENT
1011HG3068810-259-1-1,MS1,INV-000182,SERVICE_PROCUREMENT
1011HG3068810-73-3-1,MS1,INV-000182,SERVICE_PROCUREMENT
1011HG3068809-468-4-1,MS1,INV-000182,SERVICE_PROCUREMENT
1011HG3068809-474-1-1,MS1,INV-000182,SERVICE_PROCUREMENT
1011HG3068809-468-1-1,MS1,INV-000182,SERVICE_PROCUREMENT
1011HG3068809-469-2-1,MS1,INV-000182,SERVICE_PROCUREMENT
1011HG3068809-431-2-1,MS1,INV-000182,SERVICE_PROCUREMENT
1011HG3068810-20-1-1,MS1,INV-000182,SERVICE_PROCUREMENT
1011HG3068809-636-1-1,MS2,INV-000182,SERVICE_PROCUREMENT
1011HG3068809-550-1-1,MS2,INV-000182,SERVICE_PROCUREMENT
1011HG3068809-551-1-1,MS2,INV-000182,SERVICE_PROCUREMENT
1011HG3068809-628-1-1,MS2,INV-000182,SERVICE_PROCUREMENT
1011HG3068809-655-1-1,MS2,INV-000182,SERVICE_PROCUREMENT
1011HG3068809-635-1-1,MS2,INV-000182,SERVICE_PROCUREMENT
1011HG2894715-290-1-1,MS1,INV-000182,SERVICE_PROCUREMENT
1011HG2894715-254-1-1,MS1,INV-000182,SERVICE_PROCUREMENT
1011HG3068809-52-1-1,MS1,INV-000182,SERVICE_PROCUREMENT
1011HG3068809-708-1-1,MS1,INV-000182,SERVICE_PROCUREMENT
1011HG3068809-472-1-1,MS1,INV-000182,SERVICE_PROCUREMENT
1011HG3068810-86-1-1,MS1,INV-000182,SERVICE_PROCUREMENT
1011HG3068809-700-1-1,MS1,INV-000182,SERVICE_PROCUREMENT
1011HG3068809-472-2-1,MS1,INV-000182,SERVICE_PROCUREMENT
1011HG3068809-215-1-1,MS1,INV-000182,SERVICE_PROCUREMENT
1011HG3068809-470-1-1,MS1,INV-000182,SERVICE_PROCUREMENT
1011HG3068809-469-1-1,MS1,INV-000182,SERVICE_PROCUREMENT
1011HG3068809-498-2-1,MS1,INV-000182,SERVICE_PROCUREMENT
1011HG3068809-566-1-1,MS1,INV-000182,SERVICE_PROCUREMENT
1011HG3068809-578-1-1,MS2,INV-000182,SERVICE_PROCUREMENT
1011HG3068809-643-1-1,MS2,INV-000182,SERVICE_PROCUREMENT
1011HG3068809-659-1-1,MS2,INV-000182,SERVICE_PROCUREMENT
1011HG3068809-650-1-1,MS2,INV-000182,SERVICE_PROCUREMENT
1011HG3068809-579-1-1,MS2,INV-000182,SERVICE_PROCUREMENT
1011HG3068809-644-1-1,MS2,INV-000182,SERVICE_PROCUREMENT
1011HG3068809-634-1-1,MS2,INV-000182,SERVICE_PROCUREMENT
1011HG3068809-641-1-1,MS2,INV-000182,SERVICE_PROCUREMENT
1011HG3068809-629-1-1,MS2,INV-000182,SERVICE_PROCUREMENT
1011HG3068809-500-3-1,MS1,INV-000182,SERVICE_PROCUREMENT
1011HG2894715-258-1-1,MS1,INV-000182,SERVICE_PROCUREMENT
1011HG2894715-366-1-1,MS1,INV-000182,SERVICE_PROCUREMENT
1011HG2894715-291-1-1,MS1,INV-000182,SERVICE_PROCUREMENT
1011HG3068809-555-1-1,MS1,INV-000183,SERVICE_PROCUREMENT
1011HG3068809-626-2-1,MS1,INV-000183,SERVICE_PROCUREMENT
1011HG3068809-460-1-1,MS1,INV-000183,SERVICE_PROCUREMENT
1011HG3068809-606-3-1,MS1,INV-000183,SERVICE_PROCUREMENT
1011HG3068809-1-1-1,MS1,INV-000183,SERVICE_PROCUREMENT
1011HG3068809-627-3-1,MS1,INV-000183,SERVICE_PROCUREMENT
1011HG3068809-590-2-1,MS1,INV-000183,SERVICE_PROCUREMENT
1011HG2894715-152-2-1,MS1,INV-000183,SERVICE_PROCUREMENT
1011HG2894715-152-1-1,MS1,INV-000183,SERVICE_PROCUREMENT
1011HG2894715-257-1-1,MS1,INV-000183,SERVICE_PROCUREMENT
1011HG2894715-483-1-1,MS1,INV-000183,SERVICE_PROCUREMENT
1011HG2894715-108-1-1,MS1,INV-000183,SERVICE_PROCUREMENT
1011HG3068809-545-2-1,MS1,INV-000183,SERVICE_PROCUREMENT
1011HG3068809-33-1-1,MS1,INV-000183,SERVICE_PROCUREMENT
1011HG3068809-34-1-1,MS1,INV-000183,SERVICE_PROCUREMENT
1011HG3068809-467-1-1,MS1,INV-000183,SERVICE_PROCUREMENT
1011HG3068809-557-1-1,MS1,INV-000183,SERVICE_PROCUREMENT
1011HG3068810-128-2-1,MS1,INV-000183,SERVICE_PROCUREMENT
1011HG3068809-627-1-1,MS1,INV-000183,SERVICE_PROCUREMENT
1011HG3068809-734-1-1,MS1,INV-000183,SERVICE_PROCUREMENT
1011HG3068809-590-1-1,MS1,INV-000183,SERVICE_PROCUREMENT
1011HG3068809-590-4-1,MS1,INV-000183,SERVICE_PROCUREMENT
1011HG3068809-690-2-1,MS1,INV-000183,SERVICE_PROCUREMENT
1011HG3068809-690-1-1,MS1,INV-000183,SERVICE_PROCUREMENT
1011HG3068809-440-2-1,MS1,INV-000183,SERVICE_PROCUREMENT
1011HG3068809-565-1-1,MS1,INV-000183,SERVICE_PROCUREMENT
1011HG3068809-692-2-1,MS1,INV-000183,SERVICE_PROCUREMENT
1011HG2894717-83-1-1,MS1,INV-000183,SERVICE_PROCUREMENT
1011HG2894718-130-2-1,MS1,INV-000183,SERVICE_PROCUREMENT
1011HG2894717-84-1-1,MS1,INV-000183,SERVICE_PROCUREMENT
1011HG3068809-507-2-1,MS1,INV-000183,SERVICE_PROCUREMENT
1011HG3068809-559-1-1,MS1,INV-000183,SERVICE_PROCUREMENT
1011HG3068809-605-2-1,MS1,INV-000183,SERVICE_PROCUREMENT
1011HG3068810-128-1-1,MS1,INV-000183,SERVICE_PROCUREMENT
1011HG3068809-606-1-1,MS1,INV-000183,SERVICE_PROCUREMENT
1011HG3068809-439-1-1,MS1,INV-000183,SERVICE_PROCUREMENT
1011HG3068809-691-2-1,MS1,INV-000183,SERVICE_PROCUREMENT
1011HG3068809-692-1-1,MS1,INV-000183,SERVICE_PROCUREMENT
1011HG3068809-440-1-1,MS1,INV-000183,SERVICE_PROCUREMENT
1011HG3068809-691-1-1,MS1,INV-000183,SERVICE_PROCUREMENT
1011HG2894715-294-1-1,MS1,INV-000183,SERVICE_PROCUREMENT
1011HG2894715-267-1-1,MS1,INV-000183,SERVICE_PROCUREMENT
1011HG3068809-640-1-1,MS2,INV-000183,SERVICE_PROCUREMENT
1011HG3068809-32-2-1,MS1,INV-000183,SERVICE_PROCUREMENT
1011HG2894717-145-3-1,MS1,INV-000183,SERVICE_PROCUREMENT
1011HG3068809-560-1-1,MS1,INV-000183,SERVICE_PROCUREMENT
1011HG2894717-189-1-1,MS1,INV-000183,SERVICE_PROCUREMENT
1011HG3068809-563-2-1,MS1,INV-000183,SERVICE_PROCUREMENT
1011HG3068809-604-1-1,MS1,INV-000183,SERVICE_PROCUREMENT
1011HG3068809-439-2-1,MS1,INV-000183,SERVICE_PROCUREMENT
1011HG3068809-565-2-1,MS1,INV-000183,SERVICE_PROCUREMENT
1011HG3068809-590-3-1,MS1,INV-000183,SERVICE_PROCUREMENT
1011HG2894715-480-1-1,MS1,INV-000183,SERVICE_PROCUREMENT
1011HG2894718-105-1-1,MS1,INV-000183,SERVICE_PROCUREMENT
1011HG2894718-106-1-1,MS1,INV-000183,SERVICE_PROCUREMENT
1011HG2894717-79-1-1,MS1,INV-000183,SERVICE_PROCUREMENT
1011HG3068809-508-1-1,MS1,INV-000183,SERVICE_PROCUREMENT
1011HG3068809-546-2-1,MS1,INV-000183,SERVICE_PROCUREMENT
1011HG3068809-725-1-1,MS1,INV-000184,SERVICE_PROCUREMENT
1011HG3068809-720-2-1,MS1,INV-000184,SERVICE_PROCUREMENT
1011HG2894717-214-1-1,MS1,INV-000184,SERVICE_PROCUREMENT
1011HG3068809-429-1-1,MS1,INV-000184,SERVICE_PROCUREMENT
1011HG3068809-518-1-1,MS1,INV-000184,SERVICE_PROCUREMENT
1011HG3068809-520-5-1,MS1,INV-000184,SERVICE_PROCUREMENT
1011HG3068809-662-1-1,MS1,INV-000184,SERVICE_PROCUREMENT
1011HG3068809-520-3-1,MS1,INV-000184,SERVICE_PROCUREMENT
1011HG3068809-490-1-1,MS1,INV-000184,SERVICE_PROCUREMENT
1011HG3068809-759-1-1,MS1,INV-000184,SERVICE_PROCUREMENT
1011HG3068810-266-1-1,MS1,INV-000184,SERVICE_PROCUREMENT
1011HG3068809-760-1-1,MS1,INV-000184,SERVICE_PROCUREMENT
1011HG3068809-757-1-1,MS1,INV-000184,SERVICE_PROCUREMENT
1011HG3068809-758-1-1,MS1,INV-000184,SERVICE_PROCUREMENT
1011HG3068809-569-1-1,MS1,INV-000184,SERVICE_PROCUREMENT
1011HG3068809-571-1-1,MS1,INV-000184,SERVICE_PROCUREMENT
1011HG2894715-306-1-1,MS1,INV-000184,SERVICE_PROCUREMENT
1011HG3068809-485-1-1,MS1,INV-000184,SERVICE_PROCUREMENT
1011HG3068809-520-2-1,MS1,INV-000184,SERVICE_PROCUREMENT
1011HG3068809-771-1-1,MS1,INV-000184,SERVICE_PROCUREMENT
1011HG3068809-710-1-1,MS1,INV-000184,SERVICE_PROCUREMENT
1011HG3068809-570-1-1,MS1,INV-000184,SERVICE_PROCUREMENT
1011HG3068810-72-2-1,MS1,INV-000184,SERVICE_PROCUREMENT
1011HG3068809-332-1-1,MS1,INV-000184,SERVICE_PROCUREMENT
1011HG3068809-516-1-1,MS1,INV-000184,SERVICE_PROCUREMENT
1011HG3068809-520-4-1,MS1,INV-000184,SERVICE_PROCUREMENT
1011HG3068809-568-1-1,MS1,INV-000184,SERVICE_PROCUREMENT
1011HG3068809-720-1-1,MS1,INV-000184,SERVICE_PROCUREMENT
1011HG3068809-558-1-1,MS1,INV-000184,SERVICE_PROCUREMENT
1011HG3068809-523-1-1,MS1,INV-000184,SERVICE_PROCUREMENT
1011HG3068809-699-1-1,MS1,INV-000184,SERVICE_PROCUREMENT
1011HG3068809-520-1-1,MS1,INV-000184,SERVICE_PROCUREMENT
1011HG3068809-761-1-1,MS1,INV-000184,SERVICE_PROCUREMENT
1011HG3068809-709-1-1,MS1,INV-000184,SERVICE_PROCUREMENT
1011HG3068809-696-1-1,MS1,INV-000184,SERVICE_PROCUREMENT
1011HG3068810-72-3-1,MS1,INV-000184,SERVICE_PROCUREMENT
1011HG3068809-129-1-1,MS1,INV-000184,SERVICE_PROCUREMENT
1011HG3068809-466-1-1,MS1,INV-000185,SERVICE_PROCUREMENT
1011HG3068809-417-1-1,MS1,INV-000185,SERVICE_PROCUREMENT
1011HG3068809-794-1-1,MS1,INV-000185,SERVICE_PROCUREMENT
1011HG3068810-276-1-1,MS1,INV-000185,SERVICE_PROCUREMENT
1011HG3068810-275-1-1,MS1,INV-000185,SERVICE_PROCUREMENT
1011HG3068809-795-1-1,MS1,INV-000185,SERVICE_PROCUREMENT
1011HG3068810-253-1-1,MS1,INV-000185,SERVICE_PROCUREMENT
1011HG3068810-252-1-1,MS1,INV-000185,SERVICE_PROCUREMENT
1011HG3068810-134-2-1,MS1,INV-000185,SERVICE_PROCUREMENT
1011HG3068810-160-2-1,MS1,INV-000185,SERVICE_PROCUREMENT
1011HG3068810-193-1-1,MS1,INV-000185,SERVICE_PROCUREMENT
1011HG3068810-192-1-1,MS1,INV-000185,SERVICE_PROCUREMENT
1011HG3068809-164-1-1,MS1,INV-000185,SERVICE_PROCUREMENT
1011HG3068810-136-2-1,MS1,INV-000185,SERVICE_PROCUREMENT
1011HG3068810-190-1-1,MS1,INV-000185,SERVICE_PROCUREMENT
1011HG3068809-378-1-1,MS1,INV-000185,SERVICE_PROCUREMENT
1011HG3068809-370-1-1,MS1,INV-000185,SERVICE_PROCUREMENT
1011HG3068809-175-5-1,MS1,INV-000185,SERVICE_PROCUREMENT
1011HG3068809-168-6-1,MS1,INV-000185,SERVICE_PROCUREMENT
1011HG3068810-24-2-1,MS1,INV-000185,SERVICE_PROCUREMENT
1011HG3068809-175-6-1,MS1,INV-000185,SERVICE_PROCUREMENT
1011HG3068809-391-2-1,MS1,INV-000185,SERVICE_PROCUREMENT
1011HG3068809-403-2-1,MS1,INV-000185,SERVICE_PROCUREMENT
1011HG3068809-366-1-1,MS1,INV-000185,SERVICE_PROCUREMENT
1011HG3068810-148-2-1,MS1,INV-000185,SERVICE_PROCUREMENT
1011HG3068809-160-3-1,MS1,INV-000185,SERVICE_PROCUREMENT
1011HG3068809-160-5-1,MS1,INV-000185,SERVICE_PROCUREMENT
1011HG3068809-145-1-1,MS1,INV-000185,SERVICE_PROCUREMENT
1011HG3068809-193-1-1,MS1,INV-000185,SERVICE_PROCUREMENT
1011HG3068809-145-6-1,MS1,INV-000185,SERVICE_PROCUREMENT
1011HG3068810-84-5-1,MS1,INV-000185,SERVICE_PROCUREMENT
1011HG3068810-84-6-1,MS1,INV-000185,SERVICE_PROCUREMENT
1011HG3068809-380-2-1,MS1,INV-000185,SERVICE_PROCUREMENT
1011HG3068810-32-2-1,MS1,INV-000185,SERVICE_PROCUREMENT
1011HG3068809-172-6-1,MS1,INV-000185,SERVICE_PROCUREMENT
1011HG3068809-401-1-1,MS1,INV-000185,SERVICE_PROCUREMENT
1011HG3068809-368-1-1,MS1,INV-000185,SERVICE_PROCUREMENT
1011HG3068809-141-6-1,MS1,INV-000185,SERVICE_PROCUREMENT
1011HG3068809-190-2-1,MS1,INV-000185,SERVICE_PROCUREMENT
1011HG3068810-75-1-1,MS1,INV-000185,SERVICE_PROCUREMENT
1011HG3068810-75-5-1,MS1,INV-000185,SERVICE_PROCUREMENT
1011HG3068809-684-1-1,MS1,INV-000185,SERVICE_PROCUREMENT
1011HG3068809-682-1-1,MS1,INV-000185,SERVICE_PROCUREMENT
1011HG3068809-416-2-1,MS1,INV-000185,SERVICE_PROCUREMENT
1011HG3068809-414-2-1,MS1,INV-000185,SERVICE_PROCUREMENT
1011HG3068809-418-1-1,MS1,INV-000185,SERVICE_PROCUREMENT
1011HG3068809-465-1-1,MS1,INV-000185,SERVICE_PROCUREMENT
1011HG3068810-279-1-1,MS1,INV-000185,SERVICE_PROCUREMENT
1011HG3068810-274-1-1,MS1,INV-000185,SERVICE_PROCUREMENT
1011HG3068809-653-1-1,MS1,INV-000185,SERVICE_PROCUREMENT
1011HG3068810-256-1-1,MS1,INV-000185,SERVICE_PROCUREMENT
1011HG3068809-798-1-1,MS1,INV-000185,SERVICE_PROCUREMENT
1011HG3068810-278-1-1,MS1,INV-000185,SERVICE_PROCUREMENT
1011HG3068809-797-1-1,MS1,INV-000185,SERVICE_PROCUREMENT
1011HG3068810-135-2-1,MS1,INV-000185,SERVICE_PROCUREMENT
1011HG3068809-402-1-1,MS1,INV-000185,SERVICE_PROCUREMENT
1011HG3068810-165-1-1,MS1,INV-000185,SERVICE_PROCUREMENT
1011HG3068810-207-1-1,MS1,INV-000185,SERVICE_PROCUREMENT
1011HG3068809-423-1-1,MS1,INV-000185,SERVICE_PROCUREMENT
1011HG3068810-170-1-1,MS1,INV-000185,SERVICE_PROCUREMENT
1011HG3068810-156-3-1,MS1,INV-000185,SERVICE_PROCUREMENT
1011HG3068810-196-1-1,MS1,INV-000185,SERVICE_PROCUREMENT
1011HG3068810-159-1-1,MS1,INV-000185,SERVICE_PROCUREMENT
1011HG3068809-373-2-1,MS1,INV-000185,SERVICE_PROCUREMENT
1011HG3068809-164-6-1,MS1,INV-000185,SERVICE_PROCUREMENT
1011HG3068809-376-2-1,MS1,INV-000185,SERVICE_PROCUREMENT
1011HG3068810-143-1-1,MS1,INV-000185,SERVICE_PROCUREMENT
1011HG3068810-142-1-1,MS1,INV-000185,SERVICE_PROCUREMENT
1011HG3068809-395-2-1,MS1,INV-000185,SERVICE_PROCUREMENT
1011HG3068809-397-2-1,MS1,INV-000185,SERVICE_PROCUREMENT
1011HG3068809-392-1-1,MS1,INV-000185,SERVICE_PROCUREMENT
1011HG3068809-193-5-1,MS1,INV-000185,SERVICE_PROCUREMENT
1011HG3068809-187-5-1,MS1,INV-000185,SERVICE_PROCUREMENT
1011HG3068809-394-2-1,MS1,INV-000185,SERVICE_PROCUREMENT
1011HG3068810-29-6-1,MS1,INV-000185,SERVICE_PROCUREMENT
1011HG3068810-29-2-1,MS1,INV-000185,SERVICE_PROCUREMENT
1011HG3068809-407-2-1,MS1,INV-000185,SERVICE_PROCUREMENT
1011HG3068809-108-6-1,MS1,INV-000185,SERVICE_PROCUREMENT
1011HG3068809-377-1-1,MS1,INV-000185,SERVICE_PROCUREMENT
1011HG3068809-404-1-1,MS1,INV-000185,SERVICE_PROCUREMENT
1011HG3068809-189-6-1,MS1,INV-000185,SERVICE_PROCUREMENT
1011HG3068809-365-2-1,MS1,INV-000185,SERVICE_PROCUREMENT
1011HG3068809-189-1-1,MS1,INV-000185,SERVICE_PROCUREMENT
1011HG3068809-190-6-1,MS1,INV-000185,SERVICE_PROCUREMENT
1011HG3068810-132-2-1,MS1,INV-000185,SERVICE_PROCUREMENT
1011HG3068809-501-1-1,MS1,INV-000185,SERVICE_PROCUREMENT
1011HG3068809-417-2-1,MS1,INV-000185,SERVICE_PROCUREMENT
1011HG3068809-436-1-1,MS1,INV-000185,SERVICE_PROCUREMENT
1011HG3068809-418-2-1,MS1,INV-000185,SERVICE_PROCUREMENT
1011HG3068809-415-2-1,MS1,INV-000185,SERVICE_PROCUREMENT
1011HG3068809-416-1-1,MS1,INV-000185,SERVICE_PROCUREMENT
1011HG3068810-249-1-1,MS1,INV-000185,SERVICE_PROCUREMENT
1011HG3068809-656-1-1,MS1,INV-000185,SERVICE_PROCUREMENT
1011HG3068810-250-1-1,MS1,INV-000185,SERVICE_PROCUREMENT
1011HG3068809-801-1-1,MS1,INV-000185,SERVICE_PROCUREMENT
1011HG3068810-255-1-1,MS1,INV-000185,SERVICE_PROCUREMENT
1011HG3068809-651-1-1,MS1,INV-000185,SERVICE_PROCUREMENT
1011HG3068810-251-1-1,MS1,INV-000185,SERVICE_PROCUREMENT
1011HG3068809-372-2-1,MS1,INV-000185,SERVICE_PROCUREMENT
1011HG3068810-169-1-1,MS1,INV-000185,SERVICE_PROCUREMENT
1011HG3068810-157-2-1,MS1,INV-000185,SERVICE_PROCUREMENT
1011HG3068810-191-1-1,MS1,INV-000185,SERVICE_PROCUREMENT
1011HG3068810-171-1-1,MS1,INV-000185,SERVICE_PROCUREMENT
1011HG3068810-166-1-1,MS1,INV-000185,SERVICE_PROCUREMENT
1011HG3068810-141-1-1,MS1,INV-000185,SERVICE_PROCUREMENT
1011HG3068810-146-1-1,MS1,INV-000185,SERVICE_PROCUREMENT
1011HG3068810-24-1-1,MS1,INV-000185,SERVICE_PROCUREMENT
1011HG3068810-133-1-1,MS1,INV-000185,SERVICE_PROCUREMENT
1011HG3068809-405-2-1,MS1,INV-000185,SERVICE_PROCUREMENT
1011HG3068809-163-1-1,MS1,INV-000185,SERVICE_PROCUREMENT
1011HG3068809-163-6-1,MS1,INV-000185,SERVICE_PROCUREMENT
1011HG3068809-162-1-1,MS1,INV-000185,SERVICE_PROCUREMENT
1011HG3068809-162-4-1,MS1,INV-000185,SERVICE_PROCUREMENT
1011HG3068809-158-2-1,MS1,INV-000185,SERVICE_PROCUREMENT
1011HG3068809-108-4-1,MS1,INV-000185,SERVICE_PROCUREMENT
1011HG3068810-144-2-1,MS1,INV-000185,SERVICE_PROCUREMENT
1011HG3068809-144-5-1,MS1,INV-000185,SERVICE_PROCUREMENT
1011HG3068809-144-3-1,MS1,INV-000185,SERVICE_PROCUREMENT
1011HG3068809-367-2-1,MS1,INV-000185,SERVICE_PROCUREMENT
1011HG3068810-94-1-1,MS1,INV-000185,SERVICE_PROCUREMENT
1011HG3068809-526-1-1,MS1,INV-000185,SERVICE_PROCUREMENT
1011HG3068809-526-4-1,MS1,INV-000185,SERVICE_PROCUREMENT
1011HG3068809-683-1-1,MS1,INV-000185,SERVICE_PROCUREMENT
1011HG3068809-414-1-1,MS1,INV-000185,SERVICE_PROCUREMENT
1011HG3068809-463-1-1,MS1,INV-000185,SERVICE_PROCUREMENT
1011HG3068809-418-4-1,MS1,INV-000185,SERVICE_PROCUREMENT
1011HG3068809-415-1-1,MS1,INV-000185,SERVICE_PROCUREMENT
1011HG3068809-733-1-1,MS1,INV-000185,SERVICE_PROCUREMENT
1011HG3068809-800-1-1,MS1,INV-000185,SERVICE_PROCUREMENT
1011HG3068809-804-1-1,MS1,INV-000185,SERVICE_PROCUREMENT
1011HG3068809-802-1-1,MS1,INV-000185,SERVICE_PROCUREMENT
1011HG3068810-248-1-1,MS1,INV-000185,SERVICE_PROCUREMENT
1011HG3068810-277-1-1,MS1,INV-000185,SERVICE_PROCUREMENT
1011HG3068809-799-1-1,MS1,INV-000185,SERVICE_PROCUREMENT
1011HG3068809-654-1-1,MS1,INV-000185,SERVICE_PROCUREMENT
1011HG3068809-806-1-1,MS1,INV-000185,SERVICE_PROCUREMENT
1011HG3068809-658-1-1,MS1,INV-000185,SERVICE_PROCUREMENT
1011HG3068809-796-1-1,MS1,INV-000185,SERVICE_PROCUREMENT
1011HG3068810-137-1-1,MS1,INV-000185,SERVICE_PROCUREMENT
1011HG3068810-163-2-1,MS1,INV-000185,SERVICE_PROCUREMENT
1011HG3068810-195-1-1,MS1,INV-000185,SERVICE_PROCUREMENT
1011HG3068810-172-1-1,MS1,INV-000185,SERVICE_PROCUREMENT
1011HG3068809-496-1-1,MS1,INV-000185,SERVICE_PROCUREMENT
1011HG3068810-162-2-1,MS1,INV-000185,SERVICE_PROCUREMENT
1011HG3068810-194-1-1,MS1,INV-000185,SERVICE_PROCUREMENT
1011HG3068810-180-3-1,MS1,INV-000185,SERVICE_PROCUREMENT
1011HG3068810-158-2-1,MS1,INV-000185,SERVICE_PROCUREMENT
1011HG3068810-161-2-1,MS1,INV-000185,SERVICE_PROCUREMENT
1011HG3068810-155-2-1,MS1,INV-000185,SERVICE_PROCUREMENT
1011HG3068810-168-1-1,MS1,INV-000185,SERVICE_PROCUREMENT
1011HG3068810-164-2-1,MS1,INV-000185,SERVICE_PROCUREMENT
1011HG3068809-371-1-1,MS1,INV-000185,SERVICE_PROCUREMENT
1011HG3068809-375-1-1,MS1,INV-000185,SERVICE_PROCUREMENT
1011HG3068810-138-2-1,MS1,INV-000185,SERVICE_PROCUREMENT
1011HG3068809-147-4-1,MS1,INV-000185,SERVICE_PROCUREMENT
1011HG3068809-147-5-1,MS1,INV-000185,SERVICE_PROCUREMENT
1011HG3068809-168-1-1,MS1,INV-000185,SERVICE_PROCUREMENT
1011HG3068809-173-2-1,MS1,INV-000185,SERVICE_PROCUREMENT
1011HG3068809-173-5-1,MS1,INV-000185,SERVICE_PROCUREMENT
1011HG3068809-393-1-1,MS1,INV-000185,SERVICE_PROCUREMENT
1011HG3068809-374-1-1,MS1,INV-000185,SERVICE_PROCUREMENT
1011HG3068809-187-3-1,MS1,INV-000185,SERVICE_PROCUREMENT
1011HG3068810-153-2-1,MS1,INV-000185,SERVICE_PROCUREMENT
1011HG3068810-32-4-1,MS1,INV-000185,SERVICE_PROCUREMENT
1011HG3068809-399-2-1,MS1,INV-000185,SERVICE_PROCUREMENT
1011HG3068809-172-1-1,MS1,INV-000185,SERVICE_PROCUREMENT
1011HG3068809-396-2-1,MS1,INV-000185,SERVICE_PROCUREMENT
1011HG3068809-400-2-1,MS1,INV-000185,SERVICE_PROCUREMENT
1011HG3068809-141-1-1,MS1,INV-000185,SERVICE_PROCUREMENT
1011HG3068810-131-1-1,MS1,INV-000185,SERVICE_PROCUREMENT
1011HG3068809-502-1-1,MS1,INV-000185,SERVICE_PROCUREMENT
1011HG3068809-554-1-1,MS1,INV-000185,SERVICE_PROCUREMENT
1011HG3068809-521-2-1,MS1,INV-000186,SERVICE_PROCUREMENT
1011HG3068809-521-3-1,MS1,INV-000186,SERVICE_PROCUREMENT
1011HG3068809-750-1-1,MS1,INV-000186,SERVICE_PROCUREMENT
1011HG3068809-754-1-1,MS1,INV-000186,SERVICE_PROCUREMENT
1011HG3068809-275-1-1,MS1,INV-000186,SERVICE_PROCUREMENT
1011HG3068810-82-5-1,MS1,INV-000186,SERVICE_PROCUREMENT
1011HG3068809-574-1-1,MS1,INV-000186,SERVICE_PROCUREMENT
1011HG3068809-576-1-1,MS1,INV-000186,SERVICE_PROCUREMENT
1011HG3068809-453-1-1,MS1,INV-000186,SERVICE_PROCUREMENT
1011HG3068809-755-1-1,MS1,INV-000186,SERVICE_PROCUREMENT
1011HG3068809-486-1-1,MS1,INV-000186,SERVICE_PROCUREMENT
1011HG3068809-482-1-1,MS1,INV-000186,SERVICE_PROCUREMENT
1011HG3068809-535-1-1,MS1,INV-000186,SERVICE_PROCUREMENT
1011HG3068809-519-3-1,MS1,INV-000186,SERVICE_PROCUREMENT
1011HG2894718-107-1-1,MS1,INV-000186,SERVICE_PROCUREMENT
1011HG2894718-57-1-1,MS1,INV-000186,SERVICE_PROCUREMENT
1011HG2894718-44-1-1,MS1,INV-000186,SERVICE_PROCUREMENT
1011HG3068809-749-1-1,MS1,INV-000186,SERVICE_PROCUREMENT
1011HG3068810-244-1-1,MS1,INV-000186,SERVICE_PROCUREMENT
1011HG3068810-226-1-1,MS1,INV-000186,SERVICE_PROCUREMENT
1011HG3068809-776-1-1,MS1,INV-000186,SERVICE_PROCUREMENT
1011HG3068809-775-1-1,MS1,INV-000186,SERVICE_PROCUREMENT
1011HG3068809-613-3-1,MS1,INV-000186,SERVICE_PROCUREMENT
1011HG3068810-65-1-1,MS1,INV-000186,SERVICE_PROCUREMENT
1011HG3068809-452-1-1,MS1,INV-000186,SERVICE_PROCUREMENT
1011HG3068809-484-1-1,MS1,INV-000186,SERVICE_PROCUREMENT
1011HG3068809-519-2-1,MS1,INV-000186,SERVICE_PROCUREMENT
1011HG3068809-751-1-1,MS1,INV-000186,SERVICE_PROCUREMENT
1011HG3068809-522-3-1,MS1,INV-000186,SERVICE_PROCUREMENT
1011HG2894718-43-1-1,MS1,INV-000186,SERVICE_PROCUREMENT
1011HG3068810-225-2-1,MS1,INV-000186,SERVICE_PROCUREMENT
1011HG3068809-774-1-1,MS1,INV-000186,SERVICE_PROCUREMENT
1011HG3068810-82-1-1,MS1,INV-000186,SERVICE_PROCUREMENT
1011HG3068809-575-1-1,MS1,INV-000186,SERVICE_PROCUREMENT
1011HG3068810-221-1-1,MS1,INV-000186,SERVICE_PROCUREMENT
1011HG3068809-577-1-1,MS1,INV-000186,SERVICE_PROCUREMENT
1011HG3068809-3-2-1,MS1,INV-000186,SERVICE_PROCUREMENT
1011HG3068809-451-1-1,MS1,INV-000186,SERVICE_PROCUREMENT
1011HG3068809-730-4-1,MS1,INV-000186,SERVICE_PROCUREMENT
1011HG3068809-730-3-1,MS1,INV-000186,SERVICE_PROCUREMENT
1011HG3068809-521-1-1,MS1,INV-000186,SERVICE_PROCUREMENT
1011HG3068809-519-5-1,MS1,INV-000186,SERVICE_PROCUREMENT
1011HG3068809-730-1-1,MS1,INV-000186,SERVICE_PROCUREMENT
1011HG3068809-522-2-1,MS1,INV-000186,SERVICE_PROCUREMENT
1011HG2894715-78-1-1,MS1,INV-000186,SERVICE_PROCUREMENT
1011HG2894715-83-1-1,MS1,INV-000186,SERVICE_PROCUREMENT
1011HG2894718-51-1-1,MS1,INV-000186,SERVICE_PROCUREMENT
1011HG3068809-499-2-1,MS1,INV-000186,SERVICE_PROCUREMENT
1011HG3068810-243-1-1,MS1,INV-000186,SERVICE_PROCUREMENT
1011HG3068810-228-1-1,MS1,INV-000186,SERVICE_PROCUREMENT
1011HG3068810-241-1-1,MS1,INV-000186,SERVICE_PROCUREMENT
1011HG3068810-167-1-1,MS1,INV-000186,SERVICE_PROCUREMENT
1011HG3068810-67-1-1,MS1,INV-000186,SERVICE_PROCUREMENT
1011HG3068810-173-1-1,MS1,INV-000186,SERVICE_PROCUREMENT
1011HG3068810-64-1-1,MS1,INV-000186,SERVICE_PROCUREMENT
1011HG3068809-183-1-1,MS1,INV-000186,SERVICE_PROCUREMENT
1011HG3068810-220-1-1,MS1,INV-000186,SERVICE_PROCUREMENT
1011HG3068809-813-1-1,MS1,INV-000186,SERVICE_PROCUREMENT
1011HG3068809-667-1-1,MS1,INV-000186,SERVICE_PROCUREMENT
1011HG3068809-843-1-1,MS1,INV-000186,SERVICE_PROCUREMENT
1011HG3068809-534-1-1,MS1,INV-000186,SERVICE_PROCUREMENT
1011HG3068809-522-1-1,MS1,INV-000186,SERVICE_PROCUREMENT
1011HG3068809-753-1-1,MS1,INV-000186,SERVICE_PROCUREMENT
1011HG3068809-344-2-1,MS1,INV-000186,SERVICE_PROCUREMENT
1011HG2894715-90-1-1,MS1,INV-000186,SERVICE_PROCUREMENT
1011HG3068809-343-2-1,MS1,INV-000186,SERVICE_PROCUREMENT
1011HG2894715-65-1-1,MS1,INV-000186,SERVICE_PROCUREMENT
1011HG3068810-227-2-1,MS1,INV-000186,SERVICE_PROCUREMENT
1011HG3068810-242-1-1,MS1,INV-000186,SERVICE_PROCUREMENT
1011HG3068809-689-1-1,MS1,INV-000186,SERVICE_PROCUREMENT
1011HG3068809-613-1-1,MS1,INV-000186,SERVICE_PROCUREMENT
1011HG3068809-715-1-1,MS1,INV-000186,SERVICE_PROCUREMENT
1011HG3068809-945-1-1,MS1,INV-000187,SERVICE_PROCUREMENT
1011HG3068809-770-1-1,MS1,INV-000187,SERVICE_PROCUREMENT
1011HG3068809-522-5-1,MS1,INV-000187,SERVICE_PROCUREMENT
1011HG3068809-603-1-1,MS1,INV-000187,SERVICE_PROCUREMENT
1011HG3068809-719-1-1,MS1,INV-000187,SERVICE_PROCUREMENT
1011HG3068809-602-3-1,MS1,INV-000187,SERVICE_PROCUREMENT
1011HG3068809-607-2-1,MS1,INV-000187,SERVICE_PROCUREMENT
1011HG3068809-712-1-1,MS1,INV-000187,SERVICE_PROCUREMENT
1011HG2894715-411-3-1,MS1,INV-000187,SERVICE_PROCUREMENT
1011HG3068809-610-1-1,MS1,INV-000187,SERVICE_PROCUREMENT
1011HG3068810-219-1-1,MS1,INV-000187,SERVICE_PROCUREMENT
1011HG3068809-167-6-1,MS1,INV-000187,SERVICE_PROCUREMENT
1011HG3068809-937-2-1,MS1,INV-000187,SERVICE_PROCUREMENT
1011HG3068809-936-4-1,MS1,INV-000187,SERVICE_PROCUREMENT
1011HG3068809-773-1-1,MS1,INV-000187,SERVICE_PROCUREMENT
1011HG3068809-688-1-1,MS1,INV-000187,SERVICE_PROCUREMENT
1011HG3068809-784-1-1,MS1,INV-000187,SERVICE_PROCUREMENT
1011HG3068809-783-1-1,MS1,INV-000187,SERVICE_PROCUREMENT
1011HG3068809-626-1-1,MS1,INV-000187,SERVICE_PROCUREMENT
1011HG3068809-504-1-1,MS1,INV-000187,SERVICE_PROCUREMENT
1011HG3068810-209-4-1,MS1,INV-000187,SERVICE_PROCUREMENT
1011HG3068809-503-1-1,MS1,INV-000187,SERVICE_PROCUREMENT
1011HG3068809-741-2-1,MS1,INV-000187,SERVICE_PROCUREMENT
1011HG3068809-826-1-1,MS1,INV-000187,SERVICE_PROCUREMENT
1011HG2894715-411-2-1,MS1,INV-000187,SERVICE_PROCUREMENT
1011HG3068809-944-1-1,MS1,INV-000187,SERVICE_PROCUREMENT
1011HG3068809-943-1-1,MS1,INV-000187,SERVICE_PROCUREMENT
1011HG3068809-942-1-1,MS1,INV-000187,SERVICE_PROCUREMENT
1011HG3068810-145-1-1,MS1,INV-000187,SERVICE_PROCUREMENT
1011HG3068809-711-1-1,MS1,INV-000187,SERVICE_PROCUREMENT
1011HG3068809-608-2-1,MS1,INV-000187,SERVICE_PROCUREMENT
1011HG3068809-521-4-1,MS1,INV-000187,SERVICE_PROCUREMENT
1011HG3068809-522-4-1,MS1,INV-000187,SERVICE_PROCUREMENT
1011HG3068809-481-1-1,MS1,INV-000187,SERVICE_PROCUREMENT
1011HG3068809-602-5-1,MS1,INV-000187,SERVICE_PROCUREMENT
1011HG3068809-717-1-1,MS1,INV-000187,SERVICE_PROCUREMENT
1011HG3068809-890-1-1,MS1,INV-000187,SERVICE_PROCUREMENT
1011HG2894715-411-1-1,MS1,INV-000187,SERVICE_PROCUREMENT
1011HG3068809-716-1-1,MS1,INV-000187,SERVICE_PROCUREMENT
1011HG3068809-610-2-1,MS1,INV-000187,SERVICE_PROCUREMENT
1011HG3068810-223-1-1,MS1,INV-000187,SERVICE_PROCUREMENT
1011HG3068809-937-3-1,MS1,INV-000187,SERVICE_PROCUREMENT
1011HG3068809-937-1-1,MS1,INV-000187,SERVICE_PROCUREMENT
1011HG3068809-563-3-1,MS1,INV-000187,SERVICE_PROCUREMENT
1011HG3068809-3-1-1,MS1,INV-000187,SERVICE_PROCUREMENT
1011HG3068809-606-2-1,MS1,INV-000187,SERVICE_PROCUREMENT
1011HG3068810-267-1-1,MS1,INV-000187,SERVICE_PROCUREMENT
1011HG3068809-827-1-1,MS1,INV-000187,SERVICE_PROCUREMENT
1011HG3068809-742-4-1,MS1,INV-000187,SERVICE_PROCUREMENT
1011HG3068809-743-1-1,MS1,INV-000187,SERVICE_PROCUREMENT
1011HG3068809-791-3-1,MS1,INV-000187,SERVICE_PROCUREMENT
1011HG3068809-736-1-1,MS1,INV-000187,SERVICE_PROCUREMENT
1011HG3068809-519-4-1,MS1,INV-000187,SERVICE_PROCUREMENT
1011HG3068809-521-5-1,MS1,INV-000187,SERVICE_PROCUREMENT
1011HG3068809-713-1-1,MS1,INV-000187,SERVICE_PROCUREMENT
1011HG3068809-602-4-1,MS1,INV-000187,SERVICE_PROCUREMENT
1011HG3068809-845-1-1,MS1,INV-000187,SERVICE_PROCUREMENT
1011HG3068809-718-1-1,MS1,INV-000187,SERVICE_PROCUREMENT
1011HG3068809-419-1-1,MS1,INV-000187,SERVICE_PROCUREMENT
1011HG3068809-714-1-1,MS1,INV-000187,SERVICE_PROCUREMENT
1011HG3068809-614-2-1,MS1,INV-000187,SERVICE_PROCUREMENT
1011HG3068810-218-3-1,MS1,INV-000187,SERVICE_PROCUREMENT
1011HG3068810-222-1-1,MS1,INV-000187,SERVICE_PROCUREMENT
1011HG3068809-936-2-1,MS1,INV-000187,SERVICE_PROCUREMENT
1011HG3068809-988-1-1,MS1,INV-000187,SERVICE_PROCUREMENT
1011HG3068809-605-1-1,MS1,INV-000187,SERVICE_PROCUREMENT
1011HG3068809-505-1-1,MS1,INV-000187,SERVICE_PROCUREMENT
1011HG3068810-209-3-1,MS1,INV-000187,SERVICE_PROCUREMENT
1011HG3068809-865-1-1,MS1,INV-000187,SERVICE_PROCUREMENT
1011HG3068809-741-6-1,MS1,INV-000187,SERVICE_PROCUREMENT
1011HG3068809-746-1-1,MS1,INV-000187,SERVICE_PROCUREMENT
1011HG3068809-825-1-1,MS1,INV-000187,SERVICE_PROCUREMENT
1011HG3068809-791-2-1,MS1,INV-000187,SERVICE_PROCUREMENT
1011HG3068809-791-1-1,MS1,INV-000187,SERVICE_PROCUREMENT
1011HG3068809-607-3-1,MS1,INV-000187,SERVICE_PROCUREMENT
1011HG3068809-735-1-1,MS1,INV-000187,SERVICE_PROCUREMENT
1011HG3068809-608-1-1,MS1,INV-000187,SERVICE_PROCUREMENT
1011HG3068809-609-1-1,MS1,INV-000187,SERVICE_PROCUREMENT
1011HG3068809-519-1-1,MS1,INV-000187,SERVICE_PROCUREMENT
1011HG3068809-786-1-1,MS1,INV-000187,SERVICE_PROCUREMENT
1011HG3068809-752-1-1,MS1,INV-000187,SERVICE_PROCUREMENT
1011HG3068809-792-1-1,MS1,INV-000187,SERVICE_PROCUREMENT
1011HG3068810-296-1-1,MS1,INV-000187,SERVICE_PROCUREMENT
1011HG3068810-77-1-1,MS1,INV-000187,SERVICE_PROCUREMENT
1011HG3068809-614-3-1,MS1,INV-000187,SERVICE_PROCUREMENT
1011HG3068809-398-1-1,MS1,INV-000187,SERVICE_PROCUREMENT
1011HG3068809-167-5-1,MS1,INV-000187,SERVICE_PROCUREMENT
1011HG3068810-218-1-1,MS1,INV-000187,SERVICE_PROCUREMENT
1011HG3068809-772-1-1,MS1,INV-000187,SERVICE_PROCUREMENT
1011HG3068809-936-1-1,MS1,INV-000187,SERVICE_PROCUREMENT
1011HG3068809-937-4-1,MS1,INV-000187,SERVICE_PROCUREMENT
1011HG3068809-936-3-1,MS1,INV-000187,SERVICE_PROCUREMENT
1011HG3068810-271-1-1,MS1,INV-000187,SERVICE_PROCUREMENT
1011HG3068809-627-2-1,MS1,INV-000187,SERVICE_PROCUREMENT
1011HG3068809-782-1-1,MS1,INV-000187,SERVICE_PROCUREMENT
1011HG3068810-258-1-1,MS1,INV-000187,SERVICE_PROCUREMENT
1011HG3068809-505-2-1,MS1,INV-000187,SERVICE_PROCUREMENT
1011HG3068809-504-2-1,MS1,INV-000187,SERVICE_PROCUREMENT
1011HG3068809-742-6-1,MS1,INV-000187,SERVICE_PROCUREMENT
1011HG3068809-742-2-1,MS1,INV-000187,SERVICE_PROCUREMENT
1011HG3068809-741-1-1,MS1,INV-000187,SERVICE_PROCUREMENT
1011HG3068809-741-4-1,MS1,INV-000187,SERVICE_PROCUREMENT
1011HG3068809-828-1-1,MS1,INV-000187,SERVICE_PROCUREMENT
1011HG3068809-864-1-1,MS1,INV-000187,SERVICE_PROCUREMENT
1011HG3068809-965-1-1,MS1,INV-000188,SERVICE_PROCUREMENT
1011HG3068809-756-1-1,MS1,INV-000188,SERVICE_PROCUREMENT
1011HG3068809-672-2-1,MS1,INV-000188,SERVICE_PROCUREMENT
1011HG3068809-509-2-1,MS1,INV-000188,SERVICE_PROCUREMENT
1011HG2894715-236-1-1,MS1,INV-000188,SERVICE_PROCUREMENT
1011HG2894715-237-1-1,MS1,INV-000188,SERVICE_PROCUREMENT
1011HG3068809-780-1-1,MS1,INV-000188,SERVICE_PROCUREMENT
1011HG3068810-270-1-1,MS1,INV-000188,SERVICE_PROCUREMENT
1011HG3068809-799-1-1,MS2,INV-000188,SERVICE_PROCUREMENT
1011HG3068809-656-1-1,MS2,INV-000188,SERVICE_PROCUREMENT
1011HG3068810-274-1-1,MS2,INV-000188,SERVICE_PROCUREMENT
1011HG3068810-250-1-1,MS2,INV-000188,SERVICE_PROCUREMENT
1011HG3068810-256-1-1,MS2,INV-000188,SERVICE_PROCUREMENT
1011HG3068809-794-1-1,MS2,INV-000188,SERVICE_PROCUREMENT
1011HG3068810-249-1-1,MS2,INV-000188,SERVICE_PROCUREMENT
1011HG2894718-17-1-1,MS1,INV-000188,SERVICE_PROCUREMENT
1011HG2894718-114-1-1,MS1,INV-000188,SERVICE_PROCUREMENT
1011HG3068810-179-1-1,MS1,INV-000188,SERVICE_PROCUREMENT
1011HG3068810-179-2-1,MS1,INV-000188,SERVICE_PROCUREMENT
1011HG3068810-235-1-1,MS1,INV-000188,SERVICE_PROCUREMENT
1011HG2894715-289-1-1,MS1,INV-000188,SERVICE_PROCUREMENT
1011HG3068809-814-2-1,MS1,INV-000188,SERVICE_PROCUREMENT
1011HG3068809-9-5-1,MS1,INV-000188,SERVICE_PROCUREMENT
1011HG3068809-52-2-1,MS1,INV-000188,SERVICE_PROCUREMENT
1011HG3068810-212-1-1,MS1,INV-000188,SERVICE_PROCUREMENT
1011HG3068809-790-1-1,MS1,INV-000188,SERVICE_PROCUREMENT
1011HG3068809-100-1-1,MS1,INV-000188,SERVICE_PROCUREMENT
1011HG3068810-215-2-1,MS1,INV-000188,SERVICE_PROCUREMENT
1011HG3068809-768-2-1,MS1,INV-000188,SERVICE_PROCUREMENT
1011HG3068810-269-1-1,MS1,INV-000188,SERVICE_PROCUREMENT
1011HG3068809-564-2-1,MS1,INV-000188,SERVICE_PROCUREMENT
1011HG3068809-797-1-1,MS2,INV-000188,SERVICE_PROCUREMENT
1011HG3068810-252-1-1,MS2,INV-000188,SERVICE_PROCUREMENT
1011HG3068810-278-1-1,MS2,INV-000188,SERVICE_PROCUREMENT
1011HG3068810-276-1-1,MS2,INV-000188,SERVICE_PROCUREMENT
1011HG3068809-592-1-1,MS1,INV-000188,SERVICE_PROCUREMENT
1011HG3068809-802-1-1,MS2,INV-000188,SERVICE_PROCUREMENT
1011HG3068809-592-2-1,MS1,INV-000188,SERVICE_PROCUREMENT
1011HG3068809-795-1-1,MS2,INV-000188,SERVICE_PROCUREMENT
1011HG3068809-658-1-1,MS2,INV-000188,SERVICE_PROCUREMENT
1011HG3068809-651-1-1,MS2,INV-000188,SERVICE_PROCUREMENT
1011HG2894718-167-1-1,MS1,INV-000188,SERVICE_PROCUREMENT
1011HG2894715-481-1-1,MS1,INV-000188,SERVICE_PROCUREMENT
1011HG2894718-130-1-1,MS1,INV-000188,SERVICE_PROCUREMENT
1011HG3068809-343-1-1,MS1,INV-000188,SERVICE_PROCUREMENT
1011HG3068810-199-1-1,MS1,INV-000188,SERVICE_PROCUREMENT
1011HG3068809-510-1-1,MS1,INV-000188,SERVICE_PROCUREMENT
1011HG2894715-279-1-1,MS1,INV-000188,SERVICE_PROCUREMENT
1011HG3068810-240-1-1,MS1,INV-000188,SERVICE_PROCUREMENT
1011HG3068810-239-1-1,MS1,INV-000188,SERVICE_PROCUREMENT
1011HG3068809-745-1-1,MS1,INV-000188,SERVICE_PROCUREMENT
1011HG3068810-177-3-1,MS1,INV-000188,SERVICE_PROCUREMENT
1011HG3068809-724-1-1,MS1,INV-000188,SERVICE_PROCUREMENT
1011HG2894718-108-1-1,MS1,INV-000188,SERVICE_PROCUREMENT
1011HG3068810-213-2-1,MS1,INV-000188,SERVICE_PROCUREMENT
1011HG3068809-530-2-1,MS1,INV-000188,SERVICE_PROCUREMENT
1011HG3068809-506-2-1,MS1,INV-000188,SERVICE_PROCUREMENT
1011HG3068809-572-1-1,MS1,INV-000188,SERVICE_PROCUREMENT
1011HG2894715-235-1-1,MS1,INV-000188,SERVICE_PROCUREMENT
1011HG3068810-268-1-1,MS1,INV-000188,SERVICE_PROCUREMENT
1011HG3068809-804-1-1,MS2,INV-000188,SERVICE_PROCUREMENT
1011HG3068809-285-1-1,MS1,INV-000188,SERVICE_PROCUREMENT
1011HG3068809-654-1-1,MS2,INV-000188,SERVICE_PROCUREMENT
1011HG3068810-279-1-1,MS2,INV-000188,SERVICE_PROCUREMENT
1011HG3068809-653-1-1,MS2,INV-000188,SERVICE_PROCUREMENT
1011HG2894717-88-1-1,MS1,INV-000188,SERVICE_PROCUREMENT
1011HG3068809-508-2-1,MS1,INV-000188,SERVICE_PROCUREMENT
1011HG3068809-510-2-1,MS1,INV-000188,SERVICE_PROCUREMENT
1011HG3068810-179-3-1,MS1,INV-000188,SERVICE_PROCUREMENT
1011HG3068810-234-1-1,MS1,INV-000188,SERVICE_PROCUREMENT
1011HG3068809-721-1-1,MS1,INV-000188,SERVICE_PROCUREMENT
1011HG3068810-178-1-1,MS1,INV-000188,SERVICE_PROCUREMENT
1011HG3068809-814-1-1,MS1,INV-000188,SERVICE_PROCUREMENT
1011HG3068810-211-1-1,MS1,INV-000188,SERVICE_PROCUREMENT
1011HG3068809-844-1-1,MS1,INV-000188,SERVICE_PROCUREMENT
1011HG3068810-289-1-1,MS1,INV-000188,SERVICE_PROCUREMENT
1011HG3068809-533-1-1,MS1,INV-000188,SERVICE_PROCUREMENT
1011HG3068809-512-1-1,MS1,INV-000188,SERVICE_PROCUREMENT
1011HG3068809-532-1-1,MS1,INV-000188,SERVICE_PROCUREMENT
1011HG3068809-527-1-1,MS1,INV-000188,SERVICE_PROCUREMENT
1011HG3068809-548-2-1,MS1,INV-000188,SERVICE_PROCUREMENT
1011HG3068809-671-2-1,MS1,INV-000188,SERVICE_PROCUREMENT
1011HG3068809-778-2-1,MS1,INV-000188,SERVICE_PROCUREMENT
1011HG2894717-85-1-1,MS1,INV-000188,SERVICE_PROCUREMENT
1011HG3068809-564-1-1,MS1,INV-000188,SERVICE_PROCUREMENT
1011HG3068809-801-1-1,MS2,INV-000188,SERVICE_PROCUREMENT
1011HG3068809-798-1-1,MS2,INV-000188,SERVICE_PROCUREMENT
1011HG3068810-248-1-1,MS2,INV-000188,SERVICE_PROCUREMENT
1011HG3068809-806-1-1,MS2,INV-000188,SERVICE_PROCUREMENT
1011HG3068809-800-1-1,MS2,INV-000188,SERVICE_PROCUREMENT
1011HG3068809-796-1-1,MS2,INV-000188,SERVICE_PROCUREMENT
1011HG3068810-253-1-1,MS2,INV-000188,SERVICE_PROCUREMENT
1011HG3068810-275-1-1,MS2,INV-000188,SERVICE_PROCUREMENT
1011HG3068810-255-1-1,MS2,INV-000188,SERVICE_PROCUREMENT
1011HG3068810-251-1-1,MS2,INV-000188,SERVICE_PROCUREMENT
1011HG3068809-344-1-1,MS1,INV-000188,SERVICE_PROCUREMENT
1011HG3068810-277-1-1,MS2,INV-000188,SERVICE_PROCUREMENT
1011HG2894718-115-1-1,MS1,INV-000188,SERVICE_PROCUREMENT
1011HG2894715-484-1-1,MS1,INV-000188,SERVICE_PROCUREMENT
1011HG2894715-194-1-1,MS1,INV-000188,SERVICE_PROCUREMENT
1011HG2894715-280-1-1,MS1,INV-000188,SERVICE_PROCUREMENT
1011HG2894717-89-1-1,MS1,INV-000188,SERVICE_PROCUREMENT
1011HG3068809-511-2-1,MS1,INV-000188,SERVICE_PROCUREMENT
1011HG3068809-507-1-1,MS1,INV-000188,SERVICE_PROCUREMENT
1011HG3068809-511-1-1,MS1,INV-000188,SERVICE_PROCUREMENT
1011HG3068809-513-1-1,MS1,INV-000188,SERVICE_PROCUREMENT
1011HG3068809-745-2-1,MS1,INV-000188,SERVICE_PROCUREMENT
1011HG3068809-347-1-1,MS1,INV-000188,SERVICE_PROCUREMENT
1011HG3068809-744-2-1,MS1,INV-000188,SERVICE_PROCUREMENT
1011HG3068809-744-1-1,MS1,INV-000188,SERVICE_PROCUREMENT
1011HG3068809-665-1-1,MS1,INV-000189,SERVICE_PROCUREMENT
1011HG3068809-847-1-1,MS1,INV-000189,SERVICE_PROCUREMENT
1011HG3068809-1020-1-1,MS1,INV-000189,SERVICE_PROCUREMENT
1011HG3068809-990-1-1,MS1,INV-000189,SERVICE_PROCUREMENT
1011HG3068809-4-1-1,MS1,INV-000189,SERVICE_PROCUREMENT
1011HG3068809-968-2-1,MS1,INV-000189,SERVICE_PROCUREMENT
1011HG3068809-970-1-1,MS1,INV-000189,SERVICE_PROCUREMENT
1011HG3068809-966-1-1,MS1,INV-000189,SERVICE_PROCUREMENT
1011HG3068809-1100-1-1,MS1,INV-000189,SERVICE_PROCUREMENT
1011HG3068809-729-6-1,MS1,INV-000189,SERVICE_PROCUREMENT
1011HG3068809-731-1-1,MS1,INV-000189,SERVICE_PROCUREMENT
1011HG3068809-902-1-1,MS1,INV-000189,SERVICE_PROCUREMENT
1011HG3068810-129-1-1,MS1,INV-000189,SERVICE_PROCUREMENT
1011HG3068809-913-1-1,MS1,INV-000189,SERVICE_PROCUREMENT
1011HG3068809-851-1-1,MS1,INV-000189,SERVICE_PROCUREMENT
1011HG3068809-678-1-1,MS1,INV-000189,SERVICE_PROCUREMENT
1011HG3068809-620-2-1,MS1,INV-000189,SERVICE_PROCUREMENT
1011HG3068809-1031-1-1,MS1,INV-000189,SERVICE_PROCUREMENT
1011HG3068810-366-1-1,MS1,INV-000189,SERVICE_PROCUREMENT
1011HG3068810-338-1-1,MS1,INV-000189,SERVICE_PROCUREMENT
1011HG3068809-1007-1-1,MS1,INV-000189,SERVICE_PROCUREMENT
1011HG3068809-619-3-1,MS1,INV-000189,SERVICE_PROCUREMENT
1011HG2894717-222-1-1,MS1,INV-000189,SERVICE_PROCUREMENT
1011HG3068809-904-1-1,MS1,INV-000189,SERVICE_PROCUREMENT
1011HG3068809-896-1-1,MS1,INV-000189,SERVICE_PROCUREMENT
1011HG3068809-1104-1-1,MS1,INV-000189,SERVICE_PROCUREMENT
1011HG3068809-973-1-1,MS1,INV-000189,SERVICE_PROCUREMENT
1011HG2894717-198-5-1,MS1,INV-000189,SERVICE_PROCUREMENT
1011HG2894717-198-2-1,MS1,INV-000189,SERVICE_PROCUREMENT
1011HG3068809-951-1-1,MS1,INV-000189,SERVICE_PROCUREMENT
1011HG3068809-985-2-1,MS1,INV-000189,SERVICE_PROCUREMENT
1011HG3068809-990-3-1,MS1,INV-000189,SERVICE_PROCUREMENT
1011HG3068809-729-3-1,MS1,INV-000189,SERVICE_PROCUREMENT
1011HG3068809-454-1-1,MS1,INV-000189,SERVICE_PROCUREMENT
1011HG3068810-127-1-1,MS1,INV-000189,SERVICE_PROCUREMENT
1011HG2894718-160-3-1,MS1,INV-000189,SERVICE_PROCUREMENT
1011HG3068809-851-3-1,MS1,INV-000189,SERVICE_PROCUREMENT
1011HG3068809-676-1-1,MS1,INV-000189,SERVICE_PROCUREMENT
1011HG3068810-365-1-1,MS1,INV-000189,SERVICE_PROCUREMENT
1011HG3068809-1000-1-1,MS1,INV-000189,SERVICE_PROCUREMENT
1011HG3068809-915-1-1,MS1,INV-000189,SERVICE_PROCUREMENT
1011HG3068809-850-3-1,MS1,INV-000189,SERVICE_PROCUREMENT
1011HG3068809-747-1-1,MS1,INV-000189,SERVICE_PROCUREMENT
1011HG3068809-100-2-1,MS1,INV-000189,SERVICE_PROCUREMENT
1011HG2894717-198-4-1,MS1,INV-000189,SERVICE_PROCUREMENT
1011HG2894717-198-6-1,MS1,INV-000189,SERVICE_PROCUREMENT
1011HG2894717-198-7-1,MS1,INV-000189,SERVICE_PROCUREMENT
1011HG3068809-846-3-1,MS1,INV-000189,SERVICE_PROCUREMENT
1011HG3068809-847-4-1,MS1,INV-000189,SERVICE_PROCUREMENT
1011HG3068809-846-2-1,MS1,INV-000189,SERVICE_PROCUREMENT
1011HG3068809-1021-1-1,MS1,INV-000189,SERVICE_PROCUREMENT
1011HG3068809-984-2-1,MS1,INV-000189,SERVICE_PROCUREMENT
1011HG3068809-991-3-1,MS1,INV-000189,SERVICE_PROCUREMENT
1011HG3068809-991-1-1,MS1,INV-000189,SERVICE_PROCUREMENT
1011HG3068809-1043-1-1,MS1,INV-000189,SERVICE_PROCUREMENT
1011HG3068809-730-2-1,MS1,INV-000189,SERVICE_PROCUREMENT
1011HG3068809-556-1-1,MS1,INV-000189,SERVICE_PROCUREMENT
1011HG2894718-160-1-1,MS1,INV-000189,SERVICE_PROCUREMENT
1011HG2894718-160-2-1,MS1,INV-000189,SERVICE_PROCUREMENT
1011HG3068809-674-1-1,MS1,INV-000189,SERVICE_PROCUREMENT
1011HG3068809-851-2-1,MS1,INV-000189,SERVICE_PROCUREMENT
1011HG3068809-620-1-1,MS1,INV-000189,SERVICE_PROCUREMENT
1011HG3068809-707-1-1,MS1,INV-000189,SERVICE_PROCUREMENT
1011HG3068809-620-3-1,MS1,INV-000189,SERVICE_PROCUREMENT
1011HG3068809-998-1-1,MS1,INV-000189,SERVICE_PROCUREMENT
1011HG3068810-328-1-1,MS1,INV-000189,SERVICE_PROCUREMENT
1011HG3068809-1004-1-1,MS1,INV-000189,SERVICE_PROCUREMENT
1011HG3068809-1017-1-1,MS1,INV-000189,SERVICE_PROCUREMENT
1011HG3068810-382-1-1,MS1,INV-000189,SERVICE_PROCUREMENT
1011HG3068809-619-2-1,MS1,INV-000189,SERVICE_PROCUREMENT
1011HG3068809-914-1-1,MS1,INV-000189,SERVICE_PROCUREMENT
1011HG2894717-211-1-1,MS1,INV-000189,SERVICE_PROCUREMENT
1011HG3068809-331-1-1,MS1,INV-000189,SERVICE_PROCUREMENT
1011HG2894717-212-1-1,MS1,INV-000189,SERVICE_PROCUREMENT
1011HG3068809-911-1-1,MS1,INV-000189,SERVICE_PROCUREMENT
1011HG3068809-898-1-1,MS1,INV-000189,SERVICE_PROCUREMENT
1011HG3068809-905-1-1,MS1,INV-000189,SERVICE_PROCUREMENT
1011HG3068809-1103-1-1,MS1,INV-000189,SERVICE_PROCUREMENT
1011HG3068809-1101-1-1,MS1,INV-000189,SERVICE_PROCUREMENT
1011HG2894717-198-3-1,MS1,INV-000189,SERVICE_PROCUREMENT
1011HG3068809-430-2-1,MS1,INV-000189,SERVICE_PROCUREMENT
1011HG3068809-847-3-1,MS1,INV-000189,SERVICE_PROCUREMENT
1011HG3068809-1106-1-1,MS1,INV-000189,SERVICE_PROCUREMENT
1011HG3068809-726-1-1,MS1,INV-000189,SERVICE_PROCUREMENT
1011HG3068809-430-1-1,MS1,INV-000189,SERVICE_PROCUREMENT
1011HG3068809-847-5-1,MS1,INV-000189,SERVICE_PROCUREMENT
1011HG2894718-162-1-1,MS1,INV-000189,SERVICE_PROCUREMENT
1011HG3068809-675-1-1,MS1,INV-000189,SERVICE_PROCUREMENT
1011HG3068809-739-1-1,MS1,INV-000189,SERVICE_PROCUREMENT
1011HG3068809-994-1-1,MS1,INV-000189,SERVICE_PROCUREMENT
1011HG3068809-619-1-1,MS1,INV-000189,SERVICE_PROCUREMENT
1011HG3068809-850-1-1,MS1,INV-000189,SERVICE_PROCUREMENT
1011HG3068809-850-2-1,MS1,INV-000189,SERVICE_PROCUREMENT
1011HG3068809-342-1-1,MS1,INV-000189,SERVICE_PROCUREMENT
1011HG2894717-211-2-1,MS1,INV-000189,SERVICE_PROCUREMENT
1011HG3068809-1041-1-1,MS1,INV-000193,SERVICE_PROCUREMENT
1011HG3068809-957-1-1,MS1,INV-000193,SERVICE_PROCUREMENT
1011HG3068809-958-1-1,MS1,INV-000193,SERVICE_PROCUREMENT
1011HG3068809-892-1-1,MS1,INV-000193,SERVICE_PROCUREMENT
1011HG3068810-230-3-1,MS1,INV-000193,SERVICE_PROCUREMENT
1011HG3068809-1034-1-1,MS1,INV-000193,SERVICE_PROCUREMENT
1011HG3068809-895-1-1,MS1,INV-000193,SERVICE_PROCUREMENT
1011HG3068810-284-2-1,MS1,INV-000193,SERVICE_PROCUREMENT
1011HG3068809-824-1-1,MS1,INV-000193,SERVICE_PROCUREMENT
1011HG3068809-967-3-1,MS1,INV-000193,SERVICE_PROCUREMENT
1011HG3068810-284-1-1,MS1,INV-000193,SERVICE_PROCUREMENT
1011HG3068809-1022-1-1,MS1,INV-000193,SERVICE_PROCUREMENT
1011HG3068809-781-1-1,MS1,INV-000193,SERVICE_PROCUREMENT
1011HG3068809-615-1-1,MS1,INV-000193,SERVICE_PROCUREMENT
1011HG3068809-947-2-1,MS1,INV-000193,SERVICE_PROCUREMENT
1011HG3068809-1042-1-1,MS1,INV-000193,SERVICE_PROCUREMENT
1011HG3068809-1014-1-1,MS1,INV-000193,SERVICE_PROCUREMENT
1011HG3068809-1039-1-1,MS1,INV-000193,SERVICE_PROCUREMENT
1011HG3068809-1015-1-1,MS1,INV-000193,SERVICE_PROCUREMENT
1011HG2894715-419-2-1,MS1,INV-000193,SERVICE_PROCUREMENT
1011HG3068809-886-1-1,MS1,INV-000193,SERVICE_PROCUREMENT
1011HG3068809-941-1-1,MS1,INV-000193,SERVICE_PROCUREMENT
1011HG3068809-934-2-1,MS1,INV-000193,SERVICE_PROCUREMENT
1011HG3068810-230-1-1,MS1,INV-000193,SERVICE_PROCUREMENT
1011HG3068810-232-2-1,MS1,INV-000193,SERVICE_PROCUREMENT
1011HG3068809-888-1-1,MS1,INV-000193,SERVICE_PROCUREMENT
1011HG3068810-332-1-1,MS1,INV-000193,SERVICE_PROCUREMENT
1011HG3068809-817-1-1,MS1,INV-000193,SERVICE_PROCUREMENT
1011HG3068809-975-4-1,MS1,INV-000193,SERVICE_PROCUREMENT
1011HG3068810-378-1-1,MS1,INV-000193,SERVICE_PROCUREMENT
1011HG3068810-374-1-1,MS1,INV-000193,SERVICE_PROCUREMENT
1011HG3068809-976-1-1,MS1,INV-000193,SERVICE_PROCUREMENT
1011HG3068810-355-1-1,MS1,INV-000193,SERVICE_PROCUREMENT
1011HG3068809-961-1-1,MS1,INV-000193,SERVICE_PROCUREMENT
1011HG3068810-362-1-1,MS1,INV-000193,SERVICE_PROCUREMENT
1011HG3068810-389-1-1,MS1,INV-000193,SERVICE_PROCUREMENT
1011HG3068809-940-1-1,MS1,INV-000193,SERVICE_PROCUREMENT
1011HG3068809-932-2-1,MS1,INV-000193,SERVICE_PROCUREMENT
1011HG3068810-321-1-1,MS1,INV-000193,SERVICE_PROCUREMENT
1011HG3068809-932-3-1,MS1,INV-000193,SERVICE_PROCUREMENT
1011HG3068809-893-1-1,MS1,INV-000193,SERVICE_PROCUREMENT
1011HG3068809-949-3-1,MS1,INV-000193,SERVICE_PROCUREMENT
1011HG3068810-324-1-1,MS1,INV-000193,SERVICE_PROCUREMENT
1011HG3068809-886-2-1,MS1,INV-000193,SERVICE_PROCUREMENT
1011HG3068809-514-3-1,MS1,INV-000193,SERVICE_PROCUREMENT
1011HG3068809-616-1-1,MS1,INV-000193,SERVICE_PROCUREMENT
1011HG3068809-824-2-1,MS1,INV-000193,SERVICE_PROCUREMENT
1011HG3068809-982-1-1,MS1,INV-000193,SERVICE_PROCUREMENT
1011HG3068809-1028-1-1,MS1,INV-000193,SERVICE_PROCUREMENT
1011HG3068809-931-1-1,MS1,INV-000193,SERVICE_PROCUREMENT
1011HG3068809-817-2-1,MS1,INV-000193,SERVICE_PROCUREMENT
1011HG3068809-1110-1-1,MS1,INV-000193,SERVICE_PROCUREMENT
1011HG3068809-1107-1-1,MS1,INV-000193,SERVICE_PROCUREMENT
1011HG3068809-1111-1-1,MS1,INV-000193,SERVICE_PROCUREMENT
1011HG3068810-345-1-1,MS1,INV-000193,SERVICE_PROCUREMENT
1011HG3068809-995-1-1,MS1,INV-000193,SERVICE_PROCUREMENT
1011HG3068809-963-1-1,MS1,INV-000193,SERVICE_PROCUREMENT
1011HG3068810-392-1-1,MS1,INV-000193,SERVICE_PROCUREMENT
1011HG3068810-363-1-1,MS1,INV-000193,SERVICE_PROCUREMENT
1011HG3068810-364-1-1,MS1,INV-000193,SERVICE_PROCUREMENT
1011HG3068809-1012-1-1,MS1,INV-000193,SERVICE_PROCUREMENT
1011HG3068809-933-1-1,MS1,INV-000193,SERVICE_PROCUREMENT
1011HG3068809-885-2-1,MS1,INV-000193,SERVICE_PROCUREMENT
1011HG3068809-954-1-1,MS1,INV-000193,SERVICE_PROCUREMENT
1011HG3068810-322-1-1,MS1,INV-000193,SERVICE_PROCUREMENT
1011HG3068810-231-2-1,MS1,INV-000193,SERVICE_PROCUREMENT
1011HG3068810-233-1-1,MS1,INV-000193,SERVICE_PROCUREMENT
1011HG3068809-885-3-1,MS1,INV-000193,SERVICE_PROCUREMENT
1011HG3068810-323-1-1,MS1,INV-000193,SERVICE_PROCUREMENT
1011HG3068809-959-1-1,MS1,INV-000193,SERVICE_PROCUREMENT
1011HG3068809-955-1-1,MS1,INV-000193,SERVICE_PROCUREMENT
1011HG3068810-262-2-1,MS1,INV-000194,SERVICE_PROCUREMENT
1011HG3068809-829-1-1,MS1,INV-000194,SERVICE_PROCUREMENT
1011HG3068809-724-2-1,MS1,INV-000194,SERVICE_PROCUREMENT
1011HG3068809-763-1-1,MS1,INV-000194,SERVICE_PROCUREMENT
1011HG3068809-672-1-1,MS1,INV-000194,SERVICE_PROCUREMENT
1011HG2894715-251-1-1,MS1,INV-000194,SERVICE_PROCUREMENT
1011HG3068809-509-1-1,MS1,INV-000194,SERVICE_PROCUREMENT
1011HG2894717-70-1-1,MS1,INV-000194,SERVICE_PROCUREMENT
1011HG3068809-693-1-1,MS1,INV-000194,SERVICE_PROCUREMENT
1011HG3068809-877-1-1,MS1,INV-000194,SERVICE_PROCUREMENT
1011HG3068809-867-1-1,MS1,INV-000194,SERVICE_PROCUREMENT
1011HG3068809-871-1-1,MS1,INV-000194,SERVICE_PROCUREMENT
1011HG3068810-297-1-1,MS1,INV-000194,SERVICE_PROCUREMENT
1011HG3068809-14-2-1,MS1,INV-000194,SERVICE_PROCUREMENT
1011HG3068809-589-1-1,MS1,INV-000194,SERVICE_PROCUREMENT
1011HG3068809-567-2-1,MS1,INV-000194,SERVICE_PROCUREMENT
1011HG2894717-70-2-1,MS1,INV-000194,SERVICE_PROCUREMENT
1011HG3068809-693-2-1,MS1,INV-000194,SERVICE_PROCUREMENT
1011HG2894717-162-2-1,MS1,INV-000194,SERVICE_PROCUREMENT
1011HG3068809-529-1-1,MS1,INV-000194,SERVICE_PROCUREMENT
1011HG3068809-528-2-1,MS1,INV-000194,SERVICE_PROCUREMENT
1011HG2894717-90-1-1,MS1,INV-000194,SERVICE_PROCUREMENT
1011HG3068809-545-1-1,MS1,INV-000194,SERVICE_PROCUREMENT
1011HG3068809-527-2-1,MS1,INV-000194,SERVICE_PROCUREMENT
1011HG3068809-546-1-1,MS1,INV-000194,SERVICE_PROCUREMENT
1011HG2894715-252-1-1,MS1,INV-000194,SERVICE_PROCUREMENT
1011HG3068809-873-1-1,MS1,INV-000194,SERVICE_PROCUREMENT
1011HG3068809-880-1-1,MS1,INV-000194,SERVICE_PROCUREMENT
1011HG3068809-878-1-1,MS1,INV-000194,SERVICE_PROCUREMENT
1011HG3068809-12-2-1,MS1,INV-000194,SERVICE_PROCUREMENT
1011HG3068809-437-1-1,MS1,INV-000194,SERVICE_PROCUREMENT
1011HG3068809-695-1-1,MS1,INV-000194,SERVICE_PROCUREMENT
1011HG3068809-695-2-1,MS1,INV-000194,SERVICE_PROCUREMENT
1011HG3068809-694-1-1,MS1,INV-000194,SERVICE_PROCUREMENT
1011HG2894718-30-1-1,MS1,INV-000194,SERVICE_PROCUREMENT
1011HG2894718-116-1-1,MS1,INV-000194,SERVICE_PROCUREMENT
1011HG3068809-793-1-1,MS1,INV-000194,SERVICE_PROCUREMENT
1011HG3068809-529-2-1,MS1,INV-000194,SERVICE_PROCUREMENT
1011HG2894715-248-1-1,MS1,INV-000194,SERVICE_PROCUREMENT
1011HG3068809-768-1-1,MS1,INV-000194,SERVICE_PROCUREMENT
1011HG3068810-272-1-1,MS1,INV-000194,SERVICE_PROCUREMENT
1011HG3068809-882-1-1,MS1,INV-000194,SERVICE_PROCUREMENT
1011HG3068809-872-1-1,MS1,INV-000194,SERVICE_PROCUREMENT
1011HG3068809-875-1-1,MS1,INV-000194,SERVICE_PROCUREMENT
1011HG3068809-874-1-1,MS1,INV-000194,SERVICE_PROCUREMENT
1011HG3068810-298-1-1,MS1,INV-000194,SERVICE_PROCUREMENT
1011HG3068809-849-1-1,MS1,INV-000194,SERVICE_PROCUREMENT
1011HG3068810-290-1-1,MS1,INV-000194,SERVICE_PROCUREMENT
1011HG3068809-567-1-1,MS1,INV-000194,SERVICE_PROCUREMENT
1011HG2894717-162-1-1,MS1,INV-000194,SERVICE_PROCUREMENT
1011HG3068809-694-2-1,MS1,INV-000194,SERVICE_PROCUREMENT
1011HG3068810-264-2-1,MS1,INV-000194,SERVICE_PROCUREMENT
1011HG2894715-365-1-1,MS1,INV-000194,SERVICE_PROCUREMENT
1011HG3068809-528-1-1,MS1,INV-000194,SERVICE_PROCUREMENT
1011HG2894718-45-1-1,MS1,INV-000194,SERVICE_PROCUREMENT
1011HG3068809-778-1-1,MS1,INV-000194,SERVICE_PROCUREMENT
1011HG3068809-671-1-1,MS1,INV-000194,SERVICE_PROCUREMENT
1011HG3068809-530-1-1,MS1,INV-000194,SERVICE_PROCUREMENT
1011HG3068809-881-1-1,MS1,INV-000194,SERVICE_PROCUREMENT
1011HG3068809-870-1-1,MS1,INV-000194,SERVICE_PROCUREMENT
1011HG3068810-295-1-1,MS1,INV-000194,SERVICE_PROCUREMENT
1011HG3068810-293-1-1,MS1,INV-000195,SERVICE_PROCUREMENT
1011HG3068809-848-3-1,MS1,INV-000195,SERVICE_PROCUREMENT
1011HG3068810-293-2-1,MS1,INV-000195,SERVICE_PROCUREMENT
1011HG3068809-970-3-1,MS1,INV-000195,SERVICE_PROCUREMENT
1011HG3068809-970-2-1,MS1,INV-000195,SERVICE_PROCUREMENT
1011HG3068809-969-1-1,MS1,INV-000195,SERVICE_PROCUREMENT
1011HG3068810-294-1-1,MS1,INV-000195,SERVICE_PROCUREMENT
1011HG3068810-330-1-1,MS1,INV-000195,SERVICE_PROCUREMENT
1011HG3068809-972-4-1,MS1,INV-000195,SERVICE_PROCUREMENT
1011HG3068809-1105-1-1,MS1,INV-000195,SERVICE_PROCUREMENT
1011HG3068809-1025-1-1,MS1,INV-000195,SERVICE_PROCUREMENT
1011HG3068809-980-1-1,MS1,INV-000195,SERVICE_PROCUREMENT
1011HG3068809-1010-1-1,MS1,INV-000195,SERVICE_PROCUREMENT
1011HG3068810-467-1-1,MS1,INV-000195,SERVICE_PROCUREMENT
1011HG3068809-1124-1-1,MS1,INV-000195,SERVICE_PROCUREMENT
1011HG3068810-465-1-1,MS1,INV-000195,SERVICE_PROCUREMENT
1011HG3068809-648-1-1,MS1,INV-000195,SERVICE_PROCUREMENT
1011HG3068810-370-1-1,MS1,INV-000195,SERVICE_PROCUREMENT
1011HG3068809-952-1-1,MS1,INV-000195,SERVICE_PROCUREMENT
1011HG3068809-822-2-1,MS1,INV-000195,SERVICE_PROCUREMENT
1011HG3068809-822-1-1,MS1,INV-000195,SERVICE_PROCUREMENT
1011HG3068809-972-1-1,MS1,INV-000195,SERVICE_PROCUREMENT
1011HG3068809-971-1-1,MS1,INV-000195,SERVICE_PROCUREMENT
1011HG3068809-976-2-1,MS1,INV-000195,SERVICE_PROCUREMENT
1011HG3068809-966-4-1,MS1,INV-000195,SERVICE_PROCUREMENT
1011HG3068809-976-4-1,MS1,INV-000195,SERVICE_PROCUREMENT
1011HG3068809-973-2-1,MS1,INV-000195,SERVICE_PROCUREMENT
1011HG3068809-975-1-1,MS1,INV-000195,SERVICE_PROCUREMENT
1011HG3068810-294-2-1,MS1,INV-000195,SERVICE_PROCUREMENT
1011HG3068809-823-1-1,MS1,INV-000195,SERVICE_PROCUREMENT
1011HG3068809-823-2-1,MS1,INV-000195,SERVICE_PROCUREMENT
1011HG3068809-967-2-1,MS1,INV-000195,SERVICE_PROCUREMENT
1011HG3068809-967-4-1,MS1,INV-000195,SERVICE_PROCUREMENT
1011HG3068809-971-2-1,MS1,INV-000195,SERVICE_PROCUREMENT
1011HG3068809-1024-1-1,MS1,INV-000195,SERVICE_PROCUREMENT
1011HG3068809-1027-1-1,MS1,INV-000195,SERVICE_PROCUREMENT
1011HG3068809-989-6-1,MS1,INV-000195,SERVICE_PROCUREMENT
1011HG3068809-1121-1-1,MS1,INV-000195,SERVICE_PROCUREMENT
1011HG3068810-464-1-1,MS1,INV-000195,SERVICE_PROCUREMENT
1011HG3068809-1122-1-1,MS1,INV-000195,SERVICE_PROCUREMENT
1011HG3068809-1118-1-1,MS1,INV-000195,SERVICE_PROCUREMENT
1011HG3068809-852-2-1,MS1,INV-000195,SERVICE_PROCUREMENT
1011HG3068809-853-3-1,MS1,INV-000195,SERVICE_PROCUREMENT
1011HG3068809-821-2-1,MS1,INV-000195,SERVICE_PROCUREMENT
1011HG3068809-969-2-1,MS1,INV-000195,SERVICE_PROCUREMENT
1011HG3068809-974-2-1,MS1,INV-000195,SERVICE_PROCUREMENT
1011HG3068809-971-3-1,MS1,INV-000195,SERVICE_PROCUREMENT
1011HG3068809-969-3-1,MS1,INV-000195,SERVICE_PROCUREMENT
1011HG3068809-966-2-1,MS1,INV-000195,SERVICE_PROCUREMENT
1011HG3068809-1102-1-1,MS1,INV-000195,SERVICE_PROCUREMENT
1011HG3068809-973-4-1,MS1,INV-000195,SERVICE_PROCUREMENT
1011HG3068809-975-3-1,MS1,INV-000195,SERVICE_PROCUREMENT
1011HG3068809-968-3-1,MS1,INV-000195,SERVICE_PROCUREMENT
1011HG3068810-459-1-1,MS1,INV-000195,SERVICE_PROCUREMENT
1011HG3068809-819-2-1,MS1,INV-000195,SERVICE_PROCUREMENT
1011HG3068809-977-1-1,MS1,INV-000195,SERVICE_PROCUREMENT
1011HG3068809-974-3-1,MS1,INV-000195,SERVICE_PROCUREMENT
1011HG3068809-1023-1-1,MS1,INV-000195,SERVICE_PROCUREMENT
1011HG3068809-1109-1-1,MS1,INV-000195,SERVICE_PROCUREMENT
1011HG3068809-647-1-1,MS1,INV-000195,SERVICE_PROCUREMENT
1011HG3068809-652-1-1,MS1,INV-000195,SERVICE_PROCUREMENT
1011HG3068809-591-1-1,MS1,INV-000195,SERVICE_PROCUREMENT
1011HG3068809-1119-1-1,MS1,INV-000195,SERVICE_PROCUREMENT
1011HG3068809-848-2-1,MS1,INV-000195,SERVICE_PROCUREMENT
1011HG3068809-853-2-1,MS1,INV-000195,SERVICE_PROCUREMENT
1011HG3068809-852-1-1,MS1,INV-000195,SERVICE_PROCUREMENT
1011HG3068809-972-3-1,MS1,INV-000195,SERVICE_PROCUREMENT
1011HG3068809-821-1-1,MS1,INV-000195,SERVICE_PROCUREMENT
1011HG3068810-308-3-1,MS1,INV-000195,SERVICE_PROCUREMENT
1011HG3068810-308-2-1,MS1,INV-000195,SERVICE_PROCUREMENT
1011HG3068809-974-4-1,MS1,INV-000195,SERVICE_PROCUREMENT
1011HG3068809-968-1-1,MS1,INV-000195,SERVICE_PROCUREMENT
1011HG3068809-819-1-1,MS1,INV-000195,SERVICE_PROCUREMENT
1011HG3068809-979-1-1,MS1,INV-000195,SERVICE_PROCUREMENT
1011HG3068809-1108-1-1,MS1,INV-000195,SERVICE_PROCUREMENT
1011HG3068809-989-4-1,MS1,INV-000195,SERVICE_PROCUREMENT
1011HG3068809-989-2-1,MS1,INV-000195,SERVICE_PROCUREMENT
1011HG3068809-989-5-1,MS1,INV-000195,SERVICE_PROCUREMENT
1011HG3068809-981-1-1,MS1,INV-000195,SERVICE_PROCUREMENT
1011HG3068809-1002-1-1,MS1,INV-000195,SERVICE_PROCUREMENT
1011HG3068809-993-1-1,MS1,INV-000195,SERVICE_PROCUREMENT
1011HG3068809-997-1-1,MS1,INV-000195,SERVICE_PROCUREMENT
1011HG3068810-360-1-1,MS1,INV-000195,SERVICE_PROCUREMENT
1011HG3068809-1008-1-1,MS1,INV-000195,SERVICE_PROCUREMENT
1011HG3068809-803-1-1,MS1,INV-000195,SERVICE_PROCUREMENT
1011HG3068809-1123-1-1,MS1,INV-000195,SERVICE_PROCUREMENT
1011HG3068809-282-1-1,MS1,INV-000196,SERVICE_PROCUREMENT
1011HG3068809-29-2-1,MS1,INV-000196,SERVICE_PROCUREMENT
1011HG3068809-742-5-1,MS1,INV-000196,SERVICE_PROCUREMENT
1011HG2894718-86-1-1,MS1,INV-000196,SERVICE_PROCUREMENT
1011HG3068809-497-1-1,MS1,INV-000196,SERVICE_PROCUREMENT
1011HG3068809-894-1-1,MS1,INV-000196,SERVICE_PROCUREMENT
1011HG3068809-563-1-1,MS1,INV-000196,SERVICE_PROCUREMENT
1011HG3068809-1018-2-1,MS1,INV-000196,SERVICE_PROCUREMENT
1011HG3068809-791-4-1,MS1,INV-000196,SERVICE_PROCUREMENT
1011HG3068810-476-2-1,MS1,INV-000196,SERVICE_PROCUREMENT
1011HG3068809-1150-1-1,MS1,INV-000196,SERVICE_PROCUREMENT
1011HG3068809-1134-2-1,MS1,INV-000196,SERVICE_PROCUREMENT
1011HG3068809-1151-1-1,MS1,INV-000196,SERVICE_PROCUREMENT
1011HG3068809-148-1-1,MS1,INV-000196,SERVICE_PROCUREMENT
1011HG3068810-316-1-1,MS1,INV-000196,SERVICE_PROCUREMENT
1011HG3068810-317-4-1,MS1,INV-000196,SERVICE_PROCUREMENT
1011HG3068810-354-1-1,MS1,INV-000196,SERVICE_PROCUREMENT
1011HG3068809-499-3-1,MS1,INV-000196,SERVICE_PROCUREMENT
1011HG2894715-275-1-1,MS1,INV-000196,SERVICE_PROCUREMENT
1011HG2894718-46-1-1,MS1,INV-000196,SERVICE_PROCUREMENT
1011HG3068809-885-1-1,MS1,INV-000196,SERVICE_PROCUREMENT
1011HG3068809-883-1-1,MS1,INV-000196,SERVICE_PROCUREMENT
1011HG3068809-514-2-1,MS1,INV-000196,SERVICE_PROCUREMENT
1011HG3068809-1157-1-1,MS1,INV-000196,SERVICE_PROCUREMENT
1011HG3068809-1158-1-1,MS1,INV-000196,SERVICE_PROCUREMENT
1011HG3068810-478-1-1,MS1,INV-000196,SERVICE_PROCUREMENT
1011HG3068809-1136-2-1,MS1,INV-000196,SERVICE_PROCUREMENT
1011HG3068809-1003-1-1,MS1,INV-000196,SERVICE_PROCUREMENT
1011HG3068809-1089-2-1,MS1,INV-000196,SERVICE_PROCUREMENT
1011HG3068810-381-3-1,MS1,INV-000196,SERVICE_PROCUREMENT
1011HG3068809-150-1-1,MS1,INV-000196,SERVICE_PROCUREMENT
1011HG3068809-609-2-1,MS1,INV-000196,SERVICE_PROCUREMENT
1011HG3068810-76-1-1,MS1,INV-000196,SERVICE_PROCUREMENT
1011HG3068809-29-1-1,MS1,INV-000196,SERVICE_PROCUREMENT
1011HG3068810-334-1-1,MS1,INV-000196,SERVICE_PROCUREMENT
1011HG3068809-29-4-1,MS1,INV-000196,SERVICE_PROCUREMENT
1011HG3068810-317-1-1,MS1,INV-000196,SERVICE_PROCUREMENT
1011HG3068810-317-5-1,MS1,INV-000196,SERVICE_PROCUREMENT
1011HG3068809-499-1-1,MS1,INV-000196,SERVICE_PROCUREMENT
1011HG3068809-498-1-1,MS1,INV-000196,SERVICE_PROCUREMENT
1011HG3068809-1035-1-1,MS1,INV-000196,SERVICE_PROCUREMENT
1011HG3068809-886-3-1,MS1,INV-000196,SERVICE_PROCUREMENT
1011HG3068809-515-1-1,MS1,INV-000196,SERVICE_PROCUREMENT
1011HG3068809-946-2-1,MS1,INV-000196,SERVICE_PROCUREMENT
1011HG3068809-1096-1-1,MS1,INV-000196,SERVICE_PROCUREMENT
1011HG3068809-1018-1-1,MS1,INV-000196,SERVICE_PROCUREMENT
1011HG3068809-808-1-1,MS1,INV-000196,SERVICE_PROCUREMENT
1011HG3068810-476-3-1,MS1,INV-000196,SERVICE_PROCUREMENT
1011HG3068809-1135-1-1,MS1,INV-000196,SERVICE_PROCUREMENT
1011HG3068809-1149-1-1,MS1,INV-000196,SERVICE_PROCUREMENT
1011HG3068809-185-1-1,MS1,INV-000196,SERVICE_PROCUREMENT
1011HG3068809-1097-1-1,MS1,INV-000196,SERVICE_PROCUREMENT
1011HG3068809-722-1-1,MS1,INV-000196,SERVICE_PROCUREMENT
1011HG2894717-52-1-1,MS1,INV-000196,SERVICE_PROCUREMENT
1011HG2894718-40-1-1,MS1,INV-000196,SERVICE_PROCUREMENT
1011HG2894717-53-1-1,MS1,INV-000196,SERVICE_PROCUREMENT
1011HG3068809-722-2-1,MS1,INV-000196,SERVICE_PROCUREMENT
1011HG3068809-887-2-1,MS1,INV-000196,SERVICE_PROCUREMENT
1011HG3068809-883-2-1,MS1,INV-000196,SERVICE_PROCUREMENT
1011HG3068809-884-2-1,MS1,INV-000196,SERVICE_PROCUREMENT
1011HG3068809-1036-1-1,MS1,INV-000196,SERVICE_PROCUREMENT
1011HG3068809-884-1-1,MS1,INV-000196,SERVICE_PROCUREMENT
1011HG3068809-742-1-1,MS1,INV-000196,SERVICE_PROCUREMENT
1011HG3068810-317-2-1,MS1,INV-000196,SERVICE_PROCUREMENT
1011HG3068809-1018-3-1,MS1,INV-000196,SERVICE_PROCUREMENT
1011HG3068809-515-3-1,MS1,INV-000196,SERVICE_PROCUREMENT
1011HG3068810-450-1-1,MS1,INV-000196,SERVICE_PROCUREMENT
1011HG3068809-525-3-1,MS1,INV-000196,SERVICE_PROCUREMENT
1011HG3068809-480-1-1,MS1,INV-000198,SERVICE_PROCUREMENT
1011HG2894715-398-1-1,MS1,INV-000198,SERVICE_PROCUREMENT
1011HG2894717-138-1-1,MS1,INV-000198,SERVICE_PROCUREMENT
1011HG2894715-405-1-1,MS1,INV-000198,SERVICE_PROCUREMENT
1011HG2894717-136-3-1,MS1,INV-000198,SERVICE_PROCUREMENT
1011HG2894717-140-1-1,MS1,INV-000198,SERVICE_PROCUREMENT
1011HG3068809-549-1-1,MS1,INV-000198,SERVICE_PROCUREMENT
1011HG2894717-190-1-1,MS1,INV-000198,SERVICE_PROCUREMENT
1011HG3068810-282-2-1,MS1,INV-000198,SERVICE_PROCUREMENT
1011HG3068809-901-1-1,MS1,INV-000198,SERVICE_PROCUREMENT
1011HG3068810-385-1-1,MS1,INV-000198,SERVICE_PROCUREMENT
1011HG3068810-314-3-1,MS1,INV-000198,SERVICE_PROCUREMENT
1011HG3068810-314-2-1,MS1,INV-000198,SERVICE_PROCUREMENT
1011HG3068810-384-1-1,MS1,INV-000198,SERVICE_PROCUREMENT
1011HG3068810-340-1-1,MS1,INV-000198,SERVICE_PROCUREMENT
1011HG3068810-379-1-1,MS1,INV-000198,SERVICE_PROCUREMENT
1011HG3068809-1038-1-1,MS1,INV-000198,SERVICE_PROCUREMENT
1011HG3068809-996-1-1,MS1,INV-000198,SERVICE_PROCUREMENT
1011HG3068810-346-1-1,MS1,INV-000198,SERVICE_PROCUREMENT
1011HG3068810-352-1-1,MS1,INV-000198,SERVICE_PROCUREMENT
1011HG3068809-1013-1-1,MS1,INV-000198,SERVICE_PROCUREMENT
1011HG3068810-327-1-1,MS1,INV-000198,SERVICE_PROCUREMENT
1011HG3068809-1040-1-1,MS1,INV-000198,SERVICE_PROCUREMENT
1011HG3068810-356-1-1,MS1,INV-000198,SERVICE_PROCUREMENT
1011HG3068810-344-1-1,MS1,INV-000198,SERVICE_PROCUREMENT
1011HG3068810-391-1-1,MS1,INV-000198,SERVICE_PROCUREMENT
1011HG3068810-358-1-1,MS1,INV-000198,SERVICE_PROCUREMENT
1011HG3068809-108-2-1,MS1,INV-000198,SERVICE_PROCUREMENT
1011HG3068809-161-6-1,MS1,INV-000198,SERVICE_PROCUREMENT
1011HG3068810-304-1-1,MS1,INV-000198,SERVICE_PROCUREMENT
1011HG3068810-463-2-1,MS1,INV-000198,SERVICE_PROCUREMENT
1011HG3068809-903-1-1,MS1,INV-000198,SERVICE_PROCUREMENT
1011HG3068809-899-1-1,MS1,INV-000198,SERVICE_PROCUREMENT
1011HG2894717-139-1-1,MS1,INV-000198,SERVICE_PROCUREMENT
1011HG2894717-128-1-1,MS1,INV-000198,SERVICE_PROCUREMENT
1011HG3068810-315-1-1,MS1,INV-000198,SERVICE_PROCUREMENT
1011HG3068810-315-2-1,MS1,INV-000198,SERVICE_PROCUREMENT
1011HG3068810-257-1-1,MS1,INV-000198,SERVICE_PROCUREMENT
1011HG3068810-350-1-1,MS1,INV-000198,SERVICE_PROCUREMENT
1011HG3068810-357-1-1,MS1,INV-000198,SERVICE_PROCUREMENT
1011HG3068810-349-1-1,MS1,INV-000198,SERVICE_PROCUREMENT
1011HG3068810-325-1-1,MS1,INV-000198,SERVICE_PROCUREMENT
1011HG3068809-1009-1-1,MS1,INV-000198,SERVICE_PROCUREMENT
1011HG3068810-336-1-1,MS1,INV-000198,SERVICE_PROCUREMENT
1011HG3068810-386-1-1,MS1,INV-000198,SERVICE_PROCUREMENT
1011HG3068809-161-4-1,MS1,INV-000198,SERVICE_PROCUREMENT
1011HG3068810-452-2-1,MS1,INV-000198,SERVICE_PROCUREMENT
1011HG3068809-1033-3-1,MS1,INV-000198,SERVICE_PROCUREMENT
1011HG3068809-108-3-1,MS1,INV-000198,SERVICE_PROCUREMENT
1011HG3068810-469-3-1,MS1,INV-000198,SERVICE_PROCUREMENT
1011HG3068809-413-2-1,MS1,INV-000198,SERVICE_PROCUREMENT
1011HG2894715-404-1-1,MS1,INV-000198,SERVICE_PROCUREMENT
1011HG2894717-126-2-1,MS1,INV-000198,SERVICE_PROCUREMENT
1011HG2894715-403-2-1,MS1,INV-000198,SERVICE_PROCUREMENT
1011HG2894717-136-2-1,MS1,INV-000198,SERVICE_PROCUREMENT
1011HG3068809-552-1-1,MS1,INV-000198,SERVICE_PROCUREMENT
1011HG2894717-137-1-1,MS1,INV-000198,SERVICE_PROCUREMENT
1011HG3068809-1174-1-1,MS1,INV-000198,SERVICE_PROCUREMENT
1011HG3068810-506-1-1,MS1,INV-000198,SERVICE_PROCUREMENT
1011HG3068809-960-1-1,MS1,INV-000198,SERVICE_PROCUREMENT
1011HG3068810-359-1-1,MS1,INV-000198,SERVICE_PROCUREMENT
1011HG3068810-361-1-1,MS1,INV-000198,SERVICE_PROCUREMENT
1011HG3068809-1005-1-1,MS1,INV-000198,SERVICE_PROCUREMENT
1011HG3068810-326-1-1,MS1,INV-000198,SERVICE_PROCUREMENT
1011HG3068810-388-1-1,MS1,INV-000198,SERVICE_PROCUREMENT
1011HG3068809-1087-1-1,MS1,INV-000198,SERVICE_PROCUREMENT
1011HG3068810-456-1-1,MS1,INV-000198,SERVICE_PROCUREMENT
1011HG3068810-469-4-1,MS1,INV-000198,SERVICE_PROCUREMENT
1011HG3068810-463-4-1,MS1,INV-000198,SERVICE_PROCUREMENT
1011HG3068810-281-1-1,MS1,INV-000198,SERVICE_PROCUREMENT
1011HG3068809-479-1-1,MS1,INV-000198,SERVICE_PROCUREMENT
1011HG3068809-480-2-1,MS1,INV-000198,SERVICE_PROCUREMENT
1011HG3068809-479-2-1,MS1,INV-000198,SERVICE_PROCUREMENT
1011HG2894717-127-1-1,MS1,INV-000198,SERVICE_PROCUREMENT
1011HG3068810-343-1-1,MS1,INV-000198,SERVICE_PROCUREMENT
1011HG3068809-1006-1-1,MS1,INV-000198,SERVICE_PROCUREMENT
1011HG3068810-387-1-1,MS1,INV-000198,SERVICE_PROCUREMENT
1011HG3068810-351-1-1,MS1,INV-000198,SERVICE_PROCUREMENT
1011HG3068809-1011-1-1,MS1,INV-000198,SERVICE_PROCUREMENT
1011HG3068810-341-1-1,MS1,INV-000198,SERVICE_PROCUREMENT
1011HG3068810-337-1-1,MS1,INV-000198,SERVICE_PROCUREMENT
1011HG3068810-342-1-1,MS1,INV-000198,SERVICE_PROCUREMENT
1011HG3068809-999-1-1,MS1,INV-000198,SERVICE_PROCUREMENT
1011HG3068810-348-1-1,MS1,INV-000198,SERVICE_PROCUREMENT
1011HG3068810-339-1-1,MS1,INV-000198,SERVICE_PROCUREMENT
1011HG3068809-1016-1-1,MS1,INV-000198,SERVICE_PROCUREMENT
1011HG3068809-1001-1-1,MS1,INV-000198,SERVICE_PROCUREMENT
1011HG3068809-992-1-1,MS1,INV-000198,SERVICE_PROCUREMENT
1011HG3068809-1037-1-1,MS1,INV-000198,SERVICE_PROCUREMENT
1011HG3068810-347-1-1,MS1,INV-000198,SERVICE_PROCUREMENT
1011HG3068809-962-1-1,MS1,INV-000198,SERVICE_PROCUREMENT
1011HG3068810-390-1-1,MS1,INV-000198,SERVICE_PROCUREMENT
1011HG3068809-234-1-1,MS1,INV-000198,SERVICE_PROCUREMENT
1011HG3068809-161-5-1,MS1,INV-000198,SERVICE_PROCUREMENT
1011HG3068809-1144-2-1,MS1,INV-000199,SERVICE_PROCUREMENT
1011HG3068809-680-1-1,MS1,INV-000199,SERVICE_PROCUREMENT
1011HG3068809-737-1-1,MS1,INV-000199,SERVICE_PROCUREMENT
1011HG3068809-525-1-1,MS1,INV-000199,SERVICE_PROCUREMENT
1011HG3068809-526-2-1,MS1,INV-000199,SERVICE_PROCUREMENT
1011HG3068809-779-2-1,MS1,INV-000199,SERVICE_PROCUREMENT
1011HG3068809-1124-1-1,MS2,INV-000199,SERVICE_PROCUREMENT
1011HG3068810-311-1-1,MS1,INV-000199,SERVICE_PROCUREMENT
1011HG3068809-1131-1-1,MS1,INV-000199,SERVICE_PROCUREMENT
1011HG3068810-463-1-1,MS1,INV-000199,SERVICE_PROCUREMENT
1011HG3068810-491-1-1,MS1,INV-000199,SERVICE_PROCUREMENT
1011HG3068809-921-1-1,MS1,INV-000199,SERVICE_PROCUREMENT
1011HG3068809-923-1-1,MS1,INV-000199,SERVICE_PROCUREMENT
1011HG3068809-916-1-1,MS1,INV-000199,SERVICE_PROCUREMENT
1011HG3068810-306-1-1,MS1,INV-000199,SERVICE_PROCUREMENT
1011HG3068810-331-1-1,MS1,INV-000199,SERVICE_PROCUREMENT
1011HG3068809-1099-1-1,MS1,INV-000199,SERVICE_PROCUREMENT
1011HG3068809-493-2-1,MS1,INV-000199,SERVICE_PROCUREMENT
1011HG3068809-1099-2-1,MS1,INV-000199,SERVICE_PROCUREMENT
1011HG2894717-183-2-1,MS1,INV-000199,SERVICE_PROCUREMENT
1011HG2894715-436-1-1,MS1,INV-000199,SERVICE_PROCUREMENT
1011HG3068809-1032-2-1,MS1,INV-000199,SERVICE_PROCUREMENT
1011HG2894718-22-1-1,MS1,INV-000199,SERVICE_PROCUREMENT
1011HG2894718-42-1-1,MS1,INV-000199,SERVICE_PROCUREMENT
1011HG3068809-829-2-1,MS1,INV-000199,SERVICE_PROCUREMENT
1011HG3068809-976-3-1,MS1,INV-000199,SERVICE_PROCUREMENT
1011HG3068810-7-2-1,MS1,INV-000199,SERVICE_PROCUREMENT
1011HG3068809-1148-1-1,MS1,INV-000199,SERVICE_PROCUREMENT
1011HG3068810-283-2-1,MS1,INV-000199,SERVICE_PROCUREMENT
1011HG3068810-283-1-1,MS1,INV-000199,SERVICE_PROCUREMENT
1011HG3068810-468-3-1,MS1,INV-000199,SERVICE_PROCUREMENT
1011HG3068810-373-1-1,MS1,INV-000199,SERVICE_PROCUREMENT
1011HG3068810-501-1-1,MS1,INV-000199,SERVICE_PROCUREMENT
1011HG3068809-1194-1-1,MS1,INV-000199,SERVICE_PROCUREMENT
1011HG3068809-1132-2-1,MS1,INV-000199,SERVICE_PROCUREMENT
1011HG3068809-1132-1-1,MS1,INV-000199,SERVICE_PROCUREMENT
1011HG3068809-964-1-1,MS1,INV-000199,SERVICE_PROCUREMENT
1011HG3068809-1130-1-1,MS1,INV-000199,SERVICE_PROCUREMENT
1011HG3068809-1128-1-1,MS1,INV-000199,SERVICE_PROCUREMENT
1011HG3068809-1115-2-1,MS1,INV-000199,SERVICE_PROCUREMENT
1011HG3068809-1117-1-1,MS1,INV-000199,SERVICE_PROCUREMENT
1011HG3068810-477-1-1,MS1,INV-000199,SERVICE_PROCUREMENT
1011HG3068809-1142-1-1,MS1,INV-000199,SERVICE_PROCUREMENT
1011HG3068809-1116-1-1,MS1,INV-000199,SERVICE_PROCUREMENT
1011HG3068809-897-1-1,MS1,INV-000199,SERVICE_PROCUREMENT
1011HG3068810-159-3-1,MS1,INV-000199,SERVICE_PROCUREMENT
1011HG3068810-157-1-1,MS1,INV-000199,SERVICE_PROCUREMENT
1011HG3068809-81-2-1,MS1,INV-000199,SERVICE_PROCUREMENT
1011HG3068809-79-1-1,MS1,INV-000199,SERVICE_PROCUREMENT
1011HG3068809-146-2-1,MS1,INV-000199,SERVICE_PROCUREMENT
1011HG3068809-82-2-1,MS1,INV-000199,SERVICE_PROCUREMENT
1011HG3068809-192-2-1,MS1,INV-000199,SERVICE_PROCUREMENT
1011HG3068810-27-1-1,MS1,INV-000199,SERVICE_PROCUREMENT
1011HG3068809-192-1-1,MS1,INV-000199,SERVICE_PROCUREMENT
1011HG3068809-188-2-1,MS1,INV-000199,SERVICE_PROCUREMENT
1011HG3068809-1145-1-1,MS1,INV-000199,SERVICE_PROCUREMENT
1011HG3068809-109-2-1,MS1,INV-000199,SERVICE_PROCUREMENT
1011HG3068809-165-2-1,MS1,INV-000199,SERVICE_PROCUREMENT
1011HG3068810-83-1-1,MS1,INV-000199,SERVICE_PROCUREMENT
1011HG3068810-83-2-1,MS1,INV-000199,SERVICE_PROCUREMENT
1011HG3068809-143-1-1,MS1,INV-000199,SERVICE_PROCUREMENT
1011HG3068810-164-1-1,MS1,INV-000199,SERVICE_PROCUREMENT
1011HG3068809-140-1-1,MS1,INV-000199,SERVICE_PROCUREMENT
1011HG3068810-163-1-1,MS1,INV-000199,SERVICE_PROCUREMENT
1011HG3068810-155-1-1,MS1,INV-000199,SERVICE_PROCUREMENT
1011HG3068810-166-2-1,MS1,INV-000199,SERVICE_PROCUREMENT
1011HG3068810-262-1-1,MS1,INV-000199,SERVICE_PROCUREMENT
1011HG3068809-283-1-1,MS1,INV-000199,SERVICE_PROCUREMENT
1011HG3068810-7-1-1,MS1,INV-000199,SERVICE_PROCUREMENT
1011HG3068809-741-5-1,MS1,INV-000199,SERVICE_PROCUREMENT
1011HG3068810-485-1-1,MS1,INV-000199,SERVICE_PROCUREMENT
1011HG3068810-454-1-1,MS1,INV-000199,SERVICE_PROCUREMENT
1011HG3068810-467-1-1,MS2,INV-000199,SERVICE_PROCUREMENT
1011HG3068809-652-1-1,MS2,INV-000199,SERVICE_PROCUREMENT
1011HG3068810-376-1-1,MS1,INV-000199,SERVICE_PROCUREMENT
1011HG3068810-282-1-1,MS1,INV-000199,SERVICE_PROCUREMENT
1011HG3068809-918-1-1,MS1,INV-000199,SERVICE_PROCUREMENT
1011HG3068809-920-1-1,MS1,INV-000199,SERVICE_PROCUREMENT
1011HG3068809-975-2-1,MS1,INV-000199,SERVICE_PROCUREMENT
1011HG3068809-102-2-1,MS1,INV-000199,SERVICE_PROCUREMENT
1011HG3068809-681-1-1,MS1,INV-000199,SERVICE_PROCUREMENT
1011HG3068809-526-5-1,MS1,INV-000199,SERVICE_PROCUREMENT
1011HG3068809-525-2-1,MS1,INV-000199,SERVICE_PROCUREMENT
1011HG3068809-818-1-1,MS1,INV-000199,SERVICE_PROCUREMENT
1011HG3068810-462-1-1,MS1,INV-000199,SERVICE_PROCUREMENT
1011HG3068810-288-2-1,MS1,INV-000199,SERVICE_PROCUREMENT
1011HG3068809-983-1-1,MS1,INV-000199,SERVICE_PROCUREMENT
1011HG3068810-468-2-1,MS1,INV-000199,SERVICE_PROCUREMENT
1011HG3068810-513-1-1,MS1,INV-000199,SERVICE_PROCUREMENT
1011HG3068810-511-1-1,MS1,INV-000199,SERVICE_PROCUREMENT
1011HG2894717-127-2-1,MS1,INV-000199,SERVICE_PROCUREMENT
1011HG2894717-128-2-1,MS1,INV-000199,SERVICE_PROCUREMENT
1011HG3068809-1195-1-1,MS1,INV-000199,SERVICE_PROCUREMENT
1011HG3068809-1133-2-1,MS1,INV-000199,SERVICE_PROCUREMENT
1011HG3068809-1142-3-1,MS1,INV-000199,SERVICE_PROCUREMENT
1011HG3068809-1127-1-1,MS1,INV-000199,SERVICE_PROCUREMENT
1011HG3068810-300-1-1,MS1,INV-000199,SERVICE_PROCUREMENT
1011HG3068809-727-1-1,MS1,INV-000199,SERVICE_PROCUREMENT
1011HG3068810-163-3-1,MS1,INV-000199,SERVICE_PROCUREMENT
1011HG3068810-31-2-1,MS1,INV-000199,SERVICE_PROCUREMENT
1011HG3068809-169-1-1,MS1,INV-000199,SERVICE_PROCUREMENT
1011HG3068809-109-1-1,MS1,INV-000199,SERVICE_PROCUREMENT
1011HG3068809-171-1-1,MS1,INV-000199,SERVICE_PROCUREMENT
1011HG3068809-142-2-1,MS1,INV-000199,SERVICE_PROCUREMENT
1011HG3068810-74-2-1,MS1,INV-000199,SERVICE_PROCUREMENT
1011HG3068810-158-1-1,MS1,INV-000199,SERVICE_PROCUREMENT
1011HG3068810-162-1-1,MS1,INV-000199,SERVICE_PROCUREMENT
1011HG3068810-161-1-1,MS1,INV-000199,SERVICE_PROCUREMENT
1011HG3068810-165-2-1,MS1,INV-000199,SERVICE_PROCUREMENT
1011HG2894715-413-1-1,MS1,INV-000199,SERVICE_PROCUREMENT
1011HG3068809-812-1-1,MS1,INV-000199,SERVICE_PROCUREMENT
1011HG3068809-811-2-1,MS1,INV-000199,SERVICE_PROCUREMENT
1011HG2894718-34-1-1,MS1,INV-000199,SERVICE_PROCUREMENT
1011HG3068810-213-1-1,MS1,INV-000199,SERVICE_PROCUREMENT
1011HG2894715-286-1-1,MS1,INV-000199,SERVICE_PROCUREMENT
1011HG2894717-197-1-1,MS1,INV-000199,SERVICE_PROCUREMENT
1011HG3068810-264-1-1,MS1,INV-000199,SERVICE_PROCUREMENT
1011HG3068809-793-2-1,MS1,INV-000199,SERVICE_PROCUREMENT
1011HG3068809-950-3-1,MS1,INV-000199,SERVICE_PROCUREMENT
1011HG3068809-14-1-1,MS1,INV-000199,SERVICE_PROCUREMENT
1011HG3068809-779-1-1,MS1,INV-000199,SERVICE_PROCUREMENT
1011HG3068809-1098-1-1,MS1,INV-000199,SERVICE_PROCUREMENT
1011HG3068809-1098-2-1,MS1,INV-000199,SERVICE_PROCUREMENT
1011HG3068810-377-1-1,MS1,INV-000199,SERVICE_PROCUREMENT
1011HG3068810-463-3-1,MS1,INV-000199,SERVICE_PROCUREMENT
1011HG3068809-983-2-1,MS1,INV-000199,SERVICE_PROCUREMENT
1011HG2894717-183-1-1,MS1,INV-000199,SERVICE_PROCUREMENT
1011HG3068809-681-2-1,MS1,INV-000199,SERVICE_PROCUREMENT
1011HG3068809-102-3-1,MS1,INV-000199,SERVICE_PROCUREMENT
1011HG3068809-526-3-1,MS1,INV-000199,SERVICE_PROCUREMENT
1011HG3068809-1138-1-1,MS1,INV-000199,SERVICE_PROCUREMENT
1011HG3068810-460-1-1,MS1,INV-000199,SERVICE_PROCUREMENT
1011HG3068809-818-2-1,MS1,INV-000199,SERVICE_PROCUREMENT
1011HG3068810-285-1-1,MS1,INV-000199,SERVICE_PROCUREMENT
1011HG3068810-461-4-1,MS1,INV-000199,SERVICE_PROCUREMENT
1011HG3068810-460-2-1,MS1,INV-000199,SERVICE_PROCUREMENT
1011HG3068810-470-3-1,MS1,INV-000199,SERVICE_PROCUREMENT
1011HG3068810-470-2-1,MS1,INV-000199,SERVICE_PROCUREMENT
1011HG3068809-983-3-1,MS1,INV-000199,SERVICE_PROCUREMENT
1011HG3068810-460-4-1,MS1,INV-000199,SERVICE_PROCUREMENT
1011HG3068809-1143-1-1,MS1,INV-000199,SERVICE_PROCUREMENT
1011HG3068810-512-1-1,MS1,INV-000199,SERVICE_PROCUREMENT
1011HG3068810-509-1-1,MS1,INV-000199,SERVICE_PROCUREMENT
1011HG3068810-488-1-1,MS1,INV-000199,SERVICE_PROCUREMENT
1011HG3068810-510-1-1,MS1,INV-000199,SERVICE_PROCUREMENT
1011HG3068810-474-1-1,MS1,INV-000199,SERVICE_PROCUREMENT
1011HG3068810-307-1-1,MS1,INV-000199,SERVICE_PROCUREMENT
1011HG2894717-136-1-1,MS1,INV-000199,SERVICE_PROCUREMENT
1011HG3068809-1133-1-1,MS1,INV-000199,SERVICE_PROCUREMENT
1011HG3068809-1132-3-1,MS1,INV-000199,SERVICE_PROCUREMENT
1011HG3068809-785-1-1,MS1,INV-000199,SERVICE_PROCUREMENT
1011HG3068810-329-1-1,MS1,INV-000199,SERVICE_PROCUREMENT
1011HG2894717-208-2-1,MS1,INV-000199,SERVICE_PROCUREMENT
1011HG3068809-677-1-1,MS1,INV-000199,SERVICE_PROCUREMENT
1011HG3068809-1115-1-1,MS1,INV-000199,SERVICE_PROCUREMENT
1011HG3068810-475-1-1,MS1,INV-000199,SERVICE_PROCUREMENT
1011HG3068810-475-2-1,MS1,INV-000199,SERVICE_PROCUREMENT
1011HG3068810-475-3-1,MS1,INV-000199,SERVICE_PROCUREMENT
1011HG3068809-748-1-1,MS1,INV-000199,SERVICE_PROCUREMENT
1011HG3068810-368-1-1,MS1,INV-000199,SERVICE_PROCUREMENT
1011HG3068810-301-1-1,MS1,INV-000199,SERVICE_PROCUREMENT
1011HG3068809-910-1-1,MS1,INV-000199,SERVICE_PROCUREMENT
1011HG3068810-156-2-1,MS1,INV-000199,SERVICE_PROCUREMENT
1011HG3068810-31-1-1,MS1,INV-000199,SERVICE_PROCUREMENT
1011HG3068809-186-2-1,MS1,INV-000199,SERVICE_PROCUREMENT
1011HG3068810-30-1-1,MS1,INV-000199,SERVICE_PROCUREMENT
1011HG3068809-80-2-1,MS1,INV-000199,SERVICE_PROCUREMENT
1011HG3068809-80-1-1,MS1,INV-000199,SERVICE_PROCUREMENT
1011HG3068809-81-1-1,MS1,INV-000199,SERVICE_PROCUREMENT
1011HG3068809-170-2-1,MS1,INV-000199,SERVICE_PROCUREMENT
1011HG3068809-146-1-1,MS1,INV-000199,SERVICE_PROCUREMENT
1011HG3068809-174-2-1,MS1,INV-000199,SERVICE_PROCUREMENT
1011HG3068809-174-1-1,MS1,INV-000199,SERVICE_PROCUREMENT
1011HG3068810-27-2-1,MS1,INV-000199,SERVICE_PROCUREMENT
1011HG3068809-191-2-1,MS1,INV-000199,SERVICE_PROCUREMENT
1011HG3068809-142-1-1,MS1,INV-000199,SERVICE_PROCUREMENT
1011HG3068810-74-1-1,MS1,INV-000199,SERVICE_PROCUREMENT
1011HG3068810-159-2-1,MS1,INV-000199,SERVICE_PROCUREMENT
1011HG3068810-156-1-1,MS1,INV-000199,SERVICE_PROCUREMENT
1011HG3068810-167-2-1,MS1,INV-000199,SERVICE_PROCUREMENT
1011HG3068809-1173-1-1,MS1,INV-000199,SERVICE_PROCUREMENT
1011HG3068809-950-2-1,MS1,INV-000199,SERVICE_PROCUREMENT
1011HG3068810-484-1-1,MS1,INV-000199,SERVICE_PROCUREMENT
1011HG3068809-1144-1-1,MS1,INV-000199,SERVICE_PROCUREMENT
1011HG3068809-939-1-1,MS1,INV-000199,SERVICE_PROCUREMENT
1011HG3068809-939-2-1,MS1,INV-000199,SERVICE_PROCUREMENT
1011HG3068810-272-2-1,MS1,INV-000199,SERVICE_PROCUREMENT
1011HG3068810-465-1-1,MS2,INV-000199,SERVICE_PROCUREMENT
1011HG3068809-1123-1-1,MS2,INV-000199,SERVICE_PROCUREMENT
1011HG3068810-492-1-1,MS1,INV-000199,SERVICE_PROCUREMENT
1011HG3068810-469-2-1,MS1,INV-000199,SERVICE_PROCUREMENT
1011HG3068810-308-1-1,MS1,INV-000199,SERVICE_PROCUREMENT
1011HG3068809-922-1-1,MS1,INV-000199,SERVICE_PROCUREMENT
1011HG3068809-983-4-1,MS1,INV-000199,SERVICE_PROCUREMENT
1011HG3068809-971-4-1,MS1,INV-000199,SERVICE_PROCUREMENT
1011HG3068809-967-1-1,MS1,INV-000199,SERVICE_PROCUREMENT
1011HG3068809-972-2-1,MS1,INV-000199,SERVICE_PROCUREMENT
1011HG3068809-1122-1-1,MS2,INV-000199,SERVICE_PROCUREMENT
1011HG2894717-141-2-1,MS1,INV-000199,SERVICE_PROCUREMENT
1011HG3068809-732-1-1,MS1,INV-000199,SERVICE_PROCUREMENT
1011HG3068809-679-1-1,MS1,INV-000199,SERVICE_PROCUREMENT
1011HG3068809-811-1-1,MS1,INV-000199,SERVICE_PROCUREMENT
1011HG3068809-812-2-1,MS1,INV-000199,SERVICE_PROCUREMENT
1011HG2894718-37-1-1,MS1,INV-000199,SERVICE_PROCUREMENT
1011HG2894718-38-1-1,MS1,INV-000199,SERVICE_PROCUREMENT
1011HG3068809-679-2-1,MS1,INV-000199,SERVICE_PROCUREMENT
1011HG2894717-122-1-1,MS1,INV-000199,SERVICE_PROCUREMENT
1011HG3068809-548-1-1,MS1,INV-000199,SERVICE_PROCUREMENT
1011HG2894715-292-1-1,MS1,INV-000199,SERVICE_PROCUREMENT
1011HG3068809-974-1-1,MS1,INV-000199,SERVICE_PROCUREMENT
1011HG3068809-741-3-1,MS1,INV-000199,SERVICE_PROCUREMENT
1011HG3068809-742-3-1,MS1,INV-000199,SERVICE_PROCUREMENT
1011HG3068810-335-1-1,MS1,INV-000199,SERVICE_PROCUREMENT
1011HG3068809-680-2-1,MS1,INV-000199,SERVICE_PROCUREMENT
1011HG3068809-525-6-1,MS1,INV-000199,SERVICE_PROCUREMENT
1011HG3068809-531-1-1,MS1,INV-000199,SERVICE_PROCUREMENT
1011HG3068809-1137-1-1,MS1,INV-000199,SERVICE_PROCUREMENT
1011HG3068810-288-1-1,MS1,INV-000199,SERVICE_PROCUREMENT
1011HG3068810-285-2-1,MS1,INV-000199,SERVICE_PROCUREMENT
1011HG3068810-462-3-1,MS1,INV-000199,SERVICE_PROCUREMENT
1011HG3068810-468-1-1,MS1,INV-000199,SERVICE_PROCUREMENT
1011HG3068810-461-2-1,MS1,INV-000199,SERVICE_PROCUREMENT
1011HG3068810-472-2-1,MS1,INV-000199,SERVICE_PROCUREMENT
1011HG3068810-470-1-1,MS1,INV-000199,SERVICE_PROCUREMENT
1011HG3068810-333-1-1,MS1,INV-000199,SERVICE_PROCUREMENT
1011HG3068810-462-4-1,MS1,INV-000199,SERVICE_PROCUREMENT
1011HG3068810-461-3-1,MS1,INV-000199,SERVICE_PROCUREMENT
1011HG2894717-137-2-1,MS1,INV-000199,SERVICE_PROCUREMENT
1011HG2894717-126-1-1,MS1,INV-000199,SERVICE_PROCUREMENT
1011HG3068809-1133-3-1,MS1,INV-000199,SERVICE_PROCUREMENT
1011HG3068809-1129-1-1,MS1,INV-000199,SERVICE_PROCUREMENT
1011HG3068809-1117-2-1,MS1,INV-000199,SERVICE_PROCUREMENT
1011HG3068809-1142-2-1,MS1,INV-000199,SERVICE_PROCUREMENT
1011HG3068809-1117-3-1,MS1,INV-000199,SERVICE_PROCUREMENT
1011HG2894715-459-1-1,MS1,INV-000199,SERVICE_PROCUREMENT
1011HG3068809-1116-2-1,MS1,INV-000199,SERVICE_PROCUREMENT
1011HG3068809-909-1-1,MS1,INV-000199,SERVICE_PROCUREMENT
1011HG3068809-1019-1-1,MS1,INV-000199,SERVICE_PROCUREMENT
1011HG3068809-912-1-1,MS1,INV-000199,SERVICE_PROCUREMENT
1011HG3068809-908-1-1,MS1,INV-000199,SERVICE_PROCUREMENT
1011HG3068809-906-1-1,MS1,INV-000199,SERVICE_PROCUREMENT
1011HG3068809-907-1-1,MS1,INV-000199,SERVICE_PROCUREMENT
1011HG3068809-500-2-1,MS1,INV-000199,SERVICE_PROCUREMENT
1011HG3068810-161-3-1,MS1,INV-000199,SERVICE_PROCUREMENT
1011HG3068810-30-2-1,MS1,INV-000199,SERVICE_PROCUREMENT
1011HG3068809-170-1-1,MS1,INV-000199,SERVICE_PROCUREMENT
1011HG3068810-167-3-1,MS1,INV-000199,SERVICE_PROCUREMENT
1011HG3068809-186-1-1,MS1,INV-000199,SERVICE_PROCUREMENT
1011HG3068809-79-2-1,MS1,INV-000199,SERVICE_PROCUREMENT
1011HG3068809-169-2-1,MS1,INV-000199,SERVICE_PROCUREMENT
1011HG3068809-82-1-1,MS1,INV-000199,SERVICE_PROCUREMENT
1011HG3068810-81-2-1,MS1,INV-000199,SERVICE_PROCUREMENT
1011HG3068809-188-1-1,MS1,INV-000199,SERVICE_PROCUREMENT
1011HG3068810-81-1-1,MS1,INV-000199,SERVICE_PROCUREMENT
1011HG3068809-191-1-1,MS1,INV-000199,SERVICE_PROCUREMENT
1011HG3068809-171-2-1,MS1,INV-000199,SERVICE_PROCUREMENT
1011HG3068810-25-2-1,MS1,INV-000199,SERVICE_PROCUREMENT
1011HG3068810-25-1-1,MS1,INV-000199,SERVICE_PROCUREMENT
1011HG3068809-165-1-1,MS1,INV-000199,SERVICE_PROCUREMENT
1011HG3068809-143-2-1,MS1,INV-000199,SERVICE_PROCUREMENT
1011HG3068809-140-2-1,MS1,INV-000199,SERVICE_PROCUREMENT
1011HG3068810-157-3-1,MS1,INV-000199,SERVICE_PROCUREMENT
1011HG3068810-160-1-1,MS1,INV-000199,SERVICE_PROCUREMENT
1011HG3068809-847-2-1,MS1,INV-000200,SERVICE_PROCUREMENT
1011HG3068809-1135-2-1,MS1,INV-000200,SERVICE_PROCUREMENT
1011HG3068809-815-1-1,MS1,INV-000200,SERVICE_PROCUREMENT
1011HG3068810-464-1-1,MS2,INV-000200,SERVICE_PROCUREMENT
1011HG3068809-929-2-1,MS1,INV-000200,SERVICE_PROCUREMENT
1011HG3068809-927-1-1,MS1,INV-000200,SERVICE_PROCUREMENT
1011HG3068809-924-1-1,MS1,INV-000200,SERVICE_PROCUREMENT
1011HG3068809-1163-1-1,MS1,INV-000200,SERVICE_PROCUREMENT
1011HG3068809-930-3-1,MS1,INV-000200,SERVICE_PROCUREMENT
1011HG3068809-926-1-1,MS1,INV-000200,SERVICE_PROCUREMENT
1011HG3068809-848-1-1,MS1,INV-000200,SERVICE_PROCUREMENT
1011HG2894715-403-1-1,MS1,INV-000200,SERVICE_PROCUREMENT
1011HG2894715-398-2-1,MS1,INV-000200,SERVICE_PROCUREMENT
1011HG3068809-1112-3-1,MS1,INV-000200,SERVICE_PROCUREMENT
1011HG3068809-1113-1-1,MS1,INV-000200,SERVICE_PROCUREMENT
1011HG3068809-987-1-1,MS1,INV-000200,SERVICE_PROCUREMENT
1011HG3068809-648-1-1,MS2,INV-000200,SERVICE_PROCUREMENT
1011HG3068809-928-2-1,MS1,INV-000200,SERVICE_PROCUREMENT
1011HG3068809-926-2-1,MS1,INV-000200,SERVICE_PROCUREMENT
1011HG3068809-929-3-1,MS1,INV-000200,SERVICE_PROCUREMENT
1011HG3068809-1165-1-1,MS1,INV-000200,SERVICE_PROCUREMENT
1011HG3068809-924-2-1,MS1,INV-000200,SERVICE_PROCUREMENT
1011HG3068810-305-1-1,MS1,INV-000200,SERVICE_PROCUREMENT
1011HG3068809-891-1-1,MS1,INV-000200,SERVICE_PROCUREMENT
1011HG3068809-845-2-1,MS1,INV-000200,SERVICE_PROCUREMENT
1011HG3068809-847-6-1,MS1,INV-000200,SERVICE_PROCUREMENT
1011HG3068809-1134-1-1,MS1,INV-000200,SERVICE_PROCUREMENT
1011HG3068809-1113-4-1,MS1,INV-000200,SERVICE_PROCUREMENT
1011HG3068809-1120-1-1,MS1,INV-000200,SERVICE_PROCUREMENT
1011HG3068809-846-1-1,MS1,INV-000200,SERVICE_PROCUREMENT
1011HG3068809-647-1-1,MS2,INV-000200,SERVICE_PROCUREMENT
1011HG3068809-1121-1-1,MS2,INV-000200,SERVICE_PROCUREMENT
1011HG3068809-925-2-1,MS1,INV-000200,SERVICE_PROCUREMENT
1011HG3068809-1162-1-1,MS1,INV-000200,SERVICE_PROCUREMENT
1011HG3068809-930-2-1,MS1,INV-000200,SERVICE_PROCUREMENT
1011HG3068809-929-1-1,MS1,INV-000200,SERVICE_PROCUREMENT
1011HG3068809-928-1-1,MS1,INV-000200,SERVICE_PROCUREMENT
1011HG3068809-1160-1-1,MS1,INV-000200,SERVICE_PROCUREMENT
1011HG3068809-792-2-1,MS1,INV-000200,SERVICE_PROCUREMENT
1011HG3068809-1112-4-1,MS1,INV-000200,SERVICE_PROCUREMENT
1011HG3068809-70-2-1,MS1,INV-000200,SERVICE_PROCUREMENT
1011HG3068809-286-1-1,MS1,INV-000200,SERVICE_PROCUREMENT
1011HG3068809-476-1-1,MS1,INV-000200,SERVICE_PROCUREMENT
1011HG3068809-70-1-1,MS1,INV-000200,SERVICE_PROCUREMENT
1011HG3068809-1113-3-1,MS1,INV-000200,SERVICE_PROCUREMENT
1011HG3068809-803-1-1,MS2,INV-000200,SERVICE_PROCUREMENT
1011HG3068809-930-1-1,MS1,INV-000200,SERVICE_PROCUREMENT
1011HG3068809-1161-1-1,MS1,INV-000200,SERVICE_PROCUREMENT
1011HG3068809-139-2-1,MS1,INV-000201,SERVICE_PROCUREMENT
1011HG3068809-61-2-1,MS1,INV-000201,SERVICE_PROCUREMENT
1011HG3068809-47-2-1,MS1,INV-000201,SERVICE_PROCUREMENT
1011HG3068809-1029-1-1,MS1,INV-000201,SERVICE_PROCUREMENT
1011HG2894717-143-1-1,MS1,INV-000201,SERVICE_PROCUREMENT
1011HG3068809-63-1-1,MS1,INV-000201,SERVICE_PROCUREMENT
1011HG3068809-137-1-1,MS1,INV-000201,SERVICE_PROCUREMENT
1011HG3068809-723-1-1,MS1,INV-000201,SERVICE_PROCUREMENT
1011HG2894717-81-1-1,MS1,INV-000201,SERVICE_PROCUREMENT
1011HG3068809-938-3-1,MS1,INV-000201,SERVICE_PROCUREMENT
1011HG3068810-263-2-1,MS1,INV-000201,SERVICE_PROCUREMENT
1011HG3068809-36-2-1,MS1,INV-000201,SERVICE_PROCUREMENT
1011HG3068809-64-1-1,MS1,INV-000201,SERVICE_PROCUREMENT
1011HG3068809-46-2-1,MS1,INV-000201,SERVICE_PROCUREMENT
1011HG3068809-135-2-1,MS1,INV-000201,SERVICE_PROCUREMENT
1011HG3068809-927-2-1,MS1,INV-000201,SERVICE_PROCUREMENT
1011HG3068809-136-1-1,MS1,INV-000201,SERVICE_PROCUREMENT
1011HG3068809-767-2-1,MS1,INV-000201,SERVICE_PROCUREMENT
1011HG3068809-48-2-1,MS1,INV-000201,SERVICE_PROCUREMENT
1011HG3068809-547-1-1,MS1,INV-000201,SERVICE_PROCUREMENT
1011HG3068809-209-1-1,MS1,INV-000201,SERVICE_PROCUREMENT
1011HG2894718-118-1-1,MS1,INV-000201,SERVICE_PROCUREMENT
1011HG3068809-787-1-1,MS1,INV-000201,SERVICE_PROCUREMENT
1011HG3068809-38-1-1,MS1,INV-000201,SERVICE_PROCUREMENT
1011HG3068809-544-2-1,MS1,INV-000201,SERVICE_PROCUREMENT
1011HG2894715-409-1-1,MS1,INV-000201,SERVICE_PROCUREMENT
1011HG2894718-11-1-1,MS1,INV-000201,SERVICE_PROCUREMENT
1011HG3068809-810-1-1,MS1,INV-000201,SERVICE_PROCUREMENT
1011HG3068809-132-1-1,MS1,INV-000201,SERVICE_PROCUREMENT
1011HG3068809-1152-1-1,MS1,INV-000201,SERVICE_PROCUREMENT
1011HG3068809-1164-1-1,MS1,INV-000201,SERVICE_PROCUREMENT
1011HG3068809-134-1-1,MS1,INV-000201,SERVICE_PROCUREMENT
1011HG3068809-133-1-1,MS1,INV-000201,SERVICE_PROCUREMENT
1011HG3068809-210-1-1,MS1,INV-000201,SERVICE_PROCUREMENT
1011HG3068809-62-1-1,MS1,INV-000201,SERVICE_PROCUREMENT
1011HG3068809-1175-1-1,MS1,INV-000202,SERVICE_PROCUREMENT
1011HG3167912-27-3-1,MS1,INV-000202,SERVICE_PROCUREMENT
1011HG3167912-27-5-1,MS1,INV-000202,SERVICE_PROCUREMENT
1011HG3167912-27-4-1,MS1,INV-000202,SERVICE_PROCUREMENT
1011HG3068809-809-1-1,MS1,INV-000202,SERVICE_PROCUREMENT
1011HG3068809-969-4-1,MS1,INV-000202,SERVICE_PROCUREMENT
1011HG3068810-302-1-1,MS1,INV-000202,SERVICE_PROCUREMENT
1011HG3068810-460-3-1,MS1,INV-000202,SERVICE_PROCUREMENT
1011HG3068810-468-4-1,MS1,INV-000202,SERVICE_PROCUREMENT
1011HG3068809-503-3-1,MS1,INV-000202,SERVICE_PROCUREMENT
1011HG3068810-208-2-1,MS1,INV-000202,SERVICE_PROCUREMENT
1011HG3068810-28-2-1,MS1,INV-000202,SERVICE_PROCUREMENT
1011HG3068810-28-1-1,MS1,INV-000202,SERVICE_PROCUREMENT
1011HG3068809-553-1-1,MS1,INV-000202,SERVICE_PROCUREMENT
1011HG3068809-525-4-1,MS1,INV-000202,SERVICE_PROCUREMENT
1011HG3068810-310-1-1,MS1,INV-000202,SERVICE_PROCUREMENT
1011HG3068809-1154-3-1,MS1,INV-000202,SERVICE_PROCUREMENT
1011HG3068809-704-1-1,MS1,INV-000202,SERVICE_PROCUREMENT
1011HG3167912-33-1-1,MS1,INV-000202,SERVICE_PROCUREMENT
1011HG3167912-27-1-1,MS1,INV-000202,SERVICE_PROCUREMENT
1011HG3068810-375-1-1,MS1,INV-000202,SERVICE_PROCUREMENT
1011HG3068810-470-4-1,MS1,INV-000202,SERVICE_PROCUREMENT
1011HG3068809-1026-1-1,MS1,INV-000202,SERVICE_PROCUREMENT
1011HG3068809-1176-1-1,MS1,INV-000202,SERVICE_PROCUREMENT
1011HG3068810-486-3-1,MS1,INV-000202,SERVICE_PROCUREMENT
1011HG2894717-119-1-1,MS1,INV-000202,SERVICE_PROCUREMENT
1011HG3068809-15-2-1,MS1,INV-000202,SERVICE_PROCUREMENT
1011HG3068809-1114-2-1,MS1,INV-000202,SERVICE_PROCUREMENT
1011HG3068810-281-2-1,MS1,INV-000202,SERVICE_PROCUREMENT
1011HG3068809-1180-1-1,MS1,INV-000202,SERVICE_PROCUREMENT
1011HG3068809-1184-1-1,MS1,INV-000202,SERVICE_PROCUREMENT
1011HG3068809-1154-2-1,MS1,INV-000202,SERVICE_PROCUREMENT
1011HG3068809-1196-1-1,MS1,INV-000202,SERVICE_PROCUREMENT
1011HG3167912-27-2-1,MS1,INV-000202,SERVICE_PROCUREMENT
1011HG3068809-917-1-1,MS1,INV-000202,SERVICE_PROCUREMENT
1011HG3068810-461-1-1,MS1,INV-000202,SERVICE_PROCUREMENT
1011HG3068810-472-1-1,MS1,INV-000202,SERVICE_PROCUREMENT
1011HG3068810-280-1-1,MS1,INV-000202,SERVICE_PROCUREMENT
1011HG3068809-434-1-1,MS1,INV-000202,SERVICE_PROCUREMENT
1011HG3068810-208-1-1,MS1,INV-000202,SERVICE_PROCUREMENT
1011HG3068810-505-1-1,MS1,INV-000202,SERVICE_PROCUREMENT
1011HG3068810-28-6-1,MS1,INV-000202,SERVICE_PROCUREMENT
1011HG3068809-67-2-1,MS1,INV-000202,SERVICE_PROCUREMENT
1011HG3068809-67-1-1,MS1,INV-000202,SERVICE_PROCUREMENT
1011HG3068809-15-1-1,MS1,INV-000202,SERVICE_PROCUREMENT
1011HG2894717-119-2-1,MS1,INV-000202,SERVICE_PROCUREMENT
1011HG3068810-490-1-1,MS1,INV-000202,SERVICE_PROCUREMENT
1011HG3068809-493-1-1,MS1,INV-000202,SERVICE_PROCUREMENT
1011HG3068809-704-2-1,MS1,INV-000202,SERVICE_PROCUREMENT
1011HG3068810-280-2-1,MS1,INV-000202,SERVICE_PROCUREMENT
1011HG3068809-1144-3-1,MS1,INV-000202,SERVICE_PROCUREMENT
1011HG3068809-1172-1-1,MS1,INV-000202,SERVICE_PROCUREMENT
1011HG3068810-309-1-1,MS1,INV-000202,SERVICE_PROCUREMENT
1011HG3068810-462-2-1,MS1,INV-000202,SERVICE_PROCUREMENT
1011HG3068810-469-1-1,MS1,INV-000202,SERVICE_PROCUREMENT
1011HG3068810-486-1-1,MS1,INV-000202,SERVICE_PROCUREMENT
1011HG3068809-525-5-1,MS1,INV-000202,SERVICE_PROCUREMENT
1011HG2894717-116-1-1,MS1,INV-000202,SERVICE_PROCUREMENT
1011HG3068809-16-1-1,MS1,INV-000202,SERVICE_PROCUREMENT
1011HG3068809-973-3-1,MS1,INV-000202,SERVICE_PROCUREMENT
1011HG3068809-968-4-1,MS1,INV-000202,SERVICE_PROCUREMENT
1011HG3068810-372-1-1,MS1,INV-000202,SERVICE_PROCUREMENT
1011HG3068809-991-2-1,MS1,INV-000204,SERVICE_PROCUREMENT
1011HG3068809-1136-1-1,MS1,INV-000204,SERVICE_PROCUREMENT
1011HG3068810-476-1-1,MS1,INV-000204,SERVICE_PROCUREMENT
1011HG3068810-294-3-1,MS1,INV-000204,SERVICE_PROCUREMENT
1011HG3068809-989-1-1,MS1,INV-000204,SERVICE_PROCUREMENT
1011HG3068809-989-3-1,MS1,INV-000204,SERVICE_PROCUREMENT
1011HG3068809-602-1-1,MS1,INV-000204,SERVICE_PROCUREMENT
1011HG3068810-317-3-1,MS1,INV-000204,SERVICE_PROCUREMENT
1011HG3068809-1219-1-1,MS1,INV-000204,SERVICE_PROCUREMENT
1011HG3068809-791-5-1,MS1,INV-000204,SERVICE_PROCUREMENT
1011HG3167912-1-2-1,MS1,INV-000204,SERVICE_PROCUREMENT
1011HG3068809-889-2-1,MS1,INV-000204,SERVICE_PROCUREMENT
1011HG3068809-1198-2-1,MS1,INV-000204,SERVICE_PROCUREMENT
1011HG3068809-970-4-1,MS1,INV-000204,SERVICE_PROCUREMENT
1011HG3068809-1198-3-1,MS1,INV-000204,SERVICE_PROCUREMENT
1011HG3167912-15-1-1,MS1,INV-000204,SERVICE_PROCUREMENT
1011HG3167912-11-4-1,MS1,INV-000204,SERVICE_PROCUREMENT
1011HG3068809-1091-2-1,MS1,INV-000204,SERVICE_PROCUREMENT
1011HG3068809-740-1-1,MS1,INV-000204,SERVICE_PROCUREMENT
1011HG3068809-1140-1-1,MS1,INV-000204,SERVICE_PROCUREMENT
1011HG3068809-740-3-1,MS1,INV-000204,SERVICE_PROCUREMENT
1011HG3167912-1-1-1,MS1,INV-000204,SERVICE_PROCUREMENT
1011HG3068809-471-2-1,MS1,INV-000204,SERVICE_PROCUREMENT
1011HG3068809-1198-1-1,MS1,INV-000204,SERVICE_PROCUREMENT
1011HG3068809-966-3-1,MS1,INV-000204,SERVICE_PROCUREMENT
1011HG3167912-32-1-1,MS1,INV-000204,SERVICE_PROCUREMENT
1011HG3167912-69-1-1,MS1,INV-000204,SERVICE_PROCUREMENT
1011HG3068809-990-2-1,MS1,INV-000204,SERVICE_PROCUREMENT
1011HG3068809-599-1-1,MS1,INV-000204,SERVICE_PROCUREMENT
1011HG3068809-853-1-1,MS1,INV-000204,SERVICE_PROCUREMENT
1011HG3068809-1197-3-1,MS1,INV-000204,SERVICE_PROCUREMENT
1011HG3068809-1112-1-1,MS1,INV-000204,SERVICE_PROCUREMENT
1011HG3167912-10-1-1,MS1,INV-000204,SERVICE_PROCUREMENT
1011HG3068809-1092-1-1,MS1,INV-000204,SERVICE_PROCUREMENT
1011HG3068809-1250-2-1,MS1,INV-000204,SERVICE_PROCUREMENT
1011HG3068809-124-1-1,MS1,INV-000204,SERVICE_PROCUREMENT
1011HG3068809-471-6-1,MS1,INV-000204,SERVICE_PROCUREMENT
1011HG3068809-889-1-1,MS1,INV-000204,SERVICE_PROCUREMENT
1011HG3068809-1198-4-1,MS1,INV-000204,SERVICE_PROCUREMENT
1011HG3068809-19-1-1,MS1,INV-000204,SERVICE_PROCUREMENT
1011HG3068809-1220-1-1,MS1,INV-000204,SERVICE_PROCUREMENT
1011HG3167912-25-2-1,MS1,INV-000204,SERVICE_PROCUREMENT
1011HG3068809-1170-1-1,MS1,INV-000204,SERVICE_PROCUREMENT
1011HG3167912-17-1-1,MS1,INV-000204,SERVICE_PROCUREMENT
1011HG3068809-984-1-1,MS1,INV-000204,SERVICE_PROCUREMENT
1011HG3068809-985-1-1,MS1,INV-000204,SERVICE_PROCUREMENT
1011HG2894715-394-4-1,MS1,INV-000204,SERVICE_PROCUREMENT
1011HG3068809-1234-2-1,MS1,INV-000204,SERVICE_PROCUREMENT
1011HG3068809-1112-2-1,MS1,INV-000204,SERVICE_PROCUREMENT
1011HG3068809-1154-1-1,MS1,INV-000204,SERVICE_PROCUREMENT
1011HG3167912-11-1-1,MS1,INV-000204,SERVICE_PROCUREMENT
1011HG3167912-11-3-1,MS1,INV-000204,SERVICE_PROCUREMENT
1011HG3068809-1140-2-1,MS1,INV-000204,SERVICE_PROCUREMENT
1011HG3068809-1090-1-1,MS1,INV-000204,SERVICE_PROCUREMENT
1011HG3068809-431-1-1,MS1,INV-000204,SERVICE_PROCUREMENT
1011HG3167912-4-1-1,MS1,INV-000204,SERVICE_PROCUREMENT
1011HG3068809-19-2-1,MS1,INV-000204,SERVICE_PROCUREMENT
1011HG3068809-852-3-1,MS1,INV-000204,SERVICE_PROCUREMENT
1011HG2894715-377-1-1,MS1,INV-000204,SERVICE_PROCUREMENT
1011HG3068809-1197-2-1,MS1,INV-000204,SERVICE_PROCUREMENT
1011HG3068809-1168-1-1,MS1,INV-000204,SERVICE_PROCUREMENT
1011HG3068809-1197-4-1,MS1,INV-000204,SERVICE_PROCUREMENT
1011HG3068809-1197-1-1,MS1,INV-000204,SERVICE_PROCUREMENT
1011HG3068810-303-1-1,MS1,INV-000204,SERVICE_PROCUREMENT
1011HG3167912-25-1-1,MS1,INV-000204,SERVICE_PROCUREMENT
1011HG2894715-394-5-1,MS1,INV-000204,SERVICE_PROCUREMENT
1011HG3068809-602-2-1,MS1,INV-000204,SERVICE_PROCUREMENT
1011HG3068810-293-3-1,MS1,INV-000204,SERVICE_PROCUREMENT
1011HG3068809-1235-2-1,MS1,INV-000204,SERVICE_PROCUREMENT
1011HG3068809-1113-2-1,MS1,INV-000204,SERVICE_PROCUREMENT
1011HG3167912-11-2-1,MS1,INV-000204,SERVICE_PROCUREMENT
1011HG3167912-11-5-1,MS1,INV-000204,SERVICE_PROCUREMENT
1011HG3167912-14-1-1,MS1,INV-000204,SERVICE_PROCUREMENT
1011HG3068809-1091-3-1,MS1,INV-000204,SERVICE_PROCUREMENT
1011HG3068809-1092-2-1,MS1,INV-000204,SERVICE_PROCUREMENT
1011HG3068809-1091-1-1,MS1,INV-000204,SERVICE_PROCUREMENT
1011HG3068809-1141-1-1,MS1,INV-000204,SERVICE_PROCUREMENT
1011HG3068809-1250-1-1,MS1,INV-000204,SERVICE_PROCUREMENT
1011HG3068809-1114-1-1,MS1,INV-000204,SERVICE_PROCUREMENT
1011HG3167912-70-1-1,MS1,INV-000205,SERVICE_PROCUREMENT
1011HG3068809-40-1-1,MS1,INV-000205,SERVICE_PROCUREMENT
1011HG3068809-542-2-1,MS1,INV-000205,SERVICE_PROCUREMENT
1011HG3068809-540-2-1,MS1,INV-000205,SERVICE_PROCUREMENT
1011HG3068809-130-2-1,MS1,INV-000205,SERVICE_PROCUREMENT
1011HG2894715-361-1-1,MS1,INV-000205,SERVICE_PROCUREMENT
1011HG2894715-357-1-1,MS1,INV-000205,SERVICE_PROCUREMENT
1011HG3068810-73-4-1,MS1,INV-000205,SERVICE_PROCUREMENT
1011HG3068809-1235-3-1,MS1,INV-000205,SERVICE_PROCUREMENT
1011HG3068810-471-2-1,MS1,INV-000205,SERVICE_PROCUREMENT
1011HG3068809-680-3-1,MS1,INV-000205,SERVICE_PROCUREMENT
1011HG3068809-681-3-1,MS1,INV-000205,SERVICE_PROCUREMENT
1011HG3068809-1287-1-1,MS1,INV-000205,SERVICE_PROCUREMENT
1011HG3167912-13-4-1,MS1,INV-000205,SERVICE_PROCUREMENT
1011HG3167912-13-3-1,MS1,INV-000205,SERVICE_PROCUREMENT
1011HG3167912-46-1-1,MS1,INV-000205,SERVICE_PROCUREMENT
1011HG3167912-42-4-1,MS1,INV-000205,SERVICE_PROCUREMENT
1011HG3167912-55-2-1,MS1,INV-000205,SERVICE_PROCUREMENT
1011HG3068809-1211-1-1,MS1,INV-000205,SERVICE_PROCUREMENT
1011HG3068809-1204-2-1,MS1,INV-000205,SERVICE_PROCUREMENT
1011HG3068809-1199-4-1,MS1,INV-000205,SERVICE_PROCUREMENT
1011HG3068809-1199-3-1,MS1,INV-000205,SERVICE_PROCUREMENT
1011HG3068809-1205-1-1,MS1,INV-000205,SERVICE_PROCUREMENT
1011HG3068809-1200-2-1,MS1,INV-000205,SERVICE_PROCUREMENT
1011HG3068809-1216-1-1,MS1,INV-000205,SERVICE_PROCUREMENT
1011HG3068809-435-1-1,MS1,INV-000205,SERVICE_PROCUREMENT
1011HG3068810-489-1-1,MS1,INV-000205,SERVICE_PROCUREMENT
1011HG3068810-287-2-1,MS1,INV-000205,SERVICE_PROCUREMENT
1011HG3068809-1235-1-1,MS1,INV-000205,SERVICE_PROCUREMENT
1011HG3068809-1234-1-1,MS1,INV-000205,SERVICE_PROCUREMENT
1011HG3068809-1272-1-1,MS1,INV-000205,SERVICE_PROCUREMENT
1011HG3068809-1262-1-1,MS1,INV-000205,SERVICE_PROCUREMENT
1011HG3068809-541-2-1,MS1,INV-000205,SERVICE_PROCUREMENT
1011HG3068809-538-2-1,MS1,INV-000205,SERVICE_PROCUREMENT
1011HG3068809-345-2-1,MS1,INV-000205,SERVICE_PROCUREMENT
1011HG3068809-45-1-1,MS1,INV-000205,SERVICE_PROCUREMENT
1011HG2894717-86-1-1,MS1,INV-000205,SERVICE_PROCUREMENT
1011HG2894718-119-1-1,MS1,INV-000205,SERVICE_PROCUREMENT
1011HG3167912-76-1-1,MS1,INV-000205,SERVICE_PROCUREMENT
1011HG3167912-63-1-1,MS1,INV-000205,SERVICE_PROCUREMENT
1011HG3167912-63-2-1,MS1,INV-000205,SERVICE_PROCUREMENT
1011HG3167912-67-1-1,MS1,INV-000205,SERVICE_PROCUREMENT
1011HG3068809-1206-2-1,MS1,INV-000205,SERVICE_PROCUREMENT
1011HG3068809-1206-4-1,MS1,INV-000205,SERVICE_PROCUREMENT
1011HG3068809-1213-1-1,MS1,INV-000205,SERVICE_PROCUREMENT
1011HG3068809-1215-1-1,MS1,INV-000205,SERVICE_PROCUREMENT
1011HG3068809-1205-2-1,MS1,INV-000205,SERVICE_PROCUREMENT
1011HG3068809-1205-3-1,MS1,INV-000205,SERVICE_PROCUREMENT
1011HG3068809-1203-2-1,MS1,INV-000205,SERVICE_PROCUREMENT
1011HG3068809-1203-4-1,MS1,INV-000205,SERVICE_PROCUREMENT
1011HG3068810-487-1-1,MS1,INV-000205,SERVICE_PROCUREMENT
1011HG3068809-1234-3-1,MS1,INV-000205,SERVICE_PROCUREMENT
1011HG3068809-1159-1-1,MS1,INV-000205,SERVICE_PROCUREMENT
1011HG3068809-44-1-1,MS1,INV-000205,SERVICE_PROCUREMENT
1011HG3068809-43-2-1,MS1,INV-000205,SERVICE_PROCUREMENT
1011HG3167912-13-1-1,MS1,INV-000205,SERVICE_PROCUREMENT
1011HG3167912-13-2-1,MS1,INV-000205,SERVICE_PROCUREMENT
1011HG3167912-16-1-1,MS1,INV-000205,SERVICE_PROCUREMENT
1011HG3167912-46-4-1,MS1,INV-000205,SERVICE_PROCUREMENT
1011HG3167912-46-5-1,MS1,INV-000205,SERVICE_PROCUREMENT
1011HG3167912-42-1-1,MS1,INV-000205,SERVICE_PROCUREMENT
1011HG3167912-59-1-1,MS1,INV-000205,SERVICE_PROCUREMENT
1011HG3167912-46-2-1,MS1,INV-000205,SERVICE_PROCUREMENT
1011HG3167912-63-3-1,MS1,INV-000205,SERVICE_PROCUREMENT
1011HG3068809-1206-3-1,MS1,INV-000205,SERVICE_PROCUREMENT
1011HG3068809-1210-1-1,MS1,INV-000205,SERVICE_PROCUREMENT
1011HG3068809-1212-1-1,MS1,INV-000205,SERVICE_PROCUREMENT
1011HG3068809-1201-1-1,MS1,INV-000205,SERVICE_PROCUREMENT
1011HG3068809-1201-3-1,MS1,INV-000205,SERVICE_PROCUREMENT
1011HG3068809-1199-2-1,MS1,INV-000205,SERVICE_PROCUREMENT
1011HG3068809-1202-2-1,MS1,INV-000205,SERVICE_PROCUREMENT
1011HG3068809-1202-1-1,MS1,INV-000205,SERVICE_PROCUREMENT
1011HG3068809-1202-3-1,MS1,INV-000205,SERVICE_PROCUREMENT
1011HG3068809-1203-3-1,MS1,INV-000205,SERVICE_PROCUREMENT
1011HG3068809-1200-3-1,MS1,INV-000205,SERVICE_PROCUREMENT
1011HG3068809-427-1-1,MS1,INV-000205,SERVICE_PROCUREMENT
1011HG3068809-426-1-1,MS1,INV-000205,SERVICE_PROCUREMENT
1011HG3068809-433-1-1,MS1,INV-000205,SERVICE_PROCUREMENT
1011HG3068809-1209-1-1,MS1,INV-000205,SERVICE_PROCUREMENT
1011HG3167912-31-1-1,MS1,INV-000205,SERVICE_PROCUREMENT
1011HG3068809-1246-2-1,MS1,INV-000205,SERVICE_PROCUREMENT
1011HG3068810-473-1-1,MS1,INV-000205,SERVICE_PROCUREMENT
1011HG3068810-287-1-1,MS1,INV-000205,SERVICE_PROCUREMENT
1011HG3068810-500-1-1,MS1,INV-000205,SERVICE_PROCUREMENT
1011HG3068809-1159-2-1,MS1,INV-000205,SERVICE_PROCUREMENT
1011HG3068809-39-1-1,MS1,INV-000205,SERVICE_PROCUREMENT
1011HG3068809-543-1-1,MS1,INV-000205,SERVICE_PROCUREMENT
1011HG3068809-37-1-1,MS1,INV-000205,SERVICE_PROCUREMENT
1011HG3068809-539-2-1,MS1,INV-000205,SERVICE_PROCUREMENT
1011HG3068809-728-2-1,MS1,INV-000205,SERVICE_PROCUREMENT
1011HG2894717-122-2-1,MS1,INV-000205,SERVICE_PROCUREMENT
1011HG2894715-381-1-1,MS1,INV-000205,SERVICE_PROCUREMENT
1011HG3167912-68-1-1,MS1,INV-000205,SERVICE_PROCUREMENT
1011HG3167912-46-3-1,MS1,INV-000205,SERVICE_PROCUREMENT
1011HG3167912-42-3-1,MS1,INV-000205,SERVICE_PROCUREMENT
1011HG3167912-55-1-1,MS1,INV-000205,SERVICE_PROCUREMENT
1011HG3068809-1204-3-1,MS1,INV-000205,SERVICE_PROCUREMENT
1011HG3068809-1201-2-1,MS1,INV-000205,SERVICE_PROCUREMENT
1011HG3068809-1218-1-1,MS1,INV-000205,SERVICE_PROCUREMENT
1011HG3068809-1200-4-1,MS1,INV-000205,SERVICE_PROCUREMENT
1011HG3068809-1217-1-1,MS1,INV-000205,SERVICE_PROCUREMENT
1011HG3068809-777-1-1,MS1,INV-000205,SERVICE_PROCUREMENT
1011HG3068810-514-1-1,MS1,INV-000207,SERVICE_PROCUREMENT
1011HG3068809-329-1-1,MS1,INV-000207,SERVICE_PROCUREMENT
1011HG3068810-516-1-1,MS1,INV-000207,SERVICE_PROCUREMENT
1011HG3167912-7-1-1,MS1,INV-000207,SERVICE_PROCUREMENT
1011HG3068809-1223-1-1,MS1,INV-000207,SERVICE_PROCUREMENT
1011HG3068809-30-2-1,MS1,INV-000207,SERVICE_PROCUREMENT
1011HG3068809-1296-1-1,MS1,INV-000207,SERVICE_PROCUREMENT
1011HG3068809-1298-1-1,MS1,INV-000207,SERVICE_PROCUREMENT
1011HG3068809-1292-1-1,MS1,INV-000207,SERVICE_PROCUREMENT
1011HG3068809-1303-1-1,MS1,INV-000207,SERVICE_PROCUREMENT
1011HG3068809-1284-5-1,MS1,INV-000207,SERVICE_PROCUREMENT
1011HG3068809-1284-4-1,MS1,INV-000207,SERVICE_PROCUREMENT
1011HG3068809-701-1-1,MS1,INV-000207,SERVICE_PROCUREMENT
1011HG3068809-703-2-1,MS1,INV-000207,SERVICE_PROCUREMENT
1011HG3068809-1254-1-1,MS1,INV-000207,SERVICE_PROCUREMENT
1011HG3068809-1222-1-1,MS1,INV-000207,SERVICE_PROCUREMENT
1011HG3068810-518-1-1,MS1,INV-000207,SERVICE_PROCUREMENT
1011HG3068809-318-1-1,MS1,INV-000207,SERVICE_PROCUREMENT
1011HG3068809-317-1-1,MS1,INV-000207,SERVICE_PROCUREMENT
1011HG3068809-31-4-1,MS1,INV-000207,SERVICE_PROCUREMENT
1011HG3068809-1290-1-1,MS1,INV-000207,SERVICE_PROCUREMENT
1011HG3068809-1299-1-1,MS1,INV-000207,SERVICE_PROCUREMENT
1011HG3068809-1284-1-1,MS1,INV-000207,SERVICE_PROCUREMENT
1011HG3068809-879-1-1,MS1,INV-000207,SERVICE_PROCUREMENT
1011HG3068809-703-4-1,MS1,INV-000207,SERVICE_PROCUREMENT
1011HG3068809-330-1-1,MS1,INV-000207,SERVICE_PROCUREMENT
1011HG3068809-328-1-1,MS1,INV-000207,SERVICE_PROCUREMENT
1011HG3068810-508-3-1,MS1,INV-000207,SERVICE_PROCUREMENT
1011HG3068809-284-1-1,MS1,INV-000207,SERVICE_PROCUREMENT
1011HG3068809-31-1-1,MS1,INV-000207,SERVICE_PROCUREMENT
1011HG3068809-281-1-1,MS1,INV-000207,SERVICE_PROCUREMENT
1011HG3068809-31-2-1,MS1,INV-000207,SERVICE_PROCUREMENT
1011HG3068809-1293-1-1,MS1,INV-000207,SERVICE_PROCUREMENT
1011HG3068809-1297-1-1,MS1,INV-000207,SERVICE_PROCUREMENT
1011HG3068809-706-1-1,MS1,INV-000207,SERVICE_PROCUREMENT
1011HG3068809-876-1-1,MS1,INV-000207,SERVICE_PROCUREMENT
1011HG3167912-25-1-1,MS2,INV-000207,SERVICE_PROCUREMENT
1011HG3167912-26-1-1,MS1,INV-000207,SERVICE_PROCUREMENT
1011HG3167912-25-2-1,MS2,INV-000207,SERVICE_PROCUREMENT
1011HG3068810-35-1-1,MS1,INV-000207,SERVICE_PROCUREMENT
1011HG3068810-515-1-1,MS1,INV-000207,SERVICE_PROCUREMENT
1011HG3068810-519-1-1,MS1,INV-000207,SERVICE_PROCUREMENT
1011HG3068809-316-1-1,MS1,INV-000207,SERVICE_PROCUREMENT
1011HG3068809-319-1-1,MS1,INV-000207,SERVICE_PROCUREMENT
1011HG3068809-1209-2-1,MS1,INV-000207,SERVICE_PROCUREMENT
1011HG3068809-1209-4-1,MS1,INV-000207,SERVICE_PROCUREMENT
1011HG3068809-1190-1-1,MS1,INV-000207,SERVICE_PROCUREMENT
1011HG3167912-8-1-1,MS1,INV-000207,SERVICE_PROCUREMENT
1011HG3068809-30-1-1,MS1,INV-000207,SERVICE_PROCUREMENT
1011HG3068809-1224-1-1,MS1,INV-000207,SERVICE_PROCUREMENT
1011HG3068809-30-4-1,MS1,INV-000207,SERVICE_PROCUREMENT
1011HG3068809-1294-1-1,MS1,INV-000207,SERVICE_PROCUREMENT
1011HG3068809-1291-1-1,MS1,INV-000207,SERVICE_PROCUREMENT
1011HG3068809-1284-2-1,MS1,INV-000207,SERVICE_PROCUREMENT
1011HG3068810-520-1-1,MS1,INV-000207,SERVICE_PROCUREMENT
1011HG3068810-291-1-1,MS1,INV-000207,SERVICE_PROCUREMENT
1011HG3167911-6-1-1,MS1,INV-000207,SERVICE_PROCUREMENT
1011HG3068809-1252-1-1,MS1,INV-000207,SERVICE_PROCUREMENT
1011HG3068809-1270-1-1,MS1,INV-000207,SERVICE_PROCUREMENT
1011HG3068809-703-5-1,MS1,INV-000207,SERVICE_PROCUREMENT
1011HG3068809-1253-1-1,MS1,INV-000207,SERVICE_PROCUREMENT
1011HG3068810-33-1-1,MS1,INV-000207,SERVICE_PROCUREMENT
1011HG3068810-34-1-1,MS1,INV-000207,SERVICE_PROCUREMENT
1011HG3068809-1243-1-1,MS1,INV-000208,SERVICE_PROCUREMENT
1011HG3068809-1231-1-1,MS1,INV-000208,SERVICE_PROCUREMENT
1011HG3068809-1242-1-1,MS1,INV-000208,SERVICE_PROCUREMENT
1011HG3068809-856-5-1,MS1,INV-000208,SERVICE_PROCUREMENT
1011HG3068809-1240-1-1,MS1,INV-000208,SERVICE_PROCUREMENT
1011HG3068809-860-3-1,MS1,INV-000208,SERVICE_PROCUREMENT
1011HG3068809-857-3-1,MS1,INV-000208,SERVICE_PROCUREMENT
1011HG3068809-1280-1-1,MS1,INV-000208,SERVICE_PROCUREMENT
1011HG3068809-855-4-1,MS1,INV-000208,SERVICE_PROCUREMENT
1011HG3068809-1239-1-1,MS1,INV-000208,SERVICE_PROCUREMENT
1011HG3068809-1251-1-1,MS1,INV-000208,SERVICE_PROCUREMENT
1011HG3068809-1228-1-1,MS1,INV-000208,SERVICE_PROCUREMENT
1011HG3068809-1227-1-1,MS1,INV-000208,SERVICE_PROCUREMENT
1011HG3068809-861-3-1,MS1,INV-000208,SERVICE_PROCUREMENT
1011HG3068809-1230-1-1,MS1,INV-000208,SERVICE_PROCUREMENT
1011HG3068809-1238-1-1,MS1,INV-000208,SERVICE_PROCUREMENT
1011HG3068809-854-5-1,MS1,INV-000208,SERVICE_PROCUREMENT
1011HG3068809-859-3-1,MS1,INV-000208,SERVICE_PROCUREMENT
1011HG3068809-1226-1-1,MS1,INV-000208,SERVICE_PROCUREMENT
1011HG3167912-66-1-1,MS1,INV-000209,SERVICE_PROCUREMENT
1011HG3068809-1189-1-1,MS1,INV-000209,SERVICE_PROCUREMENT
1011HG3068809-1178-1-1,MS1,INV-000209,SERVICE_PROCUREMENT
1011HG3068809-1236-3-1,MS1,INV-000209,SERVICE_PROCUREMENT
1011HG3068809-1186-1-1,MS1,INV-000209,SERVICE_PROCUREMENT
1011HG3068810-503-4-1,MS1,INV-000209,SERVICE_PROCUREMENT
1011HG3068809-1187-1-1,MS1,INV-000209,SERVICE_PROCUREMENT
1011HG3068810-503-2-1,MS1,INV-000209,SERVICE_PROCUREMENT
1011HG3068809-1282-1-1,MS1,INV-000209,SERVICE_PROCUREMENT
1011HG3167912-58-2-1,MS1,INV-000209,SERVICE_PROCUREMENT
1011HG3068809-1249-4-1,MS1,INV-000209,SERVICE_PROCUREMENT
1011HG3068809-1249-3-1,MS1,INV-000209,SERVICE_PROCUREMENT
1011HG3068809-1236-5-1,MS1,INV-000209,SERVICE_PROCUREMENT
1011HG3068810-503-1-1,MS1,INV-000209,SERVICE_PROCUREMENT
1011HG3068810-507-1-1,MS1,INV-000209,SERVICE_PROCUREMENT
1011HG3068809-1178-2-1,MS1,INV-000209,SERVICE_PROCUREMENT
1011HG3068809-1282-4-1,MS1,INV-000209,SERVICE_PROCUREMENT
1011HG3068809-455-1-1,MS1,INV-000209,SERVICE_PROCUREMENT
1011HG3167912-58-5-1,MS1,INV-000209,SERVICE_PROCUREMENT
1011HG3167912-58-3-1,MS1,INV-000209,SERVICE_PROCUREMENT
1011HG3068809-418-3-1,MS1,INV-000209,SERVICE_PROCUREMENT
1011HG3068809-1249-5-1,MS1,INV-000209,SERVICE_PROCUREMENT
1011HG3068809-738-1-1,MS1,INV-000209,SERVICE_PROCUREMENT
1011HG3068809-1236-1-1,MS1,INV-000209,SERVICE_PROCUREMENT
1011HG3068809-1178-4-1,MS1,INV-000209,SERVICE_PROCUREMENT
1011HG3068810-503-3-1,MS1,INV-000209,SERVICE_PROCUREMENT
1011HG3068809-1178-3-1,MS1,INV-000209,SERVICE_PROCUREMENT
1011HG3167912-1-3-1,MS1,INV-000209,SERVICE_PROCUREMENT
1011HG3167912-58-1-1,MS1,INV-000209,SERVICE_PROCUREMENT
1011HG3167912-58-4-1,MS1,INV-000209,SERVICE_PROCUREMENT
1011HG3068809-1249-1-1,MS1,INV-000209,SERVICE_PROCUREMENT
1011HG3068809-1236-4-1,MS1,INV-000209,SERVICE_PROCUREMENT
1011HG3068809-1236-2-1,MS1,INV-000209,SERVICE_PROCUREMENT
1011HG3068809-1282-3-1,MS1,INV-000209,SERVICE_PROCUREMENT
1011HG3068809-1282-5-1,MS1,INV-000209,SERVICE_PROCUREMENT
1011HG3167912-5-1-1,MS1,INV-000210,SERVICE_PROCUREMENT
1011HG2894717-82-1-1,MS1,INV-000210,SERVICE_PROCUREMENT
1011HG3068809-807-1-1,MS1,INV-000210,SERVICE_PROCUREMENT
1011HG3068809-769-1-1,MS1,INV-000210,SERVICE_PROCUREMENT
1011HG3068809-728-1-1,MS1,INV-000210,SERVICE_PROCUREMENT
1011HG2894717-87-1-1,MS1,INV-000210,SERVICE_PROCUREMENT
1011HG3068809-543-2-1,MS1,INV-000210,SERVICE_PROCUREMENT
1011HG3068809-547-2-1,MS1,INV-000210,SERVICE_PROCUREMENT
1011HG3068809-134-2-1,MS1,INV-000210,SERVICE_PROCUREMENT
1011HG3068809-1264-1-1,MS1,INV-000210,SERVICE_PROCUREMENT
1011HG3068809-128-1-1,MS1,INV-000210,SERVICE_PROCUREMENT
1011HG3068809-1268-1-1,MS1,INV-000210,SERVICE_PROCUREMENT
1011HG3068809-1093-1-1,MS1,INV-000210,SERVICE_PROCUREMENT
1011HG3068809-25-4-1,MS1,INV-000210,SERVICE_PROCUREMENT
1011HG3167912-42-2-1,MS1,INV-000210,SERVICE_PROCUREMENT
1011HG3068809-1283-1-1,MS1,INV-000210,SERVICE_PROCUREMENT
1011HG3068809-1304-1-1,MS1,INV-000210,SERVICE_PROCUREMENT
1011HG3068809-1283-3-1,MS1,INV-000210,SERVICE_PROCUREMENT
1011HG3068809-805-1-1,MS1,INV-000210,SERVICE_PROCUREMENT
1011HG3068810-466-1-1,MS1,INV-000210,SERVICE_PROCUREMENT
1011HG2894715-255-1-1,MS1,INV-000210,SERVICE_PROCUREMENT
1011HG2894717-80-1-1,MS1,INV-000210,SERVICE_PROCUREMENT
1011HG3068809-673-1-1,MS1,INV-000210,SERVICE_PROCUREMENT
1011HG3068809-542-1-1,MS1,INV-000210,SERVICE_PROCUREMENT
1011HG3068809-44-2-1,MS1,INV-000210,SERVICE_PROCUREMENT
1011HG3068809-1267-1-1,MS1,INV-000210,SERVICE_PROCUREMENT
1011HG3068809-120-1-1,MS1,INV-000210,SERVICE_PROCUREMENT
1011HG3068809-1263-1-1,MS1,INV-000210,SERVICE_PROCUREMENT
1011HG3167912-3-3-1,MS1,INV-000210,SERVICE_PROCUREMENT
1011HG3167912-3-1-1,MS1,INV-000210,SERVICE_PROCUREMENT
1011HG3068809-138-1-1,MS1,INV-000210,SERVICE_PROCUREMENT
1011HG3068809-673-2-1,MS1,INV-000210,SERVICE_PROCUREMENT
1011HG3068809-210-2-1,MS1,INV-000210,SERVICE_PROCUREMENT
1011HG3068809-345-1-1,MS1,INV-000210,SERVICE_PROCUREMENT
1011HG2894715-371-1-1,MS1,INV-000210,SERVICE_PROCUREMENT
1011HG3068809-133-2-1,MS1,INV-000210,SERVICE_PROCUREMENT
1011HG3068810-299-2-1,MS1,INV-000210,SERVICE_PROCUREMENT
1011HG3068809-115-1-1,MS1,INV-000210,SERVICE_PROCUREMENT
1011HG3068809-119-1-1,MS1,INV-000210,SERVICE_PROCUREMENT
1011HG3068809-1093-2-1,MS1,INV-000210,SERVICE_PROCUREMENT
1011HG3068809-287-1-1,MS1,INV-000210,SERVICE_PROCUREMENT
1011HG3068809-288-1-1,MS1,INV-000210,SERVICE_PROCUREMENT
1011HG3068809-274-1-1,MS1,INV-000210,SERVICE_PROCUREMENT
1011HG3068809-25-2-1,MS1,INV-000210,SERVICE_PROCUREMENT
1011HG3167912-3-2-1,MS1,INV-000210,SERVICE_PROCUREMENT
1011HG3167912-3-5-1,MS1,INV-000210,SERVICE_PROCUREMENT
1011HG3167912-3-4-1,MS1,INV-000210,SERVICE_PROCUREMENT
1011HG3068809-1302-1-1,MS1,INV-000210,SERVICE_PROCUREMENT
1011HG3068809-1125-1-1,MS1,INV-000210,SERVICE_PROCUREMENT
1011HG2894715-356-1-1,MS1,INV-000210,SERVICE_PROCUREMENT
1011HG3068809-582-1-1,MS1,INV-000210,SERVICE_PROCUREMENT
1011HG3068809-45-2-1,MS1,INV-000210,SERVICE_PROCUREMENT
1011HG3068809-539-1-1,MS1,INV-000210,SERVICE_PROCUREMENT
1011HG3068809-810-2-1,MS1,INV-000210,SERVICE_PROCUREMENT
1011HG3068809-769-2-1,MS1,INV-000210,SERVICE_PROCUREMENT
1011HG3068809-209-2-1,MS1,INV-000210,SERVICE_PROCUREMENT
1011HG3068809-131-2-1,MS1,INV-000210,SERVICE_PROCUREMENT
1011HG3068809-1266-1-1,MS1,INV-000210,SERVICE_PROCUREMENT
1011HG3068809-1265-1-1,MS1,INV-000210,SERVICE_PROCUREMENT
1011HG3068809-1209-3-1,MS1,INV-000210,SERVICE_PROCUREMENT
1011HG3068810-453-2-1,MS1,INV-000211,SERVICE_PROCUREMENT
1011HG3068809-1258-1-1,MS1,INV-000211,SERVICE_PROCUREMENT
1011HG3068810-229-1-1,MS1,INV-000211,SERVICE_PROCUREMENT
1011HG3068810-312-1-1,MS1,INV-000211,SERVICE_PROCUREMENT
1011HG3068810-508-2-1,MS1,INV-000211,SERVICE_PROCUREMENT
1011HG3068809-1214-1-1,MS1,INV-000211,SERVICE_PROCUREMENT
1011HG3068809-1207-3-1,MS1,INV-000211,SERVICE_PROCUREMENT
1011HG3068809-1183-2-1,MS1,INV-000211,SERVICE_PROCUREMENT
1011HG3068809-1182-4-1,MS1,INV-000211,SERVICE_PROCUREMENT
1011HG3068810-486-2-1,MS1,INV-000211,SERVICE_PROCUREMENT
1011HG3068810-457-1-1,MS1,INV-000211,SERVICE_PROCUREMENT
1011HG3068810-483-1-1,MS1,INV-000211,SERVICE_PROCUREMENT
1011HG3068810-449-1-1,MS1,INV-000211,SERVICE_PROCUREMENT
1011HG3068809-956-1-1,MS1,INV-000211,SERVICE_PROCUREMENT
1011HG3068809-948-3-1,MS1,INV-000211,SERVICE_PROCUREMENT
1011HG3068810-383-1-1,MS1,INV-000211,SERVICE_PROCUREMENT
1011HG3068809-1204-1-1,MS1,INV-000211,SERVICE_PROCUREMENT
1011HG3068809-1181-2-1,MS1,INV-000211,SERVICE_PROCUREMENT
1011HG3068810-523-1-1,MS1,INV-000211,SERVICE_PROCUREMENT
1011HG3068810-320-1-1,MS1,INV-000211,SERVICE_PROCUREMENT
1011HG3068810-313-1-1,MS1,INV-000211,SERVICE_PROCUREMENT
1011HG3068809-1088-1-1,MS1,INV-000211,SERVICE_PROCUREMENT
1011HG3068810-455-1-1,MS1,INV-000211,SERVICE_PROCUREMENT
1011HG3068809-935-2-1,MS1,INV-000211,SERVICE_PROCUREMENT
1011HG3068809-1312-1-1,MS1,INV-000211,SERVICE_PROCUREMENT
1011HG3068809-1200-1-1,MS1,INV-000211,SERVICE_PROCUREMENT
1011HG3068809-1199-1-1,MS1,INV-000211,SERVICE_PROCUREMENT
1011HG3068809-1203-1-1,MS1,INV-000211,SERVICE_PROCUREMENT
1011HG3068809-1207-2-1,MS1,INV-000211,SERVICE_PROCUREMENT
1011HG3068809-1207-1-1,MS1,INV-000211,SERVICE_PROCUREMENT
1011HG3068809-1208-1-1,MS1,INV-000211,SERVICE_PROCUREMENT
1011HG3068809-1181-4-1,MS1,INV-000211,SERVICE_PROCUREMENT
1011HG3068809-1315-2-1,MS1,INV-000211,SERVICE_PROCUREMENT
1011HG3068809-1282-2-1,MS1,INV-000211,SERVICE_PROCUREMENT
1011HG3068810-369-2-1,MS1,INV-000211,SERVICE_PROCUREMENT
1011HG3068810-380-1-1,MS1,INV-000211,SERVICE_PROCUREMENT
1011HG3068810-458-1-1,MS1,INV-000211,SERVICE_PROCUREMENT
1011HG3068809-1146-2-1,MS1,INV-000211,SERVICE_PROCUREMENT
1011HG3068809-1092-3-1,MS1,INV-000211,SERVICE_PROCUREMENT
1011HG3068809-1206-1-1,MS1,INV-000211,SERVICE_PROCUREMENT
1011HG3068809-1295-1-1,MS1,INV-000211,SERVICE_PROCUREMENT
1011HG3068809-1182-3-1,MS1,INV-000211,SERVICE_PROCUREMENT
1011HG3068809-1183-3-1,MS1,INV-000211,SERVICE_PROCUREMENT
1011HG3068809-1260-1-1,MS1,INV-000211,SERVICE_PROCUREMENT
1011HG3068809-1259-1-1,MS1,INV-000211,SERVICE_PROCUREMENT
1011HG3068809-1332-1-1,MS1,INV-000211,SERVICE_PROCUREMENT
1011HG3068809-1315-1-1,MS1,INV-000211,SERVICE_PROCUREMENT
1011HG3068809-1333-1-1,MS1,INV-000211,SERVICE_PROCUREMENT
1011HG3167912-18-1-1,MS1,INV-000212,SERVICE_PROCUREMENT
1011HG3167912-29-1-1,MS1,INV-000212,SERVICE_PROCUREMENT
1011HG3167912-83-1-1,MS1,INV-000212,SERVICE_PROCUREMENT
1011HG3167912-29-3-1,MS1,INV-000212,SERVICE_PROCUREMENT
1011HG3167912-85-2-1,MS1,INV-000212,SERVICE_PROCUREMENT
1011HG3167912-63-1-1,MS2,INV-000212,SERVICE_PROCUREMENT
1011HG3068810-531-1-1,MS1,INV-000212,SERVICE_PROCUREMENT
1011HG3068810-517-2-1,MS1,INV-000212,SERVICE_PROCUREMENT
1011HG3068809-1221-6-1,MS1,INV-000212,SERVICE_PROCUREMENT
1011HG3068810-526-1-1,MS1,INV-000212,SERVICE_PROCUREMENT
1011HG3068809-1095-1-1,MS1,INV-000212,SERVICE_PROCUREMENT
1011HG3167912-2-1-1,MS1,INV-000212,SERVICE_PROCUREMENT
1011HG3068810-315-3-1,MS1,INV-000212,SERVICE_PROCUREMENT
1011HG3068810-314-5-1,MS1,INV-000212,SERVICE_PROCUREMENT
1011HG3068809-1305-1-1,MS1,INV-000212,SERVICE_PROCUREMENT
1011HG3167912-29-4-1,MS1,INV-000212,SERVICE_PROCUREMENT
1011HG3167912-81-1-1,MS1,INV-000212,SERVICE_PROCUREMENT
1011HG3167912-87-1-1,MS1,INV-000212,SERVICE_PROCUREMENT
1011HG3068809-1247-1-1,MS1,INV-000212,SERVICE_PROCUREMENT
1011HG3068809-1221-2-1,MS1,INV-000212,SERVICE_PROCUREMENT
1011HG3068809-1221-7-1,MS1,INV-000212,SERVICE_PROCUREMENT
1011HG3068809-1221-1-1,MS1,INV-000212,SERVICE_PROCUREMENT
1011HG3068810-517-3-1,MS1,INV-000212,SERVICE_PROCUREMENT
1011HG3068810-517-6-1,MS1,INV-000212,SERVICE_PROCUREMENT
1011HG3068809-1221-3-1,MS1,INV-000212,SERVICE_PROCUREMENT
1011HG3068810-526-3-1,MS1,INV-000212,SERVICE_PROCUREMENT
1011HG3068809-1331-1-1,MS1,INV-000212,SERVICE_PROCUREMENT
1011HG3167912-3-2-1,MS2,INV-000212,SERVICE_PROCUREMENT
1011HG3167912-3-4-1,MS2,INV-000212,SERVICE_PROCUREMENT
1011HG3068809-949-1-1,MS1,INV-000212,SERVICE_PROCUREMENT
1011HG3068810-175-3-1,MS1,INV-000212,SERVICE_PROCUREMENT
1011HG3068810-231-3-1,MS1,INV-000212,SERVICE_PROCUREMENT
1011HG3068810-312-3-1,MS1,INV-000212,SERVICE_PROCUREMENT
1011HG3068810-233-2-1,MS1,INV-000212,SERVICE_PROCUREMENT
1011HG3068810-381-1-1,MS1,INV-000212,SERVICE_PROCUREMENT
1011HG3068809-1255-1-1,MS1,INV-000212,SERVICE_PROCUREMENT
1011HG3068809-1188-1-1,MS1,INV-000212,SERVICE_PROCUREMENT
1011HG3167912-83-2-1,MS1,INV-000212,SERVICE_PROCUREMENT
1011HG3167912-29-2-1,MS1,INV-000212,SERVICE_PROCUREMENT
1011HG3167912-85-5-1,MS1,INV-000212,SERVICE_PROCUREMENT
1011HG3167912-63-2-1,MS2,INV-000212,SERVICE_PROCUREMENT
1011HG3167912-63-3-1,MS2,INV-000212,SERVICE_PROCUREMENT
1011HG3068810-517-4-1,MS1,INV-000212,SERVICE_PROCUREMENT
1011HG3068810-521-1-1,MS1,INV-000212,SERVICE_PROCUREMENT
1011HG3068809-1221-4-1,MS1,INV-000212,SERVICE_PROCUREMENT
1011HG3068810-526-2-1,MS1,INV-000212,SERVICE_PROCUREMENT
1011HG3068809-740-2-1,MS1,INV-000212,SERVICE_PROCUREMENT
1011HG3068809-1095-2-1,MS1,INV-000212,SERVICE_PROCUREMENT
1011HG3167912-3-5-1,MS2,INV-000212,SERVICE_PROCUREMENT
1011HG3167912-3-3-1,MS2,INV-000212,SERVICE_PROCUREMENT
1011HG3068809-947-1-1,MS1,INV-000212,SERVICE_PROCUREMENT
1011HG3068810-315-6-1,MS1,INV-000212,SERVICE_PROCUREMENT
1011HG3068810-508-1-1,MS1,INV-000212,SERVICE_PROCUREMENT
1011HG3068809-935-5-1,MS1,INV-000212,SERVICE_PROCUREMENT
1011HG3068810-369-3-1,MS1,INV-000212,SERVICE_PROCUREMENT
1011HG3068809-1185-1-1,MS1,INV-000212,SERVICE_PROCUREMENT
1011HG3068809-1256-1-1,MS1,INV-000212,SERVICE_PROCUREMENT
1011HG3068810-530-1-1,MS1,INV-000212,SERVICE_PROCUREMENT
1011HG3068809-1237-1-1,MS1,INV-000212,SERVICE_PROCUREMENT
1011HG3068809-1300-1-1,MS1,INV-000212,SERVICE_PROCUREMENT
1011HG3167912-86-1-1,MS1,INV-000212,SERVICE_PROCUREMENT
1011HG3167912-83-4-1,MS1,INV-000212,SERVICE_PROCUREMENT
1011HG3167912-83-3-1,MS1,INV-000212,SERVICE_PROCUREMENT
1011HG3167912-85-1-1,MS1,INV-000212,SERVICE_PROCUREMENT
1011HG3167912-85-4-1,MS1,INV-000212,SERVICE_PROCUREMENT
1011HG3167912-64-4-1,MS1,INV-000212,SERVICE_PROCUREMENT
1011HG3068810-517-1-1,MS1,INV-000212,SERVICE_PROCUREMENT
1011HG3068810-526-4-1,MS1,INV-000212,SERVICE_PROCUREMENT
1011HG3167912-3-1-1,MS2,INV-000212,SERVICE_PROCUREMENT
1011HG3068809-935-1-1,MS1,INV-000212,SERVICE_PROCUREMENT
1011HG3068810-176-3-1,MS1,INV-000212,SERVICE_PROCUREMENT
1011HG3068810-232-3-1,MS1,INV-000212,SERVICE_PROCUREMENT
1011HG3068809-948-1-1,MS1,INV-000212,SERVICE_PROCUREMENT
1011HG3068809-1033-1-1,MS1,INV-000212,SERVICE_PROCUREMENT
1011HG3068809-1301-1-1,MS1,INV-000212,SERVICE_PROCUREMENT
1011HG3068810-528-2-1,MS1,INV-000213,SERVICE_PROCUREMENT
1011HG3167912-54-3-1,MS1,INV-000213,SERVICE_PROCUREMENT
1011HG3068810-85-1-1,MS1,INV-000213,SERVICE_PROCUREMENT
1011HG3068809-1153-3-1,MS1,INV-000213,SERVICE_PROCUREMENT
1011HG3068809-1153-1-1,MS1,INV-000213,SERVICE_PROCUREMENT
1011HG3068809-1153-4-1,MS1,INV-000213,SERVICE_PROCUREMENT
1011HG3068810-229-3-1,MS1,INV-000213,SERVICE_PROCUREMENT
1011HG3068810-528-1-1,MS1,INV-000213,SERVICE_PROCUREMENT
1011HG3167912-54-4-1,MS1,INV-000213,SERVICE_PROCUREMENT
1011HG3068809-1225-1-1,MS1,INV-000213,SERVICE_PROCUREMENT
1011HG3068809-1330-1-1,MS1,INV-000213,SERVICE_PROCUREMENT
1011HG3068809-1357-1-1,MS1,INV-000213,SERVICE_PROCUREMENT
1011HG3068809-805-1-1,MS2,INV-000213,SERVICE_PROCUREMENT
1011HG3068809-1125-1-1,MS2,INV-000213,SERVICE_PROCUREMENT
1011HG3167912-65-1-1,MS1,INV-000213,SERVICE_PROCUREMENT
1011HG3167912-54-1-1,MS1,INV-000213,SERVICE_PROCUREMENT
1011HG3068809-138-3-1,MS1,INV-000213,SERVICE_PROCUREMENT
1011HG3068809-430-3-1,MS1,INV-000213,SERVICE_PROCUREMENT
1011HG3068809-616-2-1,MS1,INV-000213,SERVICE_PROCUREMENT
1011HG3068809-807-1-1,MS2,INV-000213,SERVICE_PROCUREMENT
1011HG3167912-61-1-1,MS1,INV-000213,SERVICE_PROCUREMENT
1011HG3167912-44-1-1,MS1,INV-000213,SERVICE_PROCUREMENT
1011HG3167912-54-2-1,MS1,INV-000213,SERVICE_PROCUREMENT
1011HG3068809-216-1-1,MS1,INV-000213,SERVICE_PROCUREMENT
1011HG3068809-1156-1-1,MS1,INV-000213,SERVICE_PROCUREMENT
1011HG3068809-582-1-1,MS2,INV-000213,SERVICE_PROCUREMENT
1011HG3068810-466-1-1,MS2,INV-000213,SERVICE_PROCUREMENT
1011HG2894715-208-3-1,MS1,INV-000214,SERVICE_PROCUREMENT
1011HG2894718-156-1-1,MS1,INV-000214,SERVICE_PROCUREMENT
1011HG2894718-63-1-1,MS1,INV-000214,SERVICE_PROCUREMENT
1011HG3068809-136-2-1,MS1,INV-000214,SERVICE_PROCUREMENT
1011HG3068809-46-1-1,MS1,INV-000214,SERVICE_PROCUREMENT
1011HG3068809-47-1-1,MS1,INV-000214,SERVICE_PROCUREMENT
1011HG3068809-541-1-1,MS1,INV-000214,SERVICE_PROCUREMENT
1011HG3068810-525-3-1,MS1,INV-000214,SERVICE_PROCUREMENT
1011HG3068809-1279-1-1,MS1,INV-000214,SERVICE_PROCUREMENT
1011HG3167911-12-1-1,MS1,INV-000214,SERVICE_PROCUREMENT
1011HG3167911-12-2-1,MS1,INV-000214,SERVICE_PROCUREMENT
1011HG3167912-57-6-1,MS1,INV-000214,SERVICE_PROCUREMENT
1011HG3167912-30-3-1,MS1,INV-000214,SERVICE_PROCUREMENT
1011HG3167912-57-7-1,MS1,INV-000214,SERVICE_PROCUREMENT
1011HG3167912-53-5-1,MS1,INV-000214,SERVICE_PROCUREMENT
1011HG3167912-28-3-1,MS1,INV-000214,SERVICE_PROCUREMENT
1011HG3167912-88-4-1,MS1,INV-000214,SERVICE_PROCUREMENT
1011HG3167912-88-3-1,MS1,INV-000214,SERVICE_PROCUREMENT
1011HG3167912-88-2-1,MS1,INV-000214,SERVICE_PROCUREMENT
1011HG3167912-88-5-1,MS1,INV-000214,SERVICE_PROCUREMENT
1011HG2894718-48-1-1,MS1,INV-000214,SERVICE_PROCUREMENT
1011HG3068809-572-2-1,MS1,INV-000214,SERVICE_PROCUREMENT
1011HG3068809-42-2-1,MS1,INV-000214,SERVICE_PROCUREMENT
1011HG3068809-1373-1-1,MS1,INV-000214,SERVICE_PROCUREMENT
1011HG3167912-92-2-1,MS1,INV-000214,SERVICE_PROCUREMENT
1011HG3167912-94-1-1,MS1,INV-000214,SERVICE_PROCUREMENT
1011HG3167912-57-4-1,MS1,INV-000214,SERVICE_PROCUREMENT
1011HG3167911-19-1-1,MS1,INV-000214,SERVICE_PROCUREMENT
1011HG3167911-19-3-1,MS1,INV-000214,SERVICE_PROCUREMENT
1011HG3167911-19-2-1,MS1,INV-000214,SERVICE_PROCUREMENT
1011HG3167912-91-1-1,MS1,INV-000214,SERVICE_PROCUREMENT
1011HG3167912-53-3-1,MS1,INV-000214,SERVICE_PROCUREMENT
1011HG3167912-28-2-1,MS1,INV-000214,SERVICE_PROCUREMENT
1011HG3167912-28-1-1,MS1,INV-000214,SERVICE_PROCUREMENT
1011HG3167912-53-8-1,MS1,INV-000214,SERVICE_PROCUREMENT
1011HG3167912-88-1-1,MS1,INV-000214,SERVICE_PROCUREMENT
1011HG3167912-89-5-1,MS1,INV-000214,SERVICE_PROCUREMENT
1011HG3167911-15-3-1,MS1,INV-000214,SERVICE_PROCUREMENT
1011HG2894718-59-1-1,MS1,INV-000214,SERVICE_PROCUREMENT
1011HG2894718-61-1-1,MS1,INV-000214,SERVICE_PROCUREMENT
1011HG3068809-506-1-1,MS1,INV-000214,SERVICE_PROCUREMENT
1011HG3068809-43-1-1,MS1,INV-000214,SERVICE_PROCUREMENT
1011HG3068809-1329-1-1,MS1,INV-000214,SERVICE_PROCUREMENT
1011HG3068809-1279-4-1,MS1,INV-000214,SERVICE_PROCUREMENT
1011HG3167911-12-3-1,MS1,INV-000214,SERVICE_PROCUREMENT
1011HG3167912-30-1-1,MS1,INV-000214,SERVICE_PROCUREMENT
1011HG3167912-57-9-1,MS1,INV-000214,SERVICE_PROCUREMENT
1011HG3167912-53-6-1,MS1,INV-000214,SERVICE_PROCUREMENT
1011HG3167912-84-6-1,MS1,INV-000214,SERVICE_PROCUREMENT
1011HG3167912-84-2-1,MS1,INV-000214,SERVICE_PROCUREMENT
1011HG3167912-89-4-1,MS1,INV-000214,SERVICE_PROCUREMENT
1011HG3167912-88-7-1,MS1,INV-000214,SERVICE_PROCUREMENT
1011HG2894718-23-1-1,MS1,INV-000214,SERVICE_PROCUREMENT
1011HG2894715-288-1-1,MS1,INV-000214,SERVICE_PROCUREMENT
1011HG3068809-763-2-1,MS1,INV-000214,SERVICE_PROCUREMENT
1011HG3068809-540-1-1,MS1,INV-000214,SERVICE_PROCUREMENT
1011HG3068809-42-1-1,MS1,INV-000214,SERVICE_PROCUREMENT
1011HG3068809-137-2-1,MS1,INV-000214,SERVICE_PROCUREMENT
1011HG3068809-1276-3-1,MS1,INV-000214,SERVICE_PROCUREMENT
1011HG3068810-525-1-1,MS1,INV-000214,SERVICE_PROCUREMENT
1011HG3068810-538-1-1,MS1,INV-000214,SERVICE_PROCUREMENT
1011HG3068809-1366-1-1,MS1,INV-000214,SERVICE_PROCUREMENT
1011HG3167912-92-1-1,MS1,INV-000214,SERVICE_PROCUREMENT
1011HG3167912-57-3-1,MS1,INV-000214,SERVICE_PROCUREMENT
1011HG3167912-30-6-1,MS1,INV-000214,SERVICE_PROCUREMENT
1011HG3167912-30-5-1,MS1,INV-000214,SERVICE_PROCUREMENT
1011HG3167912-57-8-1,MS1,INV-000214,SERVICE_PROCUREMENT
1011HG3167912-57-5-1,MS1,INV-000214,SERVICE_PROCUREMENT
1011HG3167912-53-1-1,MS1,INV-000214,SERVICE_PROCUREMENT
1011HG3167912-85-3-1,MS1,INV-000214,SERVICE_PROCUREMENT
1011HG3167912-53-4-1,MS1,INV-000214,SERVICE_PROCUREMENT
1011HG3167912-84-3-1,MS1,INV-000214,SERVICE_PROCUREMENT
1011HG3167912-84-5-1,MS1,INV-000214,SERVICE_PROCUREMENT
1011HG3167912-90-1-1,MS1,INV-000214,SERVICE_PROCUREMENT
1011HG3167912-89-1-1,MS1,INV-000214,SERVICE_PROCUREMENT
1011HG3167912-89-3-1,MS1,INV-000214,SERVICE_PROCUREMENT
1011HG3167912-89-2-1,MS1,INV-000214,SERVICE_PROCUREMENT
1011HG3167911-15-1-1,MS1,INV-000214,SERVICE_PROCUREMENT
1011HG3167911-15-2-1,MS1,INV-000214,SERVICE_PROCUREMENT
1011HG3068809-933-2-1,MS1,INV-000215,SERVICE_PROCUREMENT
1011HG3068809-932-1-1,MS1,INV-000215,SERVICE_PROCUREMENT
1011HG3068809-1233-1-1,MS1,INV-000215,SERVICE_PROCUREMENT
1011HG3068809-934-1-1,MS1,INV-000215,SERVICE_PROCUREMENT
1011HG3068810-482-1-1,MS1,INV-000215,SERVICE_PROCUREMENT
1011HG3068809-1337-1-1,MS1,INV-000215,SERVICE_PROCUREMENT
1011HG3068810-312-2-1,MS1,INV-000215,SERVICE_PROCUREMENT
1011HG3068809-1288-1-1,MS1,INV-000215,SERVICE_PROCUREMENT
1011HG3068809-54-2-1,MS1,INV-000215,SERVICE_PROCUREMENT
1011HG3068809-887-1-1,MS1,INV-000215,SERVICE_PROCUREMENT
1011HG3068809-1261-1-1,MS1,INV-000215,SERVICE_PROCUREMENT
1011HG3068809-1307-1-1,MS1,INV-000215,SERVICE_PROCUREMENT
1011HG3068809-935-3-1,MS1,INV-000215,SERVICE_PROCUREMENT
1011HG3068809-949-2-1,MS1,INV-000215,SERVICE_PROCUREMENT
1011HG3068809-1032-1-1,MS1,INV-000215,SERVICE_PROCUREMENT
1011HG3068809-53-2-1,MS1,INV-000215,SERVICE_PROCUREMENT
1011HG3068809-888-2-1,MS1,INV-000215,SERVICE_PROCUREMENT
1011HG3068810-314-1-1,MS1,INV-000215,SERVICE_PROCUREMENT
1011HG3068810-314-4-1,MS1,INV-000215,SERVICE_PROCUREMENT
1011HG3068810-314-6-1,MS1,INV-000215,SERVICE_PROCUREMENT
1011HG3068809-935-4-1,MS1,INV-000215,SERVICE_PROCUREMENT
1011HG3068810-315-4-1,MS1,INV-000215,SERVICE_PROCUREMENT
1011HG3068809-1289-2-1,MS1,INV-000215,SERVICE_PROCUREMENT
1011HG2894718-87-1-1,MS1,INV-000215,SERVICE_PROCUREMENT
1011HG3068809-55-2-1,MS1,INV-000215,SERVICE_PROCUREMENT
1011HG3068809-139-1-1,MS1,INV-000215,SERVICE_PROCUREMENT
1011HG3068809-950-1-1,MS1,INV-000215,SERVICE_PROCUREMENT
1011HG3068809-863-5-1,MS1,INV-000215,SERVICE_PROCUREMENT
1011HG3068809-1245-1-1,MS1,INV-000215,SERVICE_PROCUREMENT
1011HG3068810-522-1-1,MS1,INV-000215,SERVICE_PROCUREMENT
1011HG3068809-1306-1-1,MS1,INV-000215,SERVICE_PROCUREMENT
1011HG3068809-369-1-1,MS1,INV-000215,SERVICE_PROCUREMENT
1011HG3068810-315-5-1,MS1,INV-000215,SERVICE_PROCUREMENT
1011HG3068809-946-1-1,MS1,INV-000215,SERVICE_PROCUREMENT
1011HG3068809-1289-1-1,MS1,INV-000215,SERVICE_PROCUREMENT
1011HG3068809-48-1-1,MS1,INV-000215,SERVICE_PROCUREMENT
1011HG3068809-1288-2-1,MS1,INV-000215,SERVICE_PROCUREMENT
1011HG2894717-144-1-1,MS1,INV-000215,SERVICE_PROCUREMENT
1011HG3068809-1412-1-1,MS1,INV-000216,SERVICE_PROCUREMENT
1011HG3068809-1407-1-1,MS1,INV-000216,SERVICE_PROCUREMENT
1011HG3068810-541-1-1,MS1,INV-000216,SERVICE_PROCUREMENT
1011HG3068809-1323-2-1,MS1,INV-000216,SERVICE_PROCUREMENT
1011HG3068810-537-4-1,MS1,INV-000216,SERVICE_PROCUREMENT
1011HG3068810-537-3-1,MS1,INV-000216,SERVICE_PROCUREMENT
1011HG3068809-1323-3-1,MS1,INV-000216,SERVICE_PROCUREMENT
1011HG3068810-535-3-1,MS1,INV-000216,SERVICE_PROCUREMENT
1011HG3068809-1409-1-1,MS1,INV-000216,SERVICE_PROCUREMENT
1011HG3068809-1191-2-1,MS1,INV-000216,SERVICE_PROCUREMENT
1011HG3068810-535-4-1,MS1,INV-000216,SERVICE_PROCUREMENT
1011HG3068810-532-3-1,MS1,INV-000216,SERVICE_PROCUREMENT
1011HG3068809-1410-1-1,MS1,INV-000216,SERVICE_PROCUREMENT
1011HG3068809-1191-1-1,MS1,INV-000216,SERVICE_PROCUREMENT
1011HG3068809-1324-4-1,MS1,INV-000216,SERVICE_PROCUREMENT
1011HG3068810-537-2-1,MS1,INV-000216,SERVICE_PROCUREMENT
1011HG3068809-1324-3-1,MS1,INV-000216,SERVICE_PROCUREMENT
1011HG3068809-1324-2-1,MS1,INV-000216,SERVICE_PROCUREMENT
1011HG3068809-1408-1-1,MS1,INV-000216,SERVICE_PROCUREMENT
1011HG3068809-1411-1-1,MS1,INV-000216,SERVICE_PROCUREMENT
1011HG3068809-1323-4-1,MS1,INV-000216,SERVICE_PROCUREMENT
1011HG3068809-1322-3-1,MS1,INV-000217,SERVICE_PROCUREMENT
1011HG3068809-1277-2-1,MS1,INV-000217,SERVICE_PROCUREMENT
1011HG3167912-74-4-1,MS1,INV-000217,SERVICE_PROCUREMENT
1011HG3167912-74-1-1,MS1,INV-000217,SERVICE_PROCUREMENT
1011HG3167912-74-5-1,MS1,INV-000217,SERVICE_PROCUREMENT
1011HG3167912-7-1-1,MS2,INV-000217,SERVICE_PROCUREMENT
1011HG3068809-1338-4-1,MS1,INV-000217,SERVICE_PROCUREMENT
1011HG3068809-1338-2-1,MS1,INV-000217,SERVICE_PROCUREMENT
1011HG3068809-1374-1-1,MS1,INV-000217,SERVICE_PROCUREMENT
1011HG3068809-1322-4-1,MS1,INV-000217,SERVICE_PROCUREMENT
1011HG3068809-1317-1-1,MS1,INV-000217,SERVICE_PROCUREMENT
1011HG3068809-1322-2-1,MS1,INV-000217,SERVICE_PROCUREMENT
1011HG3167912-18-1-1,MS2,INV-000217,SERVICE_PROCUREMENT
1011HG3068809-1383-1-1,MS1,INV-000217,SERVICE_PROCUREMENT
1011HG3068809-1381-1-1,MS1,INV-000217,SERVICE_PROCUREMENT
1011HG3068809-1379-1-1,MS1,INV-000217,SERVICE_PROCUREMENT
1011HG3068809-1322-1-1,MS1,INV-000217,SERVICE_PROCUREMENT
1011HG3068809-1322-5-1,MS1,INV-000217,SERVICE_PROCUREMENT
1011HG3068809-1426-1-1,MS1,INV-000217,SERVICE_PROCUREMENT
1011HG3167912-74-2-1,MS1,INV-000217,SERVICE_PROCUREMENT
1011HG3167912-74-3-1,MS1,INV-000217,SERVICE_PROCUREMENT
1011HG3167912-1-2-1,MS2,INV-000217,SERVICE_PROCUREMENT
1011HG3167912-1-3-1,MS2,INV-000217,SERVICE_PROCUREMENT
1011HG3068809-346-1-1,MS1,INV-000217,SERVICE_PROCUREMENT
1011HG3068809-1338-1-1,MS1,INV-000217,SERVICE_PROCUREMENT
1011HG3068809-1384-1-1,MS1,INV-000217,SERVICE_PROCUREMENT
1011HG3068809-1378-1-1,MS1,INV-000217,SERVICE_PROCUREMENT
1011HG3068809-1364-1-1,MS1,INV-000217,SERVICE_PROCUREMENT
1011HG3068809-1317-3-1,MS1,INV-000217,SERVICE_PROCUREMENT
1011HG3068809-1431-1-1,MS1,INV-000217,SERVICE_PROCUREMENT
1011HG3068809-1432-1-1,MS1,INV-000217,SERVICE_PROCUREMENT
1011HG3167912-6-1-1,MS1,INV-000217,SERVICE_PROCUREMENT
1011HG3167912-80-1-1,MS1,INV-000217,SERVICE_PROCUREMENT
1011HG3167912-1-1-1,MS2,INV-000217,SERVICE_PROCUREMENT
1011HG3068809-702-3-1,MS1,INV-000217,SERVICE_PROCUREMENT
1011HG3068809-705-1-1,MS1,INV-000217,SERVICE_PROCUREMENT
1011HG3068809-1382-1-1,MS1,INV-000217,SERVICE_PROCUREMENT
1011HG3068809-1338-3-1,MS1,INV-000217,SERVICE_PROCUREMENT
1011HG3068809-1380-1-1,MS1,INV-000217,SERVICE_PROCUREMENT
1011HG3167912-54-2-1,MS2,INV-000218,SERVICE_PROCUREMENT
1011HG3167912-95-1-1,MS1,INV-000218,SERVICE_PROCUREMENT
1011HG3167912-95-2-1,MS1,INV-000218,SERVICE_PROCUREMENT
1011HG3167911-14-1-1,MS1,INV-000218,SERVICE_PROCUREMENT
1011HG3167912-82-2-1,MS1,INV-000218,SERVICE_PROCUREMENT
1011HG3167912-98-1-1,MS1,INV-000218,SERVICE_PROCUREMENT
1011HG3167912-57-1-1,MS1,INV-000218,SERVICE_PROCUREMENT
1011HG3068809-607-1-1,MS1,INV-000218,SERVICE_PROCUREMENT
1011HG3068809-609-3-1,MS1,INV-000218,SERVICE_PROCUREMENT
1011HG3068809-608-3-1,MS1,INV-000218,SERVICE_PROCUREMENT
1011HG3068810-218-2-1,MS1,INV-000218,SERVICE_PROCUREMENT
1011HG3068810-219-2-1,MS1,INV-000218,SERVICE_PROCUREMENT
1011HG3167912-54-1-1,MS2,INV-000218,SERVICE_PROCUREMENT
1011HG3167912-54-3-1,MS2,INV-000218,SERVICE_PROCUREMENT
1011HG3167911-14-3-1,MS1,INV-000218,SERVICE_PROCUREMENT
1011HG3167912-53-2-1,MS1,INV-000218,SERVICE_PROCUREMENT
1011HG3068809-613-2-1,MS1,INV-000218,SERVICE_PROCUREMENT
1011HG3167912-54-4-1,MS2,INV-000218,SERVICE_PROCUREMENT
1011HG3167912-82-1-1,MS1,INV-000218,SERVICE_PROCUREMENT
1011HG3167912-82-4-1,MS1,INV-000218,SERVICE_PROCUREMENT
1011HG3167912-97-1-1,MS1,INV-000218,SERVICE_PROCUREMENT
1011HG3167912-64-5-1,MS1,INV-000218,SERVICE_PROCUREMENT
1011HG3167912-64-2-1,MS1,INV-000218,SERVICE_PROCUREMENT
1011HG3167912-64-1-1,MS1,INV-000218,SERVICE_PROCUREMENT
1011HG3167911-20-1-1,MS1,INV-000218,SERVICE_PROCUREMENT
1011HG3167911-20-3-1,MS1,INV-000218,SERVICE_PROCUREMENT
1011HG3068809-614-1-1,MS1,INV-000218,SERVICE_PROCUREMENT
1011HG3167912-53-7-1,MS1,INV-000218,SERVICE_PROCUREMENT
1011HG3167912-82-3-1,MS1,INV-000218,SERVICE_PROCUREMENT
1011HG3167911-14-2-1,MS1,INV-000218,SERVICE_PROCUREMENT
1011HG3167912-99-1-1,MS1,INV-000218,SERVICE_PROCUREMENT
1011HG3167912-64-6-1,MS1,INV-000218,SERVICE_PROCUREMENT
1011HG3167912-64-3-1,MS1,INV-000218,SERVICE_PROCUREMENT
1011HG3167911-20-2-1,MS1,INV-000218,SERVICE_PROCUREMENT
1011HG3068809-610-3-1,MS1,INV-000218,SERVICE_PROCUREMENT
1011HG3068809-1445-1-1,MS1,INV-000219,SERVICE_PROCUREMENT
1011HG3068809-1445-3-1,MS1,INV-000219,SERVICE_PROCUREMENT
1011HG3068809-1094-2-1,MS1,INV-000219,SERVICE_PROCUREMENT
1011HG3068809-1420-1-1,MS1,INV-000219,SERVICE_PROCUREMENT
1011HG3167912-100-1-1,MS1,INV-000219,SERVICE_PROCUREMENT
1011HG3068809-1273-1-1,MS1,INV-000219,SERVICE_PROCUREMENT
1011HG3068810-536-1-1,MS1,INV-000219,SERVICE_PROCUREMENT
1011HG3068809-1482-1-1,MS1,INV-000219,SERVICE_PROCUREMENT
1011HG3068809-1339-1-1,MS1,INV-000219,SERVICE_PROCUREMENT
1011HG3068809-1147-2-1,MS1,INV-000219,SERVICE_PROCUREMENT
1011HG3068809-858-1-1,MS1,INV-000219,SERVICE_PROCUREMENT
1011HG3068809-1438-1-1,MS1,INV-000219,SERVICE_PROCUREMENT
1011HG3068809-1402-1-1,MS1,INV-000219,SERVICE_PROCUREMENT
1011HG3068809-1319-6-1,MS1,INV-000219,SERVICE_PROCUREMENT
1011HG3167912-79-1-1,MS1,INV-000219,SERVICE_PROCUREMENT
1011HG3068809-1350-2-1,MS1,INV-000219,SERVICE_PROCUREMENT
1011HG3068809-1400-2-1,MS1,INV-000219,SERVICE_PROCUREMENT
1011HG3068809-1377-1-1,MS1,INV-000219,SERVICE_PROCUREMENT
1011HG3068809-1318-1-1,MS1,INV-000219,SERVICE_PROCUREMENT
1011HG3068809-1318-5-1,MS1,INV-000219,SERVICE_PROCUREMENT
1011HG3068809-1446-4-1,MS1,INV-000219,SERVICE_PROCUREMENT
1011HG3068809-1403-1-1,MS1,INV-000219,SERVICE_PROCUREMENT
1011HG3068809-1273-2-1,MS1,INV-000219,SERVICE_PROCUREMENT
1011HG3068809-1481-1-1,MS1,INV-000219,SERVICE_PROCUREMENT
1011HG3068809-1480-1-1,MS1,INV-000219,SERVICE_PROCUREMENT
1011HG3068809-1348-2-1,MS1,INV-000219,SERVICE_PROCUREMENT
1011HG3068809-1415-1-1,MS1,INV-000219,SERVICE_PROCUREMENT
1011HG3068809-1347-1-1,MS1,INV-000219,SERVICE_PROCUREMENT
1011HG3068809-1353-1-1,MS1,INV-000219,SERVICE_PROCUREMENT
1011HG3068809-1344-2-1,MS1,INV-000219,SERVICE_PROCUREMENT
1011HG3068809-1393-2-1,MS1,INV-000219,SERVICE_PROCUREMENT
1011HG3068809-1479-1-1,MS1,INV-000219,SERVICE_PROCUREMENT
1011HG3068809-1327-2-1,MS1,INV-000219,SERVICE_PROCUREMENT
1011HG3068809-1488-1-1,MS1,INV-000219,SERVICE_PROCUREMENT
1011HG3068809-1434-1-1,MS1,INV-000219,SERVICE_PROCUREMENT
1011HG3068809-862-3-1,MS1,INV-000219,SERVICE_PROCUREMENT
1011HG3068809-1413-1-1,MS1,INV-000219,SERVICE_PROCUREMENT
1011HG3068809-1354-6-1,MS1,INV-000219,SERVICE_PROCUREMENT
1011HG3068809-1319-5-1,MS1,INV-000219,SERVICE_PROCUREMENT
1011HG3068809-1354-3-1,MS1,INV-000219,SERVICE_PROCUREMENT
1011HG3068809-1436-1-1,MS1,INV-000219,SERVICE_PROCUREMENT
1011HG3068809-1394-1-1,MS1,INV-000219,SERVICE_PROCUREMENT
1011HG3068809-1394-2-1,MS1,INV-000219,SERVICE_PROCUREMENT
1011HG3068809-1318-2-1,MS1,INV-000219,SERVICE_PROCUREMENT
1011HG3068809-1459-1-1,MS1,INV-000219,SERVICE_PROCUREMENT
1011HG3068809-494-1-1,MS1,INV-000219,SERVICE_PROCUREMENT
1011HG3068809-1446-3-1,MS1,INV-000219,SERVICE_PROCUREMENT
1011HG3068809-1446-2-1,MS1,INV-000219,SERVICE_PROCUREMENT
1011HG3068809-1094-1-1,MS1,INV-000219,SERVICE_PROCUREMENT
1011HG3068809-1275-1-1,MS1,INV-000219,SERVICE_PROCUREMENT
1011HG3068809-1403-2-1,MS1,INV-000219,SERVICE_PROCUREMENT
1011HG3167912-30-2-1,MS1,INV-000219,SERVICE_PROCUREMENT
1011HG3068809-1404-2-1,MS1,INV-000219,SERVICE_PROCUREMENT
1011HG3068809-1343-3-1,MS1,INV-000219,SERVICE_PROCUREMENT
1011HG3068809-1485-1-1,MS1,INV-000219,SERVICE_PROCUREMENT
1011HG3068810-546-1-1,MS1,INV-000219,SERVICE_PROCUREMENT
1011HG3068809-1341-1-1,MS1,INV-000219,SERVICE_PROCUREMENT
1011HG3068809-1244-1-1,MS1,INV-000219,SERVICE_PROCUREMENT
1011HG3068809-1232-1-1,MS1,INV-000219,SERVICE_PROCUREMENT
1011HG3068809-1351-1-1,MS1,INV-000219,SERVICE_PROCUREMENT
1011HG3068809-1229-1-1,MS1,INV-000219,SERVICE_PROCUREMENT
1011HG3068809-1437-2-1,MS1,INV-000219,SERVICE_PROCUREMENT
1011HG3068809-1463-1-1,MS1,INV-000219,SERVICE_PROCUREMENT
1011HG3068809-1439-1-1,MS1,INV-000219,SERVICE_PROCUREMENT
1011HG3068809-1461-1-1,MS1,INV-000219,SERVICE_PROCUREMENT
1011HG3068809-1358-1-1,MS1,INV-000219,SERVICE_PROCUREMENT
1011HG3068809-1319-9-1,MS1,INV-000219,SERVICE_PROCUREMENT
1011HG3068809-1359-1-1,MS1,INV-000219,SERVICE_PROCUREMENT
1011HG3068809-1320-7-1,MS1,INV-000219,SERVICE_PROCUREMENT
1011HG3068809-1394-3-1,MS1,INV-000219,SERVICE_PROCUREMENT
1011HG3068809-1400-3-1,MS1,INV-000219,SERVICE_PROCUREMENT
1011HG3068809-1396-1-1,MS1,INV-000219,SERVICE_PROCUREMENT
1011HG3068810-547-2-1,MS1,INV-000219,SERVICE_PROCUREMENT
1011HG3068810-547-1-1,MS1,INV-000219,SERVICE_PROCUREMENT
1011HG3068809-1403-3-1,MS1,INV-000219,SERVICE_PROCUREMENT
1011HG3068809-1403-4-1,MS1,INV-000219,SERVICE_PROCUREMENT
1011HG3068809-1445-4-1,MS1,INV-000219,SERVICE_PROCUREMENT
1011HG3068809-1458-1-1,MS1,INV-000219,SERVICE_PROCUREMENT
1011HG3068809-1342-2-1,MS1,INV-000219,SERVICE_PROCUREMENT
1011HG3068810-539-1-1,MS1,INV-000219,SERVICE_PROCUREMENT
1011HG3068809-1486-1-1,MS1,INV-000219,SERVICE_PROCUREMENT
1011HG3068810-534-1-1,MS1,INV-000219,SERVICE_PROCUREMENT
1011HG3068809-1421-1-1,MS1,INV-000219,SERVICE_PROCUREMENT
1011HG3068809-1390-2-1,MS1,INV-000219,SERVICE_PROCUREMENT
1011HG3068809-1401-1-1,MS1,INV-000219,SERVICE_PROCUREMENT
1011HG3068809-1443-1-1,MS1,INV-000219,SERVICE_PROCUREMENT
1011HG3068809-1355-1-1,MS1,INV-000219,SERVICE_PROCUREMENT
1011HG3068809-1365-1-1,MS1,INV-000219,SERVICE_PROCUREMENT
1011HG3068809-1321-2-1,MS1,INV-000219,SERVICE_PROCUREMENT
1011HG3068809-1241-1-1,MS1,INV-000219,SERVICE_PROCUREMENT
1011HG3068809-1462-1-1,MS1,INV-000219,SERVICE_PROCUREMENT
1011HG3068809-1320-6-1,MS1,INV-000219,SERVICE_PROCUREMENT
1011HG3068809-1320-1-1,MS1,INV-000219,SERVICE_PROCUREMENT
1011HG3167912-73-1-1,MS1,INV-000219,SERVICE_PROCUREMENT
1011HG3068809-1395-1-1,MS1,INV-000219,SERVICE_PROCUREMENT
1011HG3068809-1400-1-1,MS1,INV-000219,SERVICE_PROCUREMENT
1011HG3068809-1316-1-1,MS1,INV-000219,SERVICE_PROCUREMENT
1011HG3068809-1318-3-1,MS1,INV-000219,SERVICE_PROCUREMENT
1011HG3068809-1369-1-1,MS1,INV-000220,SERVICE_PROCUREMENT
1011HG3068809-1371-2-1,MS1,INV-000220,SERVICE_PROCUREMENT
1011HG3068809-1532-1-1,MS1,INV-000220,SERVICE_PROCUREMENT
1011HG3068809-1269-1-1,MS1,INV-000220,SERVICE_PROCUREMENT
1011HG3068809-787-2-1,MS1,INV-000220,SERVICE_PROCUREMENT
1011HG3068809-38-2-1,MS1,INV-000220,SERVICE_PROCUREMENT
1011HG3068809-131-1-1,MS1,INV-000220,SERVICE_PROCUREMENT
1011HG3068809-63-2-1,MS1,INV-000220,SERVICE_PROCUREMENT
1011HG3068809-544-1-1,MS1,INV-000220,SERVICE_PROCUREMENT
1011HG3068809-1399-5-1,MS1,INV-000220,SERVICE_PROCUREMENT
1011HG3068809-1376-4-1,MS1,INV-000220,SERVICE_PROCUREMENT
1011HG3068809-1376-5-1,MS1,INV-000220,SERVICE_PROCUREMENT
1011HG3068809-1399-3-1,MS1,INV-000220,SERVICE_PROCUREMENT
1011HG3068809-1399-4-1,MS1,INV-000220,SERVICE_PROCUREMENT
1011HG3068809-1399-2-1,MS1,INV-000220,SERVICE_PROCUREMENT
1011HG3068810-549-3-1,MS1,INV-000220,SERVICE_PROCUREMENT
1011HG3068810-517-7-1,MS1,INV-000220,SERVICE_PROCUREMENT
1011HG3167912-42-3-1,MS2,INV-000220,SERVICE_PROCUREMENT
1011HG3068809-1277-3-1,MS1,INV-000220,SERVICE_PROCUREMENT
1011HG3068809-1504-1-1,MS1,INV-000220,SERVICE_PROCUREMENT
1011HG3068809-1503-1-1,MS1,INV-000220,SERVICE_PROCUREMENT
1011HG3068809-1533-1-1,MS1,INV-000220,SERVICE_PROCUREMENT
1011HG3068809-767-1-1,MS1,INV-000220,SERVICE_PROCUREMENT
1011HG3068809-130-1-1,MS1,INV-000220,SERVICE_PROCUREMENT
1011HG3068809-764-1-1,MS1,INV-000220,SERVICE_PROCUREMENT
1011HG3068809-764-2-1,MS1,INV-000220,SERVICE_PROCUREMENT
1011HG3068809-132-2-1,MS1,INV-000220,SERVICE_PROCUREMENT
1011HG3068809-1269-2-1,MS1,INV-000220,SERVICE_PROCUREMENT
1011HG3068809-37-2-1,MS1,INV-000220,SERVICE_PROCUREMENT
1011HG3068809-53-1-1,MS1,INV-000220,SERVICE_PROCUREMENT
1011HG2894715-373-1-1,MS1,INV-000220,SERVICE_PROCUREMENT
1011HG3068809-49-1-1,MS1,INV-000220,SERVICE_PROCUREMENT
1011HG3068809-54-1-1,MS1,INV-000220,SERVICE_PROCUREMENT
1011HG3068809-39-2-1,MS1,INV-000220,SERVICE_PROCUREMENT
1011HG3068809-1447-1-1,MS1,INV-000220,SERVICE_PROCUREMENT
1011HG3068809-1399-1-1,MS1,INV-000220,SERVICE_PROCUREMENT
1011HG3068809-1375-1-1,MS1,INV-000220,SERVICE_PROCUREMENT
1011HG3068809-1375-2-1,MS1,INV-000220,SERVICE_PROCUREMENT
1011HG3068809-1375-3-1,MS1,INV-000220,SERVICE_PROCUREMENT
1011HG3068809-1573-1-1,MS1,INV-000220,SERVICE_PROCUREMENT
1011HG3167912-68-1-1,MS2,INV-000220,SERVICE_PROCUREMENT
1011HG3167912-46-4-1,MS2,INV-000220,SERVICE_PROCUREMENT
1011HG3167912-43-1-1,MS1,INV-000220,SERVICE_PROCUREMENT
1011HG3167912-46-1-1,MS2,INV-000220,SERVICE_PROCUREMENT
1011HG3167912-46-5-1,MS2,INV-000220,SERVICE_PROCUREMENT
1011HG3068809-1370-2-1,MS1,INV-000220,SERVICE_PROCUREMENT
1011HG3068809-1531-1-1,MS1,INV-000220,SERVICE_PROCUREMENT
1011HG3068809-62-2-1,MS1,INV-000220,SERVICE_PROCUREMENT
1011HG3068809-346-2-1,MS1,INV-000220,SERVICE_PROCUREMENT
1011HG3068809-1376-3-1,MS1,INV-000220,SERVICE_PROCUREMENT
1011HG3068809-1376-1-1,MS1,INV-000220,SERVICE_PROCUREMENT
1011HG3068809-1376-2-1,MS1,INV-000220,SERVICE_PROCUREMENT
1011HG3068810-549-2-1,MS1,INV-000220,SERVICE_PROCUREMENT
1011HG3068809-1249-2-1,MS1,INV-000220,SERVICE_PROCUREMENT
1011HG3167912-44-1-1,MS2,INV-000220,SERVICE_PROCUREMENT
1011HG3167912-42-2-1,MS2,INV-000220,SERVICE_PROCUREMENT
1011HG3167912-42-1-1,MS2,INV-000220,SERVICE_PROCUREMENT
1011HG3068809-1505-1-1,MS1,INV-000220,SERVICE_PROCUREMENT
1011HG3068809-61-1-1,MS1,INV-000220,SERVICE_PROCUREMENT
1011HG3068809-64-2-1,MS1,INV-000220,SERVICE_PROCUREMENT
1011HG3068809-55-1-1,MS1,INV-000220,SERVICE_PROCUREMENT
1011HG3068809-1397-1-1,MS1,INV-000220,SERVICE_PROCUREMENT
1011HG3068809-1398-1-1,MS1,INV-000220,SERVICE_PROCUREMENT
1011HG3068810-549-4-1,MS1,INV-000220,SERVICE_PROCUREMENT
1011HG3068810-549-1-1,MS1,INV-000220,SERVICE_PROCUREMENT
1011HG3068809-925-1-1,MS1,INV-000220,SERVICE_PROCUREMENT
1011HG3167912-47-1-1,MS1,INV-000220,SERVICE_PROCUREMENT
1011HG3167912-46-3-1,MS2,INV-000220,SERVICE_PROCUREMENT
1011HG3167912-46-2-1,MS2,INV-000220,SERVICE_PROCUREMENT
1011HG3167912-42-4-1,MS2,INV-000220,SERVICE_PROCUREMENT
1011HG3068809-938-1-1,MS1,INV-000221,SERVICE_PROCUREMENT
1011HG3167911-13-1-1,MS1,INV-000222,SERVICE_PROCUREMENT
1011HG3167911-10-1-1,MS1,INV-000222,SERVICE_PROCUREMENT
1011HG3167912-119-3-1,MS1,INV-000222,SERVICE_PROCUREMENT
1011HG3167912-119-2-1,MS1,INV-000222,SERVICE_PROCUREMENT
1011HG3167911-35-3-1,MS1,INV-000222,SERVICE_PROCUREMENT
1011HG3167911-32-1-1,MS1,INV-000222,SERVICE_PROCUREMENT
1011HG3167911-35-1-1,MS1,INV-000222,SERVICE_PROCUREMENT
1011HG3167911-35-2-1,MS1,INV-000222,SERVICE_PROCUREMENT
1011HG3068809-1346-1-1,MS1,INV-000222,SERVICE_PROCUREMENT
1011HG3068809-1352-1-1,MS1,INV-000222,SERVICE_PROCUREMENT
1011HG3068809-1352-2-1,MS1,INV-000222,SERVICE_PROCUREMENT
1011HG3068809-1391-2-1,MS1,INV-000222,SERVICE_PROCUREMENT
1011HG3068809-1345-3-1,MS1,INV-000222,SERVICE_PROCUREMENT
1011HG3068809-1392-3-1,MS1,INV-000222,SERVICE_PROCUREMENT
1011HG3068809-1556-1-1,MS1,INV-000222,SERVICE_PROCUREMENT
1011HG3068809-1369-2-1,MS1,INV-000222,SERVICE_PROCUREMENT
1011HG3068809-1438-2-1,MS1,INV-000222,SERVICE_PROCUREMENT
1011HG3068809-1274-4-1,MS1,INV-000222,SERVICE_PROCUREMENT
1011HG3068809-1274-2-1,MS1,INV-000222,SERVICE_PROCUREMENT
1011HG3068809-1560-2-1,MS1,INV-000222,SERVICE_PROCUREMENT
1011HG3068809-1557-2-1,MS1,INV-000222,SERVICE_PROCUREMENT
1011HG3068809-1558-4-1,MS1,INV-000222,SERVICE_PROCUREMENT
1011HG3068809-1550-1-1,MS1,INV-000222,SERVICE_PROCUREMENT
1011HG3068809-1559-3-1,MS1,INV-000222,SERVICE_PROCUREMENT
1011HG3068809-948-2-1,MS1,INV-000222,SERVICE_PROCUREMENT
1011HG3068809-1551-1-1,MS1,INV-000222,SERVICE_PROCUREMENT
1011HG3068809-1559-2-1,MS1,INV-000222,SERVICE_PROCUREMENT
1011HG3068809-1576-1-1,MS1,INV-000222,SERVICE_PROCUREMENT
1011HG3068809-1579-1-1,MS1,INV-000222,SERVICE_PROCUREMENT
1011HG3068809-1574-1-1,MS1,INV-000222,SERVICE_PROCUREMENT
1011HG3167911-13-2-1,MS1,INV-000222,SERVICE_PROCUREMENT
1011HG3167912-119-1-1,MS1,INV-000222,SERVICE_PROCUREMENT
1011HG3167912-109-1-1,MS1,INV-000222,SERVICE_PROCUREMENT
1011HG3068809-1356-1-1,MS1,INV-000222,SERVICE_PROCUREMENT
1011HG3068809-1328-2-1,MS1,INV-000222,SERVICE_PROCUREMENT
1011HG3068809-1484-1-1,MS1,INV-000222,SERVICE_PROCUREMENT
1011HG3068809-1370-1-1,MS1,INV-000222,SERVICE_PROCUREMENT
1011HG3068809-1523-3-1,MS1,INV-000222,SERVICE_PROCUREMENT
1011HG3068809-1555-1-1,MS1,INV-000222,SERVICE_PROCUREMENT
1011HG3068809-1522-3-1,MS1,INV-000222,SERVICE_PROCUREMENT
1011HG3068809-616-3-1,MS1,INV-000222,SERVICE_PROCUREMENT
1011HG3068809-1551-3-1,MS1,INV-000222,SERVICE_PROCUREMENT
1011HG3068809-1560-3-1,MS1,INV-000222,SERVICE_PROCUREMENT
1011HG3068809-1550-3-1,MS1,INV-000222,SERVICE_PROCUREMENT
1011HG3068809-1349-1-1,MS1,INV-000222,SERVICE_PROCUREMENT
1011HG3068809-947-3-1,MS1,INV-000222,SERVICE_PROCUREMENT
1011HG3068809-1553-3-1,MS1,INV-000222,SERVICE_PROCUREMENT
1011HG3068809-1554-3-1,MS1,INV-000222,SERVICE_PROCUREMENT
1011HG3068809-1550-2-1,MS1,INV-000222,SERVICE_PROCUREMENT
1011HG3068809-1560-1-1,MS1,INV-000222,SERVICE_PROCUREMENT
1011HG3167911-16-2-1,MS1,INV-000222,SERVICE_PROCUREMENT
1011HG3167911-16-1-1,MS1,INV-000222,SERVICE_PROCUREMENT
1011HG3167912-114-1-1,MS1,INV-000222,SERVICE_PROCUREMENT
1011HG3167912-109-2-1,MS1,INV-000222,SERVICE_PROCUREMENT
1011HG3068809-1386-1-1,MS1,INV-000222,SERVICE_PROCUREMENT
1011HG3068809-1414-1-1,MS1,INV-000222,SERVICE_PROCUREMENT
1011HG3068809-1422-1-1,MS1,INV-000222,SERVICE_PROCUREMENT
1011HG3068809-1345-2-1,MS1,INV-000222,SERVICE_PROCUREMENT
1011HG3068809-1392-2-1,MS1,INV-000222,SERVICE_PROCUREMENT
1011HG3068809-1523-2-1,MS1,INV-000222,SERVICE_PROCUREMENT
1011HG3068810-229-2-1,MS1,INV-000222,SERVICE_PROCUREMENT
1011HG3068809-1439-3-1,MS1,INV-000222,SERVICE_PROCUREMENT
1011HG3068809-1439-2-1,MS1,INV-000222,SERVICE_PROCUREMENT
1011HG3068809-70-3-1,MS1,INV-000222,SERVICE_PROCUREMENT
1011HG3068809-1554-2-1,MS1,INV-000222,SERVICE_PROCUREMENT
1011HG3068809-1554-1-1,MS1,INV-000222,SERVICE_PROCUREMENT
1011HG3068809-1559-4-1,MS1,INV-000222,SERVICE_PROCUREMENT
1011HG3068810-369-1-1,MS1,INV-000222,SERVICE_PROCUREMENT
1011HG3068809-1558-2-1,MS1,INV-000222,SERVICE_PROCUREMENT
1011HG3068809-1552-3-1,MS1,INV-000222,SERVICE_PROCUREMENT
1011HG3068809-1575-1-1,MS1,INV-000222,SERVICE_PROCUREMENT
1011HG3167911-10-2-1,MS1,INV-000222,SERVICE_PROCUREMENT
1011HG3167911-13-3-1,MS1,INV-000222,SERVICE_PROCUREMENT
1011HG3167911-10-3-1,MS1,INV-000222,SERVICE_PROCUREMENT
1011HG3167911-18-1-1,MS1,INV-000222,SERVICE_PROCUREMENT
1011HG3167912-107-1-1,MS1,INV-000222,SERVICE_PROCUREMENT
1011HG3167911-32-2-1,MS1,INV-000222,SERVICE_PROCUREMENT
1011HG3068809-1360-2-1,MS1,INV-000222,SERVICE_PROCUREMENT
1011HG3068809-1483-1-1,MS1,INV-000222,SERVICE_PROCUREMENT
1011HG3068809-1423-1-1,MS1,INV-000222,SERVICE_PROCUREMENT
1011HG3068809-1391-1-1,MS1,INV-000222,SERVICE_PROCUREMENT
1011HG3068809-1522-1-1,MS1,INV-000222,SERVICE_PROCUREMENT
1011HG3068809-1522-2-1,MS1,INV-000222,SERVICE_PROCUREMENT
1011HG3068809-1523-1-1,MS1,INV-000222,SERVICE_PROCUREMENT
1011HG3068809-1278-4-1,MS1,INV-000222,SERVICE_PROCUREMENT
1011HG3068809-1278-2-1,MS1,INV-000222,SERVICE_PROCUREMENT
1011HG3068809-1551-2-1,MS1,INV-000222,SERVICE_PROCUREMENT
1011HG3068809-1557-3-1,MS1,INV-000222,SERVICE_PROCUREMENT
1011HG3068809-1558-3-1,MS1,INV-000222,SERVICE_PROCUREMENT
1011HG3068809-1350-1-1,MS1,INV-000222,SERVICE_PROCUREMENT
1011HG3068810-313-2-1,MS1,INV-000222,SERVICE_PROCUREMENT
1011HG3068809-1578-1-1,MS1,INV-000222,SERVICE_PROCUREMENT
1011HG3068809-1557-1-1,MS1,INV-000222,SERVICE_PROCUREMENT
1011HG3068809-1577-1-1,MS1,INV-000222,SERVICE_PROCUREMENT
1011HG3068809-1320-4-1,MS1,INV-000223,SERVICE_PROCUREMENT
1011HG3068810-572-1-1,MS1,INV-000223,SERVICE_PROCUREMENT
1011HG3068809-1319-1-1,MS1,INV-000223,SERVICE_PROCUREMENT
1011HG3068809-1353-3-1,MS1,INV-000223,SERVICE_PROCUREMENT
1011HG3068809-1354-1-1,MS1,INV-000223,SERVICE_PROCUREMENT
1011HG3068809-1341-2-1,MS1,INV-000223,SERVICE_PROCUREMENT
1011HG3068809-1391-3-1,MS1,INV-000223,SERVICE_PROCUREMENT
1011HG3068809-1457-1-1,MS1,INV-000223,SERVICE_PROCUREMENT
1011HG3068810-565-4-1,MS1,INV-000223,SERVICE_PROCUREMENT
1011HG3068809-1444-2-1,MS1,INV-000223,SERVICE_PROCUREMENT
1011HG3068809-1444-1-1,MS1,INV-000223,SERVICE_PROCUREMENT
1011HG3068809-1320-5-1,MS1,INV-000223,SERVICE_PROCUREMENT
1011HG3068809-1343-2-1,MS1,INV-000223,SERVICE_PROCUREMENT
1011HG3068809-1387-5-1,MS1,INV-000223,SERVICE_PROCUREMENT
1011HG3068809-1460-4-1,MS1,INV-000223,SERVICE_PROCUREMENT
1011HG3167912-52-1-1,MS1,INV-000223,SERVICE_PROCUREMENT
1011HG3068809-1319-7-1,MS1,INV-000223,SERVICE_PROCUREMENT
1011HG3068809-1319-4-1,MS1,INV-000223,SERVICE_PROCUREMENT
1011HG3068809-1320-9-1,MS1,INV-000223,SERVICE_PROCUREMENT
1011HG3068809-1319-3-1,MS1,INV-000223,SERVICE_PROCUREMENT
1011HG3068809-1319-2-1,MS1,INV-000223,SERVICE_PROCUREMENT
1011HG3068810-573-1-1,MS1,INV-000223,SERVICE_PROCUREMENT
1011HG3068809-1477-6-1,MS1,INV-000223,SERVICE_PROCUREMENT
1011HG3068809-1354-2-1,MS1,INV-000223,SERVICE_PROCUREMENT
1011HG3068809-1340-1-1,MS1,INV-000223,SERVICE_PROCUREMENT
1011HG3068809-1346-2-1,MS1,INV-000223,SERVICE_PROCUREMENT
1011HG3068809-1390-3-1,MS1,INV-000223,SERVICE_PROCUREMENT
1011HG3068809-1339-2-1,MS1,INV-000223,SERVICE_PROCUREMENT
1011HG3068809-1344-1-1,MS1,INV-000223,SERVICE_PROCUREMENT
1011HG3068809-1390-1-1,MS1,INV-000223,SERVICE_PROCUREMENT
1011HG3068809-1502-1-1,MS1,INV-000223,SERVICE_PROCUREMENT
1011HG3068809-1387-6-1,MS1,INV-000223,SERVICE_PROCUREMENT
1011HG3068809-1387-2-1,MS1,INV-000223,SERVICE_PROCUREMENT
1011HG3068809-1460-1-1,MS1,INV-000223,SERVICE_PROCUREMENT
1011HG3068809-1345-1-1,MS1,INV-000223,SERVICE_PROCUREMENT
1011HG3068809-1455-1-1,MS1,INV-000223,SERVICE_PROCUREMENT
1011HG3068809-1347-2-1,MS1,INV-000223,SERVICE_PROCUREMENT
1011HG3068809-1339-3-1,MS1,INV-000223,SERVICE_PROCUREMENT
1011HG3167912-60-1-1,MS1,INV-000223,SERVICE_PROCUREMENT
1011HG3068810-567-2-1,MS1,INV-000223,SERVICE_PROCUREMENT
1011HG3068810-565-1-1,MS1,INV-000223,SERVICE_PROCUREMENT
1011HG3068809-1500-1-1,MS1,INV-000223,SERVICE_PROCUREMENT
1011HG3068810-564-1-1,MS1,INV-000223,SERVICE_PROCUREMENT
1011HG3068809-1518-2-1,MS1,INV-000223,SERVICE_PROCUREMENT
1011HG3068810-575-1-1,MS1,INV-000223,SERVICE_PROCUREMENT
1011HG3068810-566-2-1,MS1,INV-000223,SERVICE_PROCUREMENT
1011HG3068809-1343-1-1,MS1,INV-000223,SERVICE_PROCUREMENT
1011HG3068809-1445-2-1,MS1,INV-000223,SERVICE_PROCUREMENT
1011HG3068809-1446-1-1,MS1,INV-000223,SERVICE_PROCUREMENT
1011HG3068809-1444-4-1,MS1,INV-000223,SERVICE_PROCUREMENT
1011HG3068809-1319-8-1,MS1,INV-000223,SERVICE_PROCUREMENT
1011HG3068809-1320-2-1,MS1,INV-000223,SERVICE_PROCUREMENT
1011HG3068809-1320-8-1,MS1,INV-000223,SERVICE_PROCUREMENT
1011HG3068809-1320-3-1,MS1,INV-000223,SERVICE_PROCUREMENT
1011HG3068810-567-4-1,MS1,INV-000223,SERVICE_PROCUREMENT
1011HG3068810-574-1-1,MS1,INV-000223,SERVICE_PROCUREMENT
1011HG3068809-1534-1-1,MS1,INV-000223,SERVICE_PROCUREMENT
1011HG3068809-1518-3-1,MS1,INV-000223,SERVICE_PROCUREMENT
1011HG3068810-566-3-1,MS1,INV-000223,SERVICE_PROCUREMENT
1011HG3068809-1477-3-1,MS1,INV-000223,SERVICE_PROCUREMENT
1011HG3068809-1342-1-1,MS1,INV-000223,SERVICE_PROCUREMENT
1011HG3068809-1392-1-1,MS1,INV-000223,SERVICE_PROCUREMENT
1011HG3068809-1456-1-1,MS1,INV-000223,SERVICE_PROCUREMENT
1011HG3068809-1344-3-1,MS1,INV-000223,SERVICE_PROCUREMENT
1011HG3068809-1460-2-1,MS1,INV-000223,SERVICE_PROCUREMENT
1011HG3068809-1387-7-1,MS1,INV-000223,SERVICE_PROCUREMENT
1011HG3068809-1460-3-1,MS1,INV-000223,SERVICE_PROCUREMENT
1011HG3167912-101-1-1,MS1,INV-000224,SERVICE_PROCUREMENT
1011HG3167912-122-3-1,MS1,INV-000224,SERVICE_PROCUREMENT
1011HG3167912-89-3-1,MS2,INV-000224,SERVICE_PROCUREMENT
1011HG3167912-89-4-1,MS2,INV-000224,SERVICE_PROCUREMENT
1011HG3167912-85-5-1,MS2,INV-000224,SERVICE_PROCUREMENT
1011HG3167912-85-3-1,MS2,INV-000224,SERVICE_PROCUREMENT
1011HG3167912-85-2-1,MS2,INV-000224,SERVICE_PROCUREMENT
1011HG3068809-1310-1-1,MS1,INV-000224,SERVICE_PROCUREMENT
1011HG3068809-1335-2-1,MS1,INV-000224,SERVICE_PROCUREMENT
1011HG3068809-1313-1-1,MS1,INV-000224,SERVICE_PROCUREMENT
1011HG3167912-71-3-1,MS1,INV-000224,SERVICE_PROCUREMENT
1011HG3068809-1498-1-1,MS1,INV-000224,SERVICE_PROCUREMENT
1011HG3068809-1494-1-1,MS1,INV-000224,SERVICE_PROCUREMENT
1011HG3068809-1433-1-1,MS1,INV-000224,SERVICE_PROCUREMENT
1011HG3167911-44-1-1,MS1,INV-000224,SERVICE_PROCUREMENT
1011HG3068809-1525-3-1,MS1,INV-000224,SERVICE_PROCUREMENT
1011HG3167911-43-1-1,MS1,INV-000224,SERVICE_PROCUREMENT
1011HG3068809-1540-1-1,MS1,INV-000224,SERVICE_PROCUREMENT
1011HG3068809-1537-1-1,MS1,INV-000224,SERVICE_PROCUREMENT
1011HG3167912-85-4-1,MS2,INV-000224,SERVICE_PROCUREMENT
1011HG3167912-122-1-1,MS1,INV-000224,SERVICE_PROCUREMENT
1011HG3167912-123-2-1,MS1,INV-000224,SERVICE_PROCUREMENT
1011HG3068809-1314-1-1,MS1,INV-000224,SERVICE_PROCUREMENT
1011HG3167912-89-5-1,MS2,INV-000224,SERVICE_PROCUREMENT
1011HG3068809-1334-1-1,MS1,INV-000224,SERVICE_PROCUREMENT
1011HG3068809-1311-3-1,MS1,INV-000224,SERVICE_PROCUREMENT
1011HG3068809-1493-1-1,MS1,INV-000224,SERVICE_PROCUREMENT
1011HG3068809-1464-1-1,MS1,INV-000224,SERVICE_PROCUREMENT
1011HG3068809-1464-2-1,MS1,INV-000224,SERVICE_PROCUREMENT
1011HG3068809-1435-1-1,MS1,INV-000224,SERVICE_PROCUREMENT
1011HG3068809-1456-2-1,MS1,INV-000224,SERVICE_PROCUREMENT
1011HG3068809-1491-1-1,MS1,INV-000224,SERVICE_PROCUREMENT
1011HG3068809-1063-1-1,MS1,INV-000224,SERVICE_PROCUREMENT
1011HG3068809-702-4-1,MS1,INV-000224,SERVICE_PROCUREMENT
1011HG3167911-45-1-1,MS1,INV-000224,SERVICE_PROCUREMENT
1011HG3167912-122-5-1,MS1,INV-000224,SERVICE_PROCUREMENT
1011HG3167912-123-1-1,MS1,INV-000224,SERVICE_PROCUREMENT
1011HG3167912-88-6-1,MS1,INV-000224,SERVICE_PROCUREMENT
1011HG3167912-89-1-1,MS2,INV-000224,SERVICE_PROCUREMENT
1011HG3167912-89-2-1,MS2,INV-000224,SERVICE_PROCUREMENT
1011HG3167912-85-1-1,MS2,INV-000224,SERVICE_PROCUREMENT
1011HG3167912-84-4-1,MS1,INV-000224,SERVICE_PROCUREMENT
1011HG3068809-1335-1-1,MS1,INV-000224,SERVICE_PROCUREMENT
1011HG3068809-1506-1-1,MS1,INV-000224,SERVICE_PROCUREMENT
1011HG3167912-71-2-1,MS1,INV-000224,SERVICE_PROCUREMENT
1011HG3068809-1497-1-1,MS1,INV-000224,SERVICE_PROCUREMENT
1011HG3068809-1496-1-1,MS1,INV-000224,SERVICE_PROCUREMENT
1011HG3068809-1311-2-1,MS1,INV-000224,SERVICE_PROCUREMENT
1011HG3068809-1311-1-1,MS1,INV-000224,SERVICE_PROCUREMENT
1011HG3068809-1592-1-1,MS1,INV-000224,SERVICE_PROCUREMENT
1011HG3068809-1075-1-1,MS1,INV-000224,SERVICE_PROCUREMENT
1011HG3068809-1349-2-1,MS1,INV-000224,SERVICE_PROCUREMENT
1011HG3068809-1455-2-1,MS1,INV-000224,SERVICE_PROCUREMENT
1011HG3068809-1340-2-1,MS1,INV-000224,SERVICE_PROCUREMENT
1011HG3068809-703-3-1,MS1,INV-000224,SERVICE_PROCUREMENT
1011HG3167912-125-1-1,MS1,INV-000224,SERVICE_PROCUREMENT
1011HG3167912-101-3-1,MS1,INV-000224,SERVICE_PROCUREMENT
1011HG3167912-78-1-1,MS1,INV-000224,SERVICE_PROCUREMENT
1011HG3167912-101-2-1,MS1,INV-000224,SERVICE_PROCUREMENT
1011HG3068809-1313-2-1,MS1,INV-000224,SERVICE_PROCUREMENT
1011HG3167912-122-2-1,MS1,INV-000224,SERVICE_PROCUREMENT
1011HG3167912-71-1-1,MS1,INV-000224,SERVICE_PROCUREMENT
1011HG3068809-1495-1-1,MS1,INV-000224,SERVICE_PROCUREMENT
1011HG3068809-1499-1-1,MS1,INV-000224,SERVICE_PROCUREMENT
1011HG3068809-1593-1-1,MS1,INV-000224,SERVICE_PROCUREMENT
1011HG3068810-564-3-1,MS1,INV-000224,SERVICE_PROCUREMENT
1011HG3068809-1489-1-1,MS1,INV-000224,SERVICE_PROCUREMENT
1011HG3068809-1510-4-1,MS1,INV-000224,SERVICE_PROCUREMENT
1011HG3068809-1515-1-1,MS1,INV-000224,SERVICE_PROCUREMENT
1011HG3167911-41-1-1,MS1,INV-000224,SERVICE_PROCUREMENT
1011HG3068810-570-3-1,MS1,INV-000224,SERVICE_PROCUREMENT
1011HG3167912-48-3-1,MS1,INV-000225,SERVICE_PROCUREMENT
1011HG3068810-525-4-1,MS1,INV-000225,SERVICE_PROCUREMENT
1011HG3068809-1642-1-1,MS1,INV-000225,SERVICE_PROCUREMENT
1011HG3068809-1430-1-1,MS1,INV-000225,SERVICE_PROCUREMENT
1011HG3167912-112-1-1,MS1,INV-000225,SERVICE_PROCUREMENT
1011HG3167912-49-1-1,MS1,INV-000225,SERVICE_PROCUREMENT
1011HG3167912-141-1-1,MS1,INV-000225,SERVICE_PROCUREMENT
1011HG3167911-46-1-1,MS1,INV-000225,SERVICE_PROCUREMENT
1011HG3068809-702-2-1,MS1,INV-000225,SERVICE_PROCUREMENT
1011HG3068809-1513-1-1,MS1,INV-000225,SERVICE_PROCUREMENT
1011HG3068809-1372-3-1,MS1,INV-000225,SERVICE_PROCUREMENT
1011HG3068810-584-1-1,MS1,INV-000225,SERVICE_PROCUREMENT
1011HG3068810-317-6-1,MS1,INV-000225,SERVICE_PROCUREMENT
1011HG3167912-29-1-1,MS2,INV-000225,SERVICE_PROCUREMENT
1011HG3167912-29-4-1,MS2,INV-000225,SERVICE_PROCUREMENT
1011HG3167912-29-2-1,MS2,INV-000225,SERVICE_PROCUREMENT
1011HG3068809-1611-1-1,MS1,INV-000225,SERVICE_PROCUREMENT
1011HG3068809-1527-1-1,MS1,INV-000225,SERVICE_PROCUREMENT
1011HG3068809-1570-1-1,MS1,INV-000225,SERVICE_PROCUREMENT
1011HG3068809-856-4-1,MS1,INV-000225,SERVICE_PROCUREMENT
1011HG3068809-1620-1-1,MS1,INV-000225,SERVICE_PROCUREMENT
1011HG3068809-1542-2-1,MS1,INV-000225,SERVICE_PROCUREMENT
1011HG3068809-1543-1-1,MS1,INV-000225,SERVICE_PROCUREMENT
1011HG3068809-1541-2-1,MS1,INV-000225,SERVICE_PROCUREMENT
1011HG3068809-1393-1-1,MS1,INV-000225,SERVICE_PROCUREMENT
1011HG3068809-859-2-1,MS1,INV-000225,SERVICE_PROCUREMENT
1011HG3068809-1490-1-1,MS1,INV-000225,SERVICE_PROCUREMENT
1011HG3068809-1452-2-1,MS1,INV-000225,SERVICE_PROCUREMENT
1011HG3167912-48-2-1,MS1,INV-000225,SERVICE_PROCUREMENT
1011HG3167912-48-4-1,MS1,INV-000225,SERVICE_PROCUREMENT
1011HG3068809-1532-1-1,MS2,INV-000225,SERVICE_PROCUREMENT
1011HG3068809-1505-1-1,MS2,INV-000225,SERVICE_PROCUREMENT
1011HG3068809-1503-1-1,MS2,INV-000225,SERVICE_PROCUREMENT
1011HG3068809-1274-1-1,MS1,INV-000225,SERVICE_PROCUREMENT
1011HG3068809-1448-1-1,MS1,INV-000225,SERVICE_PROCUREMENT
1011HG3068810-548-1-1,MS1,INV-000225,SERVICE_PROCUREMENT
1011HG3068809-1549-4-1,MS1,INV-000225,SERVICE_PROCUREMENT
1011HG3167911-27-1-1,MS1,INV-000225,SERVICE_PROCUREMENT
1011HG3167911-34-1-1,MS1,INV-000225,SERVICE_PROCUREMENT
1011HG3167912-117-1-1,MS1,INV-000225,SERVICE_PROCUREMENT
1011HG3167912-77-1-1,MS1,INV-000225,SERVICE_PROCUREMENT
1011HG3167912-49-2-1,MS1,INV-000225,SERVICE_PROCUREMENT
1011HG3167912-49-3-1,MS1,INV-000225,SERVICE_PROCUREMENT
1011HG3068810-286-1-1,MS1,INV-000225,SERVICE_PROCUREMENT
1011HG3068809-1600-1-1,MS1,INV-000225,SERVICE_PROCUREMENT
1011HG3068809-1601-1-1,MS1,INV-000225,SERVICE_PROCUREMENT
1011HG3068809-1603-1-1,MS1,INV-000225,SERVICE_PROCUREMENT
1011HG3068809-1514-1-1,MS1,INV-000225,SERVICE_PROCUREMENT
1011HG3068809-1062-1-1,MS1,INV-000225,SERVICE_PROCUREMENT
1011HG3167912-30-4-1,MS1,INV-000225,SERVICE_PROCUREMENT
1011HG3167912-29-3-1,MS2,INV-000225,SERVICE_PROCUREMENT
1011HG3068810-585-1-1,MS1,INV-000225,SERVICE_PROCUREMENT
1011HG3068809-1567-2-1,MS1,INV-000225,SERVICE_PROCUREMENT
1011HG3068810-571-1-1,MS1,INV-000225,SERVICE_PROCUREMENT
1011HG3068809-1622-1-1,MS1,INV-000225,SERVICE_PROCUREMENT
1011HG3068809-1526-3-1,MS1,INV-000225,SERVICE_PROCUREMENT
1011HG3068809-1612-1-1,MS1,INV-000225,SERVICE_PROCUREMENT
1011HG3068809-1527-3-1,MS1,INV-000225,SERVICE_PROCUREMENT
1011HG3068809-1548-1-1,MS1,INV-000225,SERVICE_PROCUREMENT
1011HG3068809-856-3-1,MS1,INV-000225,SERVICE_PROCUREMENT
1011HG3068809-860-1-1,MS1,INV-000225,SERVICE_PROCUREMENT
1011HG3068809-863-1-1,MS1,INV-000225,SERVICE_PROCUREMENT
1011HG3068809-854-3-1,MS1,INV-000225,SERVICE_PROCUREMENT
1011HG3068809-854-4-1,MS1,INV-000225,SERVICE_PROCUREMENT
1011HG3068809-1529-4-1,MS1,INV-000225,SERVICE_PROCUREMENT
1011HG3068809-1529-1-1,MS1,INV-000225,SERVICE_PROCUREMENT
1011HG3068809-1542-4-1,MS1,INV-000225,SERVICE_PROCUREMENT
1011HG3068809-1580-1-1,MS1,INV-000225,SERVICE_PROCUREMENT
1011HG3068810-569-1-1,MS1,INV-000225,SERVICE_PROCUREMENT
1011HG3068809-1456-3-1,MS1,INV-000225,SERVICE_PROCUREMENT
1011HG3068809-1544-1-1,MS1,INV-000225,SERVICE_PROCUREMENT
1011HG3068809-1544-4-1,MS1,INV-000225,SERVICE_PROCUREMENT
1011HG3068809-1487-1-1,MS1,INV-000225,SERVICE_PROCUREMENT
1011HG3167912-48-1-1,MS1,INV-000225,SERVICE_PROCUREMENT
1011HG3068809-49-2-1,MS1,INV-000225,SERVICE_PROCUREMENT
1011HG3068809-1504-1-1,MS2,INV-000225,SERVICE_PROCUREMENT
1011HG3068809-1283-2-1,MS1,INV-000225,SERVICE_PROCUREMENT
1011HG3068809-1641-1-1,MS1,INV-000225,SERVICE_PROCUREMENT
1011HG3068809-1276-2-1,MS1,INV-000225,SERVICE_PROCUREMENT
1011HG3068809-1279-3-1,MS1,INV-000225,SERVICE_PROCUREMENT
1011HG3068810-548-2-1,MS1,INV-000225,SERVICE_PROCUREMENT
1011HG3068809-1549-3-1,MS1,INV-000225,SERVICE_PROCUREMENT
1011HG3167912-116-1-1,MS1,INV-000225,SERVICE_PROCUREMENT
1011HG3167911-27-2-1,MS1,INV-000225,SERVICE_PROCUREMENT
1011HG3167912-49-4-1,MS1,INV-000225,SERVICE_PROCUREMENT
1011HG3167912-115-1-1,MS1,INV-000225,SERVICE_PROCUREMENT
1011HG3068809-1516-1-1,MS1,INV-000225,SERVICE_PROCUREMENT
1011HG3068810-286-2-1,MS1,INV-000225,SERVICE_PROCUREMENT
1011HG3068809-1061-1-1,MS1,INV-000225,SERVICE_PROCUREMENT
1011HG3068809-1372-4-1,MS1,INV-000225,SERVICE_PROCUREMENT
1011HG3068809-1567-3-1,MS1,INV-000225,SERVICE_PROCUREMENT
1011HG3068810-571-2-1,MS1,INV-000225,SERVICE_PROCUREMENT
1011HG3068809-1526-2-1,MS1,INV-000225,SERVICE_PROCUREMENT
1011HG3068809-1362-2-1,MS1,INV-000225,SERVICE_PROCUREMENT
1011HG3068809-1363-2-1,MS1,INV-000225,SERVICE_PROCUREMENT
1011HG3068809-862-1-1,MS1,INV-000225,SERVICE_PROCUREMENT
1011HG3068809-857-1-1,MS1,INV-000225,SERVICE_PROCUREMENT
1011HG3068809-861-1-1,MS1,INV-000225,SERVICE_PROCUREMENT
1011HG3068809-863-2-1,MS1,INV-000225,SERVICE_PROCUREMENT
1011HG3068809-1621-1-1,MS1,INV-000225,SERVICE_PROCUREMENT
1011HG3068809-1571-1-1,MS1,INV-000225,SERVICE_PROCUREMENT
1011HG3068809-1528-3-1,MS1,INV-000225,SERVICE_PROCUREMENT
1011HG3068809-1572-1-1,MS1,INV-000225,SERVICE_PROCUREMENT
1011HG3068810-569-4-1,MS1,INV-000225,SERVICE_PROCUREMENT
1011HG3068809-1455-3-1,MS1,INV-000225,SERVICE_PROCUREMENT
1011HG3068809-859-1-1,MS1,INV-000225,SERVICE_PROCUREMENT
1011HG3068809-1545-2-1,MS1,INV-000225,SERVICE_PROCUREMENT
1011HG3068809-1545-3-1,MS1,INV-000225,SERVICE_PROCUREMENT
1011HG3167912-62-1-1,MS1,INV-000225,SERVICE_PROCUREMENT
1011HG3068809-1531-1-1,MS2,INV-000225,SERVICE_PROCUREMENT
1011HG3068809-1533-1-1,MS2,INV-000225,SERVICE_PROCUREMENT
1011HG3068809-1275-2-1,MS1,INV-000225,SERVICE_PROCUREMENT
1011HG3068809-1278-3-1,MS1,INV-000225,SERVICE_PROCUREMENT
1011HG3068809-1449-1-1,MS1,INV-000225,SERVICE_PROCUREMENT
1011HG3167911-33-1-1,MS1,INV-000225,SERVICE_PROCUREMENT
1011HG3167912-112-2-1,MS1,INV-000225,SERVICE_PROCUREMENT
1011HG3167912-117-2-1,MS1,INV-000225,SERVICE_PROCUREMENT
1011HG3167911-34-2-1,MS1,INV-000225,SERVICE_PROCUREMENT
1011HG3167912-49-5-1,MS1,INV-000225,SERVICE_PROCUREMENT
1011HG3167911-42-1-1,MS1,INV-000225,SERVICE_PROCUREMENT
1011HG3068809-1602-1-1,MS1,INV-000225,SERVICE_PROCUREMENT
1011HG3068809-1631-1-1,MS1,INV-000225,SERVICE_PROCUREMENT
1011HG3068809-1372-2-1,MS1,INV-000225,SERVICE_PROCUREMENT
1011HG3068809-1568-2-1,MS1,INV-000225,SERVICE_PROCUREMENT
1011HG3068809-1530-2-1,MS1,INV-000225,SERVICE_PROCUREMENT
1011HG3068809-1529-6-1,MS1,INV-000225,SERVICE_PROCUREMENT
1011HG3068809-1529-5-1,MS1,INV-000225,SERVICE_PROCUREMENT
1011HG3068809-1528-1-1,MS1,INV-000225,SERVICE_PROCUREMENT
1011HG3068809-1541-1-1,MS1,INV-000225,SERVICE_PROCUREMENT
1011HG3068809-1543-3-1,MS1,INV-000225,SERVICE_PROCUREMENT
1011HG3068810-580-1-1,MS1,INV-000225,SERVICE_PROCUREMENT
1011HG3068809-1340-3-1,MS1,INV-000225,SERVICE_PROCUREMENT
1011HG3068809-1581-1-1,MS1,INV-000225,SERVICE_PROCUREMENT
1011HG3068809-1569-1-1,MS1,INV-000225,SERVICE_PROCUREMENT
1011HG3068809-1453-2-1,MS1,INV-000225,SERVICE_PROCUREMENT
1011HG3068810-587-1-1,MS1,INV-000227,SERVICE_PROCUREMENT
1011HG3068810-579-1-1,MS1,INV-000227,SERVICE_PROCUREMENT
1011HG3068809-1441-2-1,MS1,INV-000227,SERVICE_PROCUREMENT
1011HG3068809-855-2-1,MS1,INV-000227,SERVICE_PROCUREMENT
1011HG3068809-858-3-1,MS1,INV-000227,SERVICE_PROCUREMENT
1011HG3068809-1676-1-1,MS1,INV-000227,SERVICE_PROCUREMENT
1011HG3068809-1666-2-1,MS1,INV-000227,SERVICE_PROCUREMENT
1011HG3068809-1666-3-1,MS1,INV-000227,SERVICE_PROCUREMENT
1011HG3068809-1323-1-1,MS1,INV-000227,SERVICE_PROCUREMENT
1011HG3068810-524-1-1,MS1,INV-000227,SERVICE_PROCUREMENT
1011HG3068810-586-1-1,MS1,INV-000227,SERVICE_PROCUREMENT
1011HG3068809-1665-1-1,MS1,INV-000227,SERVICE_PROCUREMENT
1011HG3068809-1662-1-1,MS1,INV-000227,SERVICE_PROCUREMENT
1011HG3068809-1675-1-1,MS1,INV-000227,SERVICE_PROCUREMENT
1011HG3068809-1667-4-1,MS1,INV-000227,SERVICE_PROCUREMENT
1011HG3068809-1321-1-1,MS1,INV-000227,SERVICE_PROCUREMENT
1011HG3068809-1674-1-1,MS1,INV-000227,SERVICE_PROCUREMENT
1011HG3068809-1324-1-1,MS1,INV-000227,SERVICE_PROCUREMENT
1011HG3068810-524-2-1,MS1,INV-000227,SERVICE_PROCUREMENT
1011HG3068809-731-4-1,MS1,INV-000227,SERVICE_PROCUREMENT
1011HG3068809-729-2-1,MS1,INV-000227,SERVICE_PROCUREMENT
1011HG3068809-729-5-1,MS1,INV-000227,SERVICE_PROCUREMENT
1011HG3068809-731-6-1,MS1,INV-000227,SERVICE_PROCUREMENT
1011HG3068810-559-1-1,MS1,INV-000227,SERVICE_PROCUREMENT
1011HG3068810-534-3-1,MS1,INV-000227,SERVICE_PROCUREMENT
1011HG3068809-858-5-1,MS1,INV-000227,SERVICE_PROCUREMENT
1011HG3068809-731-3-1,MS1,INV-000227,SERVICE_PROCUREMENT
1011HG3068809-729-4-1,MS1,INV-000227,SERVICE_PROCUREMENT
1011HG3068809-1665-2-1,MS1,INV-000227,SERVICE_PROCUREMENT
1011HG3068809-1673-1-1,MS1,INV-000227,SERVICE_PROCUREMENT
1011HG3068810-568-1-1,MS1,INV-000227,SERVICE_PROCUREMENT
1011HG3068810-568-5-1,MS1,INV-000227,SERVICE_PROCUREMENT
1011HG3068809-855-1-1,MS1,INV-000227,SERVICE_PROCUREMENT
1011HG3068809-1662-3-1,MS1,INV-000227,SERVICE_PROCUREMENT
1011HG3068809-1351-2-1,MS1,INV-000227,SERVICE_PROCUREMENT
1011HG3068809-1667-3-1,MS1,INV-000227,SERVICE_PROCUREMENT
1011HG3068809-1454-1-1,MS1,INV-000227,SERVICE_PROCUREMENT
1011HG3068809-731-2-1,MS1,INV-000227,SERVICE_PROCUREMENT
1011HG3068809-1595-3-1,MS1,INV-000228,SERVICE_PROCUREMENT
1011HG3068809-1595-1-1,MS1,INV-000228,SERVICE_PROCUREMENT
1011HG3068809-1595-5-1,MS1,INV-000228,SERVICE_PROCUREMENT
1011HG3068809-1623-1-1,MS1,INV-000228,SERVICE_PROCUREMENT
1011HG3167911-52-1-1,MS1,INV-000228,SERVICE_PROCUREMENT
1011HG3167911-52-3-1,MS1,INV-000228,SERVICE_PROCUREMENT
1011HG3167912-127-3-1,MS1,INV-000228,SERVICE_PROCUREMENT
1011HG3167912-127-1-1,MS1,INV-000228,SERVICE_PROCUREMENT
1011HG3167912-127-2-1,MS1,INV-000228,SERVICE_PROCUREMENT
1011HG3068810-557-3-1,MS1,INV-000228,SERVICE_PROCUREMENT
1011HG3167911-49-3-1,MS1,INV-000228,SERVICE_PROCUREMENT
1011HG3167911-49-2-1,MS1,INV-000228,SERVICE_PROCUREMENT
1011HG3068809-1536-1-1,MS1,INV-000228,SERVICE_PROCUREMENT
1011HG3068809-1553-1-1,MS1,INV-000228,SERVICE_PROCUREMENT
1011HG3068809-1552-4-1,MS1,INV-000228,SERVICE_PROCUREMENT
1011HG3068809-1363-3-1,MS1,INV-000228,SERVICE_PROCUREMENT
1011HG3068809-1363-1-1,MS1,INV-000228,SERVICE_PROCUREMENT
1011HG3068810-595-1-1,MS1,INV-000228,SERVICE_PROCUREMENT
1011HG3068809-1680-1-1,MS1,INV-000228,SERVICE_PROCUREMENT
1011HG3068809-1717-1-1,MS1,INV-000228,SERVICE_PROCUREMENT
1011HG3068809-1689-4-1,MS1,INV-000228,SERVICE_PROCUREMENT
1011HG3068810-613-1-1,MS1,INV-000228,SERVICE_PROCUREMENT
1011HG3068809-1687-4-1,MS1,INV-000228,SERVICE_PROCUREMENT
1011HG3068810-596-1-1,MS1,INV-000228,SERVICE_PROCUREMENT
1011HG3068809-1677-1-1,MS1,INV-000228,SERVICE_PROCUREMENT
1011HG3068809-1659-2-1,MS1,INV-000228,SERVICE_PROCUREMENT
1011HG3068809-1716-1-1,MS1,INV-000228,SERVICE_PROCUREMENT
1011HG3068810-597-1-1,MS1,INV-000228,SERVICE_PROCUREMENT
1011HG3068809-1328-1-1,MS1,INV-000228,SERVICE_PROCUREMENT
1011HG3068809-1360-1-1,MS1,INV-000228,SERVICE_PROCUREMENT
1011HG3068810-540-1-1,MS1,INV-000228,SERVICE_PROCUREMENT
1011HG3068810-542-1-1,MS1,INV-000228,SERVICE_PROCUREMENT
1011HG3068809-1404-1-1,MS1,INV-000228,SERVICE_PROCUREMENT
1011HG3068809-1281-1-1,MS1,INV-000228,SERVICE_PROCUREMENT
1011HG3068809-1179-1-1,MS1,INV-000228,SERVICE_PROCUREMENT
1011HG3068809-1281-4-1,MS1,INV-000228,SERVICE_PROCUREMENT
1011HG3068809-1171-2-1,MS1,INV-000228,SERVICE_PROCUREMENT
1011HG3068809-1171-3-1,MS1,INV-000228,SERVICE_PROCUREMENT
1011HG3068809-1385-1-1,MS1,INV-000228,SERVICE_PROCUREMENT
1011HG3068809-1563-1-1,MS1,INV-000228,SERVICE_PROCUREMENT
1011HG3167911-52-2-1,MS1,INV-000228,SERVICE_PROCUREMENT
1011HG3167911-37-2-1,MS1,INV-000228,SERVICE_PROCUREMENT
1011HG3068810-558-1-1,MS1,INV-000228,SERVICE_PROCUREMENT
1011HG3167911-49-1-1,MS1,INV-000228,SERVICE_PROCUREMENT
1011HG3068809-1552-2-1,MS1,INV-000228,SERVICE_PROCUREMENT
1011HG3068809-1354-5-1,MS1,INV-000228,SERVICE_PROCUREMENT
1011HG3068809-1362-1-1,MS1,INV-000228,SERVICE_PROCUREMENT
1011HG3068809-1362-3-1,MS1,INV-000228,SERVICE_PROCUREMENT
1011HG3068810-583-1-1,MS1,INV-000228,SERVICE_PROCUREMENT
1011HG3068810-591-1-1,MS1,INV-000228,SERVICE_PROCUREMENT
1011HG3068810-592-1-1,MS1,INV-000228,SERVICE_PROCUREMENT
1011HG3068810-589-1-1,MS1,INV-000228,SERVICE_PROCUREMENT
1011HG3068809-1714-1-1,MS1,INV-000228,SERVICE_PROCUREMENT
1011HG3068809-1686-3-1,MS1,INV-000228,SERVICE_PROCUREMENT
1011HG3068810-612-1-1,MS1,INV-000228,SERVICE_PROCUREMENT
1011HG3068809-1659-6-1,MS1,INV-000228,SERVICE_PROCUREMENT
1011HG3068809-1691-4-1,MS1,INV-000228,SERVICE_PROCUREMENT
1011HG3068810-597-4-1,MS1,INV-000228,SERVICE_PROCUREMENT
1011HG3068809-1688-3-1,MS1,INV-000228,SERVICE_PROCUREMENT
1011HG3068809-1321-3-1,MS1,INV-000228,SERVICE_PROCUREMENT
1011HG3068809-1353-2-1,MS1,INV-000228,SERVICE_PROCUREMENT
1011HG3068809-1352-3-1,MS1,INV-000228,SERVICE_PROCUREMENT
1011HG3068810-536-2-1,MS1,INV-000228,SERVICE_PROCUREMENT
1011HG3068810-543-1-1,MS1,INV-000228,SERVICE_PROCUREMENT
1011HG3068809-1582-1-1,MS1,INV-000228,SERVICE_PROCUREMENT
1011HG3068809-1535-3-1,MS1,INV-000228,SERVICE_PROCUREMENT
1011HG3167914-1-1-1,MS1,INV-000228,SERVICE_PROCUREMENT
1011HG3068809-1281-2-1,MS1,INV-000228,SERVICE_PROCUREMENT
1011HG3068809-1564-1-1,MS1,INV-000228,SERVICE_PROCUREMENT
1011HG3068809-1566-1-1,MS1,INV-000228,SERVICE_PROCUREMENT
1011HG3068809-1597-3-1,MS1,INV-000228,SERVICE_PROCUREMENT
1011HG3068809-1597-5-1,MS1,INV-000228,SERVICE_PROCUREMENT
1011HG3068809-1597-2-1,MS1,INV-000228,SERVICE_PROCUREMENT
1011HG3068809-1595-4-1,MS1,INV-000228,SERVICE_PROCUREMENT
1011HG3167911-51-1-1,MS1,INV-000228,SERVICE_PROCUREMENT
1011HG3167911-36-2-1,MS1,INV-000228,SERVICE_PROCUREMENT
1011HG3167911-37-3-1,MS1,INV-000228,SERVICE_PROCUREMENT
1011HG3167911-36-1-1,MS1,INV-000228,SERVICE_PROCUREMENT
1011HG3068810-299-1-1,MS1,INV-000228,SERVICE_PROCUREMENT
1011HG3068809-1477-1-1,MS1,INV-000228,SERVICE_PROCUREMENT
1011HG3068809-1477-4-1,MS1,INV-000228,SERVICE_PROCUREMENT
1011HG3068809-1442-2-1,MS1,INV-000228,SERVICE_PROCUREMENT
1011HG3068810-593-1-1,MS1,INV-000228,SERVICE_PROCUREMENT
1011HG3068810-556-3-1,MS1,INV-000228,SERVICE_PROCUREMENT
1011HG3068809-1715-1-1,MS1,INV-000228,SERVICE_PROCUREMENT
1011HG3068810-596-2-1,MS1,INV-000228,SERVICE_PROCUREMENT
1011HG3068809-1691-1-1,MS1,INV-000228,SERVICE_PROCUREMENT
1011HG3068809-1688-2-1,MS1,INV-000228,SERVICE_PROCUREMENT
1011HG3068809-1719-1-1,MS1,INV-000228,SERVICE_PROCUREMENT
1011HG3068809-1327-1-1,MS1,INV-000228,SERVICE_PROCUREMENT
1011HG3068810-614-1-1,MS1,INV-000228,SERVICE_PROCUREMENT
1011HG3068810-534-2-1,MS1,INV-000228,SERVICE_PROCUREMENT
1011HG3068810-517-5-1,MS1,INV-000228,SERVICE_PROCUREMENT
1011HG3068809-1221-5-1,MS1,INV-000228,SERVICE_PROCUREMENT
1011HG3068809-1535-2-1,MS1,INV-000228,SERVICE_PROCUREMENT
1011HG3068809-1281-3-1,MS1,INV-000228,SERVICE_PROCUREMENT
1011HG3068810-577-1-1,MS1,INV-000228,SERVICE_PROCUREMENT
1011HG3068809-1562-1-1,MS1,INV-000228,SERVICE_PROCUREMENT
1011HG3068809-1549-2-1,MS1,INV-000228,SERVICE_PROCUREMENT
1011HG3068809-1624-1-1,MS1,INV-000228,SERVICE_PROCUREMENT
1011HG3167911-51-2-1,MS1,INV-000228,SERVICE_PROCUREMENT
1011HG3167911-37-1-1,MS1,INV-000228,SERVICE_PROCUREMENT
1011HG2894715-111-1-1,MS1,INV-000228,SERVICE_PROCUREMENT
1011HG3068809-938-2-1,MS1,INV-000228,SERVICE_PROCUREMENT
1011HG3068809-1547-1-1,MS1,INV-000228,SERVICE_PROCUREMENT
1011HG3068809-1553-2-1,MS1,INV-000228,SERVICE_PROCUREMENT
1011HG3068809-1354-4-1,MS1,INV-000228,SERVICE_PROCUREMENT
1011HG3068809-1442-3-1,MS1,INV-000228,SERVICE_PROCUREMENT
1011HG3068809-1082-1-1,MS1,INV-000228,SERVICE_PROCUREMENT
1011HG3068809-1686-4-1,MS1,INV-000228,SERVICE_PROCUREMENT
1011HG3068810-590-1-1,MS1,INV-000228,SERVICE_PROCUREMENT
1011HG3068810-595-4-1,MS1,INV-000228,SERVICE_PROCUREMENT
1011HG3068809-1689-3-1,MS1,INV-000228,SERVICE_PROCUREMENT
1011HG3068809-1687-3-1,MS1,INV-000228,SERVICE_PROCUREMENT
1011HG3068809-1351-3-1,MS1,INV-000228,SERVICE_PROCUREMENT
1011HG3068809-1452-1-1,MS1,INV-000228,SERVICE_PROCUREMENT
1011HG3068809-1535-1-1,MS1,INV-000228,SERVICE_PROCUREMENT
1011HG3068809-1535-4-1,MS1,INV-000228,SERVICE_PROCUREMENT
1011HG3068809-1583-1-1,MS1,INV-000228,SERVICE_PROCUREMENT
1011HG3068809-1286-1-1,MS1,INV-000228,SERVICE_PROCUREMENT
1011HG3068809-1171-1-1,MS1,INV-000228,SERVICE_PROCUREMENT
1011HG3068809-1285-1-1,MS1,INV-000228,SERVICE_PROCUREMENT
1011HG3068809-1561-1-1,MS1,INV-000228,SERVICE_PROCUREMENT
1011HG3068809-1565-1-1,MS1,INV-000228,SERVICE_PROCUREMENT
1011HG3068809-1655-1-1,MS1,INV-000229,SERVICE_PROCUREMENT
1011HG3068809-1318-4-1,MS1,INV-000229,SERVICE_PROCUREMENT
1011HG3068809-1655-2-1,MS1,INV-000229,SERVICE_PROCUREMENT
1011HG3167912-138-1-1,MS1,INV-000230,SERVICE_PROCUREMENT
1011HG3167912-133-4-1,MS1,INV-000230,SERVICE_PROCUREMENT
1011HG3068809-1126-3-1,MS1,INV-000230,SERVICE_PROCUREMENT
1011HG3068809-1419-1-1,MS1,INV-000230,SERVICE_PROCUREMENT
1011HG3068809-1536-2-1,MS1,INV-000230,SERVICE_PROCUREMENT
1011HG3068809-1738-1-1,MS1,INV-000230,SERVICE_PROCUREMENT
1011HG3068809-1737-1-1,MS1,INV-000230,SERVICE_PROCUREMENT
1011HG3068810-175-2-1,MS1,INV-000230,SERVICE_PROCUREMENT
1011HG3068809-1607-1-1,MS1,INV-000230,SERVICE_PROCUREMENT
1011HG3068809-1387-3-1,MS1,INV-000230,SERVICE_PROCUREMENT
1011HG3068809-1417-2-1,MS1,INV-000230,SERVICE_PROCUREMENT
1011HG3068810-616-2-1,MS1,INV-000230,SERVICE_PROCUREMENT
1011HG3068810-606-1-1,MS1,INV-000230,SERVICE_PROCUREMENT
1011HG3068809-1692-1-1,MS1,INV-000230,SERVICE_PROCUREMENT
1011HG3068809-1692-2-1,MS1,INV-000230,SERVICE_PROCUREMENT
1011HG3167912-133-3-1,MS1,INV-000230,SERVICE_PROCUREMENT
1011HG3068809-1418-1-1,MS1,INV-000230,SERVICE_PROCUREMENT
1011HG3068809-1735-1-1,MS1,INV-000230,SERVICE_PROCUREMENT
1011HG3068810-502-1-1,MS1,INV-000230,SERVICE_PROCUREMENT
1011HG3068810-232-1-1,MS1,INV-000230,SERVICE_PROCUREMENT
1011HG3167912-95-1-1,MS2,INV-000230,SERVICE_PROCUREMENT
1011HG3167912-96-1-1,MS1,INV-000230,SERVICE_PROCUREMENT
1011HG3068809-1604-1-1,MS1,INV-000230,SERVICE_PROCUREMENT
1011HG3068810-604-1-1,MS1,INV-000230,SERVICE_PROCUREMENT
1011HG3167912-133-1-1,MS1,INV-000230,SERVICE_PROCUREMENT
1011HG3068809-1139-1-1,MS1,INV-000230,SERVICE_PROCUREMENT
1011HG3167912-136-1-1,MS1,INV-000230,SERVICE_PROCUREMENT
1011HG3068809-1477-5-1,MS1,INV-000230,SERVICE_PROCUREMENT
1011HG3068810-602-2-1,MS1,INV-000230,SERVICE_PROCUREMENT
1011HG3068810-176-2-1,MS1,INV-000230,SERVICE_PROCUREMENT
1011HG3068810-602-1-1,MS1,INV-000230,SERVICE_PROCUREMENT
1011HG3068810-233-3-1,MS1,INV-000230,SERVICE_PROCUREMENT
1011HG3167912-99-1-1,MS2,INV-000230,SERVICE_PROCUREMENT
1011HG3068809-1678-1-1,MS1,INV-000230,SERVICE_PROCUREMENT
1011HG3068810-617-2-1,MS1,INV-000230,SERVICE_PROCUREMENT
1011HG3068810-603-3-1,MS1,INV-000230,SERVICE_PROCUREMENT
1011HG3167911-7-1-1,MS1,INV-000230,SERVICE_PROCUREMENT
1011HG3167912-133-2-1,MS1,INV-000230,SERVICE_PROCUREMENT
1011HG3167912-133-5-1,MS1,INV-000230,SERVICE_PROCUREMENT
1011HG3068809-1126-2-1,MS1,INV-000230,SERVICE_PROCUREMENT
1011HG3068809-1736-1-1,MS1,INV-000230,SERVICE_PROCUREMENT
1011HG3068810-502-2-1,MS1,INV-000230,SERVICE_PROCUREMENT
1011HG3068809-1477-2-1,MS1,INV-000230,SERVICE_PROCUREMENT
1011HG3167912-95-2-1,MS2,INV-000230,SERVICE_PROCUREMENT
1011HG3068809-1608-1-1,MS1,INV-000230,SERVICE_PROCUREMENT
1011HG3068809-1416-1-1,MS1,INV-000230,SERVICE_PROCUREMENT
1011HG3068810-605-4-1,MS1,INV-000230,SERVICE_PROCUREMENT
1011HG3068809-1537-3-1,MS1,INV-000231,SERVICE_PROCUREMENT
1011HG3068809-1064-1-1,MS1,INV-000231,SERVICE_PROCUREMENT
1011HG3068809-1658-6-1,MS1,INV-000231,SERVICE_PROCUREMENT
1011HG3068809-1672-1-1,MS1,INV-000231,SERVICE_PROCUREMENT
1011HG3068809-1658-4-1,MS1,INV-000231,SERVICE_PROCUREMENT
1011HG3068810-381-2-1,MS1,INV-000231,SERVICE_PROCUREMENT
1011HG3068809-1707-1-1,MS1,INV-000231,SERVICE_PROCUREMENT
1011HG3068809-1694-1-1,MS1,INV-000231,SERVICE_PROCUREMENT
1011HG3068809-1067-1-1,MS1,INV-000231,SERVICE_PROCUREMENT
1011HG3068809-1070-1-1,MS1,INV-000231,SERVICE_PROCUREMENT
1011HG3068809-1073-1-1,MS1,INV-000231,SERVICE_PROCUREMENT
1011HG3068809-1072-1-1,MS1,INV-000231,SERVICE_PROCUREMENT
1011HG3068810-447-1-1,MS1,INV-000231,SERVICE_PROCUREMENT
1011HG3068809-1084-1-1,MS1,INV-000231,SERVICE_PROCUREMENT
1011HG3068809-1595-2-1,MS1,INV-000231,SERVICE_PROCUREMENT
1011HG3068809-1193-2-1,MS1,INV-000231,SERVICE_PROCUREMENT
1011HG3167911-46-1-1,MS2,INV-000231,SERVICE_PROCUREMENT
1011HG3068809-1068-1-1,MS1,INV-000231,SERVICE_PROCUREMENT
1011HG3068810-554-1-1,MS1,INV-000231,SERVICE_PROCUREMENT
1011HG3068810-560-1-1,MS1,INV-000231,SERVICE_PROCUREMENT
1011HG3068809-1372-1-1,MS1,INV-000231,SERVICE_PROCUREMENT
1011HG3068809-1693-1-1,MS1,INV-000231,SERVICE_PROCUREMENT
1011HG3068809-1066-1-1,MS1,INV-000231,SERVICE_PROCUREMENT
1011HG3068809-1065-1-1,MS1,INV-000231,SERVICE_PROCUREMENT
1011HG3068809-1069-1-1,MS1,INV-000231,SERVICE_PROCUREMENT
1011HG3068809-1526-1-1,MS1,INV-000231,SERVICE_PROCUREMENT
1011HG3068809-1795-1-1,MS1,INV-000232,SERVICE_PROCUREMENT
1011HG3068810-598-2-1,MS1,INV-000232,SERVICE_PROCUREMENT
1011HG3068810-594-1-1,MS1,INV-000232,SERVICE_PROCUREMENT
1011HG3068810-594-3-1,MS1,INV-000232,SERVICE_PROCUREMENT
1011HG3068809-1791-1-1,MS1,INV-000232,SERVICE_PROCUREMENT
1011HG3068809-1799-1-1,MS1,INV-000232,SERVICE_PROCUREMENT
1011HG3068809-1790-1-1,MS1,INV-000232,SERVICE_PROCUREMENT
1011HG3068809-1682-2-1,MS1,INV-000232,SERVICE_PROCUREMENT
1011HG3068809-1699-1-1,MS1,INV-000232,SERVICE_PROCUREMENT
1011HG3068809-1789-1-1,MS1,INV-000232,SERVICE_PROCUREMENT
1011HG3068809-1695-2-1,MS1,INV-000232,SERVICE_PROCUREMENT
1011HG3068809-1788-1-1,MS1,INV-000232,SERVICE_PROCUREMENT
1011HG3068809-1697-2-1,MS1,INV-000232,SERVICE_PROCUREMENT
1011HG3068809-1793-1-1,MS1,INV-000232,SERVICE_PROCUREMENT
1011HG3068809-1702-2-1,MS1,INV-000232,SERVICE_PROCUREMENT
1011HG3068809-1700-3-1,MS1,INV-000232,SERVICE_PROCUREMENT
1011HG3068809-1681-2-1,MS1,INV-000232,SERVICE_PROCUREMENT
1011HG3068810-611-1-1,MS1,INV-000232,SERVICE_PROCUREMENT
1011HG3068809-1722-1-1,MS1,INV-000232,SERVICE_PROCUREMENT
1011HG3068809-1684-2-1,MS1,INV-000232,SERVICE_PROCUREMENT
1011HG3068809-1792-1-1,MS1,INV-000232,SERVICE_PROCUREMENT
1011HG3068809-1696-1-1,MS1,INV-000232,SERVICE_PROCUREMENT
1011HG3068809-1803-1-1,MS1,INV-000232,SERVICE_PROCUREMENT
1011HG3068809-1800-1-1,MS1,INV-000232,SERVICE_PROCUREMENT
1011HG3068809-1702-4-1,MS1,INV-000232,SERVICE_PROCUREMENT
1011HG3068809-1701-1-1,MS1,INV-000232,SERVICE_PROCUREMENT
1011HG3068809-1700-1-1,MS1,INV-000232,SERVICE_PROCUREMENT
1011HG3068810-611-3-1,MS1,INV-000232,SERVICE_PROCUREMENT
1011HG3068810-611-2-1,MS1,INV-000232,SERVICE_PROCUREMENT
1011HG3068810-636-1-1,MS1,INV-000232,SERVICE_PROCUREMENT
1011HG3068810-615-2-1,MS1,INV-000232,SERVICE_PROCUREMENT
1011HG3068810-637-1-1,MS1,INV-000232,SERVICE_PROCUREMENT
1011HG3068809-1796-1-1,MS1,INV-000232,SERVICE_PROCUREMENT
1011HG3068809-1698-1-1,MS1,INV-000232,SERVICE_PROCUREMENT
1011HG3068809-1798-1-1,MS1,INV-000232,SERVICE_PROCUREMENT
1011HG3068809-1724-2-1,MS1,INV-000232,SERVICE_PROCUREMENT
1011HG3068810-635-1-1,MS1,INV-000232,SERVICE_PROCUREMENT
1011HG3068809-1683-2-1,MS1,INV-000232,SERVICE_PROCUREMENT
1011HG3068809-1701-3-1,MS1,INV-000232,SERVICE_PROCUREMENT
1011HG3068809-1794-1-1,MS1,INV-000232,SERVICE_PROCUREMENT
1011HG3068809-1797-1-1,MS1,INV-000232,SERVICE_PROCUREMENT
1011HG3167912-131-3-1,MS1,INV-000233,SERVICE_PROCUREMENT
1011HG3167912-102-1-1,MS1,INV-000233,SERVICE_PROCUREMENT
1011HG3068809-1585-1-1,MS1,INV-000233,SERVICE_PROCUREMENT
1011HG3068810-601-1-1,MS1,INV-000233,SERVICE_PROCUREMENT
1011HG3068810-627-1-1,MS1,INV-000233,SERVICE_PROCUREMENT
1011HG3068810-610-1-1,MS1,INV-000233,SERVICE_PROCUREMENT
1011HG3068810-617-4-1,MS1,INV-000233,SERVICE_PROCUREMENT
1011HG3068810-616-4-1,MS1,INV-000233,SERVICE_PROCUREMENT
1011HG3167911-17-1-1,MS1,INV-000233,SERVICE_PROCUREMENT
1011HG3167911-16-1-1,MS2,INV-000233,SERVICE_PROCUREMENT
1011HG3068809-858-4-1,MS1,INV-000233,SERVICE_PROCUREMENT
1011HG3068809-861-2-1,MS1,INV-000233,SERVICE_PROCUREMENT
1011HG3068809-857-2-1,MS1,INV-000233,SERVICE_PROCUREMENT
1011HG3068809-1442-1-1,MS1,INV-000233,SERVICE_PROCUREMENT
1011HG3068809-1443-2-1,MS1,INV-000233,SERVICE_PROCUREMENT
1011HG3068809-1529-2-1,MS1,INV-000233,SERVICE_PROCUREMENT
1011HG3068809-1685-3-1,MS1,INV-000233,SERVICE_PROCUREMENT
1011HG3167912-131-1-1,MS1,INV-000233,SERVICE_PROCUREMENT
1011HG3167912-102-2-1,MS1,INV-000233,SERVICE_PROCUREMENT
1011HG3167911-58-1-1,MS1,INV-000233,SERVICE_PROCUREMENT
1011HG3167912-144-1-1,MS1,INV-000233,SERVICE_PROCUREMENT
1011HG3167912-147-1-1,MS1,INV-000233,SERVICE_PROCUREMENT
1011HG3068809-1653-1-1,MS1,INV-000233,SERVICE_PROCUREMENT
1011HG3068809-1652-2-1,MS1,INV-000233,SERVICE_PROCUREMENT
1011HG3068809-1586-1-1,MS1,INV-000233,SERVICE_PROCUREMENT
1011HG3068810-600-1-1,MS1,INV-000233,SERVICE_PROCUREMENT
1011HG3068810-606-4-1,MS1,INV-000233,SERVICE_PROCUREMENT
1011HG3167912-98-1-1,MS2,INV-000233,SERVICE_PROCUREMENT
1011HG3167912-92-2-1,MS2,INV-000233,SERVICE_PROCUREMENT
1011HG3167912-92-1-1,MS2,INV-000233,SERVICE_PROCUREMENT
1011HG3068809-859-4-1,MS1,INV-000233,SERVICE_PROCUREMENT
1011HG3068809-854-2-1,MS1,INV-000233,SERVICE_PROCUREMENT
1011HG3068809-854-1-1,MS1,INV-000233,SERVICE_PROCUREMENT
1011HG3068809-856-1-1,MS1,INV-000233,SERVICE_PROCUREMENT
1011HG3068809-855-5-1,MS1,INV-000233,SERVICE_PROCUREMENT
1011HG3068809-1501-1-1,MS1,INV-000233,SERVICE_PROCUREMENT
1011HG3068809-1529-3-1,MS1,INV-000233,SERVICE_PROCUREMENT
1011HG3068809-1441-1-1,MS1,INV-000233,SERVICE_PROCUREMENT
1011HG3068809-1751-1-1,MS1,INV-000233,SERVICE_PROCUREMENT
1011HG3068809-1713-1-1,MS1,INV-000233,SERVICE_PROCUREMENT
1011HG3068809-1685-4-1,MS1,INV-000233,SERVICE_PROCUREMENT
1011HG3167912-102-3-1,MS1,INV-000233,SERVICE_PROCUREMENT
1011HG3167911-58-2-1,MS1,INV-000233,SERVICE_PROCUREMENT
1011HG3167912-146-1-1,MS1,INV-000233,SERVICE_PROCUREMENT
1011HG3167912-143-2-1,MS1,INV-000233,SERVICE_PROCUREMENT
1011HG3167912-143-1-1,MS1,INV-000233,SERVICE_PROCUREMENT
1011HG3167912-144-2-1,MS1,INV-000233,SERVICE_PROCUREMENT
1011HG3068809-1586-3-1,MS1,INV-000233,SERVICE_PROCUREMENT
1011HG3068810-628-1-1,MS1,INV-000233,SERVICE_PROCUREMENT
1011HG3068810-625-1-1,MS1,INV-000233,SERVICE_PROCUREMENT
1011HG3068810-608-1-1,MS1,INV-000233,SERVICE_PROCUREMENT
1011HG3068810-604-3-1,MS1,INV-000233,SERVICE_PROCUREMENT
1011HG3068810-603-1-1,MS1,INV-000233,SERVICE_PROCUREMENT
1011HG3068810-605-1-1,MS1,INV-000233,SERVICE_PROCUREMENT
1011HG3167911-16-2-1,MS2,INV-000233,SERVICE_PROCUREMENT
1011HG3068809-858-2-1,MS1,INV-000233,SERVICE_PROCUREMENT
1011HG3068809-863-4-1,MS1,INV-000233,SERVICE_PROCUREMENT
1011HG3068810-556-2-1,MS1,INV-000233,SERVICE_PROCUREMENT
1011HG3068809-1528-2-1,MS1,INV-000233,SERVICE_PROCUREMENT
1011HG3068809-1741-1-1,MS1,INV-000233,SERVICE_PROCUREMENT
1011HG3068809-1741-4-1,MS1,INV-000233,SERVICE_PROCUREMENT
1011HG3068809-860-2-1,MS1,INV-000233,SERVICE_PROCUREMENT
1011HG3068810-578-2-1,MS1,INV-000233,SERVICE_PROCUREMENT
1011HG3167912-137-1-1,MS1,INV-000233,SERVICE_PROCUREMENT
1011HG3167912-131-2-1,MS1,INV-000233,SERVICE_PROCUREMENT
1011HG3068809-1731-1-1,MS1,INV-000233,SERVICE_PROCUREMENT
1011HG3068809-1730-1-1,MS1,INV-000233,SERVICE_PROCUREMENT
1011HG3167911-58-3-1,MS1,INV-000233,SERVICE_PROCUREMENT
1011HG3068809-1585-2-1,MS1,INV-000233,SERVICE_PROCUREMENT
1011HG3068810-626-1-1,MS1,INV-000233,SERVICE_PROCUREMENT
1011HG3068810-599-1-1,MS1,INV-000233,SERVICE_PROCUREMENT
1011HG3068810-609-2-1,MS1,INV-000233,SERVICE_PROCUREMENT
1011HG3068810-607-1-1,MS1,INV-000233,SERVICE_PROCUREMENT
1011HG3068810-624-1-1,MS1,INV-000233,SERVICE_PROCUREMENT
1011HG3167912-93-1-1,MS1,INV-000233,SERVICE_PROCUREMENT
1011HG3068809-859-5-1,MS1,INV-000233,SERVICE_PROCUREMENT
1011HG3068809-856-2-1,MS1,INV-000233,SERVICE_PROCUREMENT
1011HG3068809-863-3-1,MS1,INV-000233,SERVICE_PROCUREMENT
1011HG3068809-855-3-1,MS1,INV-000233,SERVICE_PROCUREMENT
1011HG3068809-862-2-1,MS1,INV-000233,SERVICE_PROCUREMENT
1011HG3068810-571-3-1,MS1,INV-000233,SERVICE_PROCUREMENT
1011HG3068809-1450-1-1,MS1,INV-000233,SERVICE_PROCUREMENT
1011HG3068810-557-2-1,MS1,INV-000233,SERVICE_PROCUREMENT
1011HG3068809-1441-3-1,MS1,INV-000233,SERVICE_PROCUREMENT
1011HG3068809-1317-2-1,MS1,INV-000234,SERVICE_PROCUREMENT
1011HG2894718-31-4-1,MS1,INV-000234,SERVICE_PROCUREMENT
1011HG3167912-168-1-1,MS1,INV-000234,SERVICE_PROCUREMENT
1011HG3167912-168-2-1,MS1,INV-000234,SERVICE_PROCUREMENT
1011HG3167911-70-1-1,MS1,INV-000234,SERVICE_PROCUREMENT
1011HG3167911-68-2-1,MS1,INV-000234,SERVICE_PROCUREMENT
1011HG3167911-82-2-1,MS1,INV-000234,SERVICE_PROCUREMENT
1011HG3167911-82-1-1,MS1,INV-000234,SERVICE_PROCUREMENT
1011HG3167912-145-1-1,MS1,INV-000234,SERVICE_PROCUREMENT
1011HG3167911-7-1-1,MS2,INV-000234,SERVICE_PROCUREMENT
1011HG3167911-60-2-1,MS1,INV-000234,SERVICE_PROCUREMENT
1011HG3068809-1248-4-1,MS1,INV-000234,SERVICE_PROCUREMENT
1011HG3068809-842-1-1,MS1,INV-000234,SERVICE_PROCUREMENT
1011HG3068809-1322-6-1,MS1,INV-000234,SERVICE_PROCUREMENT
1011HG3068809-1729-1-1,MS1,INV-000234,SERVICE_PROCUREMENT
1011HG3167911-83-2-1,MS1,INV-000234,SERVICE_PROCUREMENT
1011HG3167911-70-3-1,MS1,INV-000234,SERVICE_PROCUREMENT
1011HG3167911-67-1-1,MS1,INV-000234,SERVICE_PROCUREMENT
1011HG3167911-70-2-1,MS1,INV-000234,SERVICE_PROCUREMENT
1011HG3167912-145-2-1,MS1,INV-000234,SERVICE_PROCUREMENT
1011HG3167912-141-1-1,MS2,INV-000234,SERVICE_PROCUREMENT
1011HG2894715-433-4-1,MS1,INV-000234,SERVICE_PROCUREMENT
1011HG3167911-60-1-1,MS1,INV-000234,SERVICE_PROCUREMENT
1011HG3068809-1248-2-1,MS1,INV-000234,SERVICE_PROCUREMENT
1011HG3068809-1248-3-1,MS1,INV-000234,SERVICE_PROCUREMENT
1011HG3068809-840-1-1,MS1,INV-000234,SERVICE_PROCUREMENT
1011HG3068809-836-1-1,MS1,INV-000234,SERVICE_PROCUREMENT
1011HG3167911-83-1-1,MS1,INV-000234,SERVICE_PROCUREMENT
1011HG3167911-57-1-1,MS1,INV-000234,SERVICE_PROCUREMENT
1011HG3167912-106-1-1,MS1,INV-000234,SERVICE_PROCUREMENT
1011HG3167911-84-1-1,MS1,INV-000234,SERVICE_PROCUREMENT
1011HG3167911-84-2-1,MS1,INV-000234,SERVICE_PROCUREMENT
1011HG3167911-66-1-1,MS1,INV-000234,SERVICE_PROCUREMENT
1011HG3167911-68-1-1,MS1,INV-000234,SERVICE_PROCUREMENT
1011HG3167912-148-1-1,MS1,INV-000234,SERVICE_PROCUREMENT
1011HG3068809-839-1-1,MS1,INV-000234,SERVICE_PROCUREMENT
1011HG3068809-841-1-1,MS1,INV-000234,SERVICE_PROCUREMENT
1011HG3068809-835-1-1,MS1,INV-000234,SERVICE_PROCUREMENT
1011HG3167911-59-3-1,MS1,INV-000234,SERVICE_PROCUREMENT
1011HG3167911-59-1-1,MS1,INV-000234,SERVICE_PROCUREMENT
1011HG3167911-59-2-1,MS1,INV-000234,SERVICE_PROCUREMENT
1011HG3167912-106-2-1,MS1,INV-000234,SERVICE_PROCUREMENT
1011HG3167912-106-3-1,MS1,INV-000234,SERVICE_PROCUREMENT
1011HG3167911-84-3-1,MS1,INV-000234,SERVICE_PROCUREMENT
1011HG3167911-50-1-1,MS1,INV-000234,SERVICE_PROCUREMENT
1011HG3167911-60-3-1,MS1,INV-000234,SERVICE_PROCUREMENT
1011HG3068809-1248-1-1,MS1,INV-000234,SERVICE_PROCUREMENT
1011HG3068809-834-1-1,MS1,INV-000234,SERVICE_PROCUREMENT
1011HG3068809-838-1-1,MS1,INV-000234,SERVICE_PROCUREMENT
1011HG3068809-832-1-1,MS1,INV-000234,SERVICE_PROCUREMENT
1011HG3167912-48-3-1,MS2,INV-000235,SERVICE_PROCUREMENT
1011HG3167912-49-1-1,MS2,INV-000235,SERVICE_PROCUREMENT
1011HG3167912-49-3-1,MS2,INV-000235,SERVICE_PROCUREMENT
1011HG3167912-75-1-1,MS1,INV-000235,SERVICE_PROCUREMENT
1011HG3167912-74-2-1,MS2,INV-000235,SERVICE_PROCUREMENT
1011HG3167912-100-1-1,MS2,INV-000235,SERVICE_PROCUREMENT
1011HG3167912-74-3-1,MS2,INV-000235,SERVICE_PROCUREMENT
1011HG3167912-74-5-1,MS2,INV-000235,SERVICE_PROCUREMENT
1011HG3167912-139-1-1,MS1,INV-000235,SERVICE_PROCUREMENT
1011HG3167912-49-5-1,MS2,INV-000235,SERVICE_PROCUREMENT
1011HG3167912-74-4-1,MS2,INV-000235,SERVICE_PROCUREMENT
1011HG3167912-71-3-1,MS2,INV-000235,SERVICE_PROCUREMENT
1011HG3167912-71-1-1,MS2,INV-000235,SERVICE_PROCUREMENT
1011HG3068809-1537-2-1,MS1,INV-000235,SERVICE_PROCUREMENT
1011HG3068809-1511-1-1,MS1,INV-000235,SERVICE_PROCUREMENT
1011HG3167912-49-4-1,MS2,INV-000235,SERVICE_PROCUREMENT
1011HG3167912-74-1-1,MS2,INV-000235,SERVICE_PROCUREMENT
1011HG3167912-71-2-1,MS2,INV-000235,SERVICE_PROCUREMENT
1011HG3068809-1511-2-1,MS1,INV-000235,SERVICE_PROCUREMENT
1011HG3167912-48-2-1,MS2,INV-000235,SERVICE_PROCUREMENT
1011HG3167912-48-1-1,MS2,INV-000235,SERVICE_PROCUREMENT
1011HG3167912-50-1-1,MS1,INV-000235,SERVICE_PROCUREMENT
1011HG3167912-49-2-1,MS2,INV-000235,SERVICE_PROCUREMENT
1011HG3167912-48-4-1,MS2,INV-000235,SERVICE_PROCUREMENT
1011HG3167912-134-1-1,MS1,INV-000235,SERVICE_PROCUREMENT
1011HG3068809-1767-1-1,MS1,INV-000236,SERVICE_PROCUREMENT
1011HG3068809-1336-1-1,MS1,INV-000236,SERVICE_PROCUREMENT
1011HG3068809-1725-2-1,MS1,INV-000236,SERVICE_PROCUREMENT
1011HG3068809-1802-1-1,MS1,INV-000236,SERVICE_PROCUREMENT
1011HG3068809-1551-4-1,MS1,INV-000236,SERVICE_PROCUREMENT
1011HG3068809-1630-1-1,MS1,INV-000236,SERVICE_PROCUREMENT
1011HG3068809-1630-2-1,MS1,INV-000236,SERVICE_PROCUREMENT
1011HG3068809-1628-1-1,MS1,INV-000236,SERVICE_PROCUREMENT
1011HG3068809-1549-1-1,MS1,INV-000236,SERVICE_PROCUREMENT
1011HG3068810-599-2-1,MS1,INV-000236,SERVICE_PROCUREMENT
1011HG3068809-1806-3-1,MS1,INV-000236,SERVICE_PROCUREMENT
1011HG3068809-1806-1-1,MS1,INV-000236,SERVICE_PROCUREMENT
1011HG3068809-1742-6-1,MS1,INV-000236,SERVICE_PROCUREMENT
1011HG3068809-1742-1-1,MS1,INV-000236,SERVICE_PROCUREMENT
1011HG3068809-1728-2-1,MS1,INV-000236,SERVICE_PROCUREMENT
1011HG3068809-1727-1-1,MS1,INV-000236,SERVICE_PROCUREMENT
1011HG3068809-1552-1-1,MS1,INV-000236,SERVICE_PROCUREMENT
1011HG3068810-623-1-1,MS1,INV-000236,SERVICE_PROCUREMENT
1011HG3068810-675-1-1,MS1,INV-000236,SERVICE_PROCUREMENT
1011HG3068810-608-2-1,MS1,INV-000236,SERVICE_PROCUREMENT
1011HG3068810-622-1-1,MS1,INV-000236,SERVICE_PROCUREMENT
1011HG3068810-621-1-1,MS1,INV-000236,SERVICE_PROCUREMENT
1011HG3068809-1648-1-1,MS1,INV-000236,SERVICE_PROCUREMENT
1011HG3068809-1647-1-1,MS1,INV-000236,SERVICE_PROCUREMENT
1011HG3068809-1740-1-1,MS1,INV-000236,SERVICE_PROCUREMENT
1011HG3068809-1554-4-1,MS1,INV-000236,SERVICE_PROCUREMENT
1011HG3068810-619-1-1,MS1,INV-000236,SERVICE_PROCUREMENT
1011HG3068810-618-1-1,MS1,INV-000236,SERVICE_PROCUREMENT
1011HG3068810-620-1-1,MS1,INV-000236,SERVICE_PROCUREMENT
1011HG3068809-1734-1-1,MS1,INV-000236,SERVICE_PROCUREMENT
1011HG3068809-1732-1-1,MS1,INV-000236,SERVICE_PROCUREMENT
1011HG3068809-1726-2-1,MS1,INV-000236,SERVICE_PROCUREMENT
1011HG3068809-1728-1-1,MS1,INV-000236,SERVICE_PROCUREMENT
1011HG3068809-1727-2-1,MS1,INV-000236,SERVICE_PROCUREMENT
1011HG3068809-1726-1-1,MS1,INV-000236,SERVICE_PROCUREMENT
1011HG3068809-1560-4-1,MS1,INV-000236,SERVICE_PROCUREMENT
1011HG3068809-1550-4-1,MS1,INV-000237,SERVICE_PROCUREMENT
1011HG3068809-1591-1-1,MS1,INV-000237,SERVICE_PROCUREMENT
1011HG3068809-1246-1-1,MS1,INV-000237,SERVICE_PROCUREMENT
1011HG3068809-1725-1-1,MS1,INV-000237,SERVICE_PROCUREMENT
1011HG3167912-83-3-1,MS2,INV-000237,SERVICE_PROCUREMENT
1011HG3167912-83-1-1,MS2,INV-000237,SERVICE_PROCUREMENT
1011HG3068809-1627-1-1,MS1,INV-000237,SERVICE_PROCUREMENT
1011HG3068809-1584-1-1,MS1,INV-000237,SERVICE_PROCUREMENT
1011HG3068809-1587-3-1,MS1,INV-000237,SERVICE_PROCUREMENT
1011HG3167911-94-1-1,MS1,INV-000237,SERVICE_PROCUREMENT
1011HG3068809-1934-2-1,MS1,INV-000237,SERVICE_PROCUREMENT
1011HG3068809-1720-1-1,MS1,INV-000237,SERVICE_PROCUREMENT
1011HG3068809-1720-3-1,MS1,INV-000237,SERVICE_PROCUREMENT
1011HG3068809-1899-4-1,MS1,INV-000237,SERVICE_PROCUREMENT
1011HG3068809-1898-2-1,MS1,INV-000237,SERVICE_PROCUREMENT
1011HG3068809-1972-1-1,MS1,INV-000237,SERVICE_PROCUREMENT
1011HG3068809-1558-1-1,MS1,INV-000237,SERVICE_PROCUREMENT
1011HG3068809-1877-1-1,MS1,INV-000237,SERVICE_PROCUREMENT
1011HG3167912-83-4-1,MS2,INV-000237,SERVICE_PROCUREMENT
1011HG3167912-83-2-1,MS2,INV-000237,SERVICE_PROCUREMENT
1011HG3167912-55-2-1,MS2,INV-000237,SERVICE_PROCUREMENT
1011HG3068809-1785-1-1,MS1,INV-000237,SERVICE_PROCUREMENT
1011HG3068809-1785-3-1,MS1,INV-000237,SERVICE_PROCUREMENT
1011HG3167911-96-1-1,MS1,INV-000237,SERVICE_PROCUREMENT
1011HG3068809-1971-1-1,MS1,INV-000237,SERVICE_PROCUREMENT
1011HG3068809-1701-2-1,MS1,INV-000237,SERVICE_PROCUREMENT
1011HG3068809-1973-1-1,MS1,INV-000237,SERVICE_PROCUREMENT
1011HG3068809-1720-2-1,MS1,INV-000237,SERVICE_PROCUREMENT
1011HG3068809-1898-3-1,MS1,INV-000237,SERVICE_PROCUREMENT
1011HG3068809-1899-2-1,MS1,INV-000237,SERVICE_PROCUREMENT
1011HG3068809-1970-1-1,MS1,INV-000237,SERVICE_PROCUREMENT
1011HG3068809-1557-4-1,MS1,INV-000237,SERVICE_PROCUREMENT
1011HG3068809-837-1-1,MS1,INV-000237,SERVICE_PROCUREMENT
1011HG3068809-1592-2-1,MS1,INV-000237,SERVICE_PROCUREMENT
1011HG3068809-1801-1-1,MS1,INV-000237,SERVICE_PROCUREMENT
1011HG3167912-82-6-1,MS1,INV-000237,SERVICE_PROCUREMENT
1011HG3068809-1584-2-1,MS1,INV-000237,SERVICE_PROCUREMENT
1011HG3068809-1934-3-1,MS1,INV-000237,SERVICE_PROCUREMENT
1011HG3068809-1553-4-1,MS1,INV-000237,SERVICE_PROCUREMENT
1011HG3068809-1559-1-1,MS1,INV-000237,SERVICE_PROCUREMENT
1011HG3068809-1725-4-1,MS1,INV-000237,SERVICE_PROCUREMENT
1011HG3167912-56-1-1,MS1,INV-000237,SERVICE_PROCUREMENT
1011HG3167912-55-1-1,MS2,INV-000237,SERVICE_PROCUREMENT
1011HG3068809-1627-2-1,MS1,INV-000237,SERVICE_PROCUREMENT
1011HG3068809-1588-4-1,MS1,INV-000237,SERVICE_PROCUREMENT
1011HG3068809-1588-2-1,MS1,INV-000237,SERVICE_PROCUREMENT
1011HG3167912-175-1-1,MS1,INV-000237,SERVICE_PROCUREMENT
1011HG3068809-1933-3-1,MS1,INV-000237,SERVICE_PROCUREMENT
1011HG3068809-1933-1-1,MS1,INV-000237,SERVICE_PROCUREMENT
1011HG3068809-1701-4-1,MS1,INV-000237,SERVICE_PROCUREMENT
1011HG3068809-1896-1-1,MS1,INV-000237,SERVICE_PROCUREMENT
1011HG3068809-1897-1-1,MS1,INV-000237,SERVICE_PROCUREMENT
1011HG3068809-1706-1-1,MS1,INV-000238,SERVICE_PROCUREMENT
1011HG3068809-1274-3-1,MS1,INV-000238,SERVICE_PROCUREMENT
1011HG3068810-557-1-1,MS1,INV-000238,SERVICE_PROCUREMENT
1011HG3068810-588-1-1,MS1,INV-000238,SERVICE_PROCUREMENT
1011HG3068809-1348-3-1,MS1,INV-000238,SERVICE_PROCUREMENT
1011HG3068809-1662-2-1,MS1,INV-000238,SERVICE_PROCUREMENT
1011HG3068809-1617-1-1,MS1,INV-000238,SERVICE_PROCUREMENT
1011HG3068809-1743-1-1,MS1,INV-000238,SERVICE_PROCUREMENT
1011HG3068809-1703-2-1,MS1,INV-000238,SERVICE_PROCUREMENT
1011HG3068809-1706-2-1,MS1,INV-000238,SERVICE_PROCUREMENT
1011HG3068809-1831-1-1,MS1,INV-000238,SERVICE_PROCUREMENT
1011HG3068809-1308-1-1,MS1,INV-000238,SERVICE_PROCUREMENT
1011HG3068809-1626-1-1,MS1,INV-000238,SERVICE_PROCUREMENT
1011HG3068809-1757-1-1,MS1,INV-000238,SERVICE_PROCUREMENT
1011HG3068809-1665-3-1,MS1,INV-000238,SERVICE_PROCUREMENT
1011HG3068809-1745-1-1,MS1,INV-000238,SERVICE_PROCUREMENT
1011HG3068809-1615-1-1,MS1,INV-000238,SERVICE_PROCUREMENT
1011HG3068809-1703-1-1,MS1,INV-000238,SERVICE_PROCUREMENT
1011HG3068809-1530-1-1,MS1,INV-000238,SERVICE_PROCUREMENT
1011HG3068809-1626-2-1,MS1,INV-000238,SERVICE_PROCUREMENT
1011HG3068809-1712-1-1,MS1,INV-000238,SERVICE_PROCUREMENT
1011HG3068810-641-1-1,MS1,INV-000238,SERVICE_PROCUREMENT
1011HG3068809-1666-4-1,MS1,INV-000238,SERVICE_PROCUREMENT
1011HG3068809-1614-1-1,MS1,INV-000238,SERVICE_PROCUREMENT
1011HG3068809-1921-2-1,MS1,INV-000238,SERVICE_PROCUREMENT
1011HG3068809-1618-1-1,MS1,INV-000238,SERVICE_PROCUREMENT
1011HG3068809-1744-1-1,MS1,INV-000238,SERVICE_PROCUREMENT
1011HG3068809-1828-1-1,MS1,INV-000238,SERVICE_PROCUREMENT
1011HG3068810-556-1-1,MS1,INV-000238,SERVICE_PROCUREMENT
1011HG3068809-1667-2-1,MS1,INV-000238,SERVICE_PROCUREMENT
1011HG3068809-1760-1-1,MS1,INV-000238,SERVICE_PROCUREMENT
1011HG3068809-1748-1-1,MS1,INV-000238,SERVICE_PROCUREMENT
1011HG3068809-1921-1-1,MS1,INV-000238,SERVICE_PROCUREMENT
1011HG3167911-90-1-1,MS1,INV-000239,SERVICE_PROCUREMENT
1011HG3068810-648-1-1,MS1,INV-000239,SERVICE_PROCUREMENT
1011HG3068810-667-1-1,MS1,INV-000239,SERVICE_PROCUREMENT
1011HG3068810-667-3-1,MS1,INV-000239,SERVICE_PROCUREMENT
1011HG3167911-92-1-1,MS1,INV-000239,SERVICE_PROCUREMENT
1011HG3068810-670-1-1,MS1,INV-000239,SERVICE_PROCUREMENT
1011HG3068810-670-2-1,MS1,INV-000239,SERVICE_PROCUREMENT
1011HG3068810-666-1-1,MS1,INV-000239,SERVICE_PROCUREMENT
1011HG3068810-661-1-1,MS1,INV-000239,SERVICE_PROCUREMENT
1011HG3068810-647-1-1,MS1,INV-000239,SERVICE_PROCUREMENT
1011HG3068810-668-3-1,MS1,INV-000239,SERVICE_PROCUREMENT
1011HG3068810-664-3-1,MS1,INV-000239,SERVICE_PROCUREMENT
1011HG3068810-666-3-1,MS1,INV-000239,SERVICE_PROCUREMENT
1011HG3068810-673-1-1,MS1,INV-000239,SERVICE_PROCUREMENT
1011HG3167912-172-1-1,MS1,INV-000239,SERVICE_PROCUREMENT
1011HG3167912-170-1-1,MS1,INV-000239,SERVICE_PROCUREMENT
1011HG3068809-1710-2-1,MS1,INV-000239,SERVICE_PROCUREMENT
1011HG3068809-25-3-1,MS1,INV-000239,SERVICE_PROCUREMENT
1011HG3068809-2086-1-1,MS1,INV-000239,SERVICE_PROCUREMENT
1011HG3068809-2072-1-1,MS1,INV-000239,SERVICE_PROCUREMENT
1011HG3068810-453-1-1,MS1,INV-000239,SERVICE_PROCUREMENT
1011HG3068810-452-1-1,MS1,INV-000239,SERVICE_PROCUREMENT
1011HG3068809-1424-1-1,MS1,INV-000239,SERVICE_PROCUREMENT
1011HG3068809-1429-1-1,MS1,INV-000239,SERVICE_PROCUREMENT
1011HG3068809-1976-3-1,MS1,INV-000239,SERVICE_PROCUREMENT
1011HG3068809-1978-4-1,MS1,INV-000239,SERVICE_PROCUREMENT
1011HG3068809-1749-2-1,MS1,INV-000239,SERVICE_PROCUREMENT
1011HG3068809-1765-3-1,MS1,INV-000239,SERVICE_PROCUREMENT
1011HG3068809-1146-1-1,MS1,INV-000239,SERVICE_PROCUREMENT
1011HG3068809-1089-1-1,MS1,INV-000239,SERVICE_PROCUREMENT
1011HG3068809-1527-2-1,MS1,INV-000239,SERVICE_PROCUREMENT
1011HG3068809-1685-2-1,MS1,INV-000239,SERVICE_PROCUREMENT
1011HG3068809-1782-1-1,MS1,INV-000239,SERVICE_PROCUREMENT
1011HG3068809-1782-2-1,MS1,INV-000239,SERVICE_PROCUREMENT
1011HG3068810-690-1-1,MS1,INV-000239,SERVICE_PROCUREMENT
1011HG3068810-695-1-1,MS1,INV-000239,SERVICE_PROCUREMENT
1011HG3068809-1983-1-1,MS1,INV-000239,SERVICE_PROCUREMENT
1011HG3068810-697-1-1,MS1,INV-000239,SERVICE_PROCUREMENT
1011HG3068810-630-6-1,MS1,INV-000239,SERVICE_PROCUREMENT
1011HG3068810-417-1-1,MS1,INV-000239,SERVICE_PROCUREMENT
1011HG3068809-1542-1-1,MS1,INV-000239,SERVICE_PROCUREMENT
1011HG3068809-1626-3-1,MS1,INV-000239,SERVICE_PROCUREMENT
1011HG3068809-1931-1-1,MS1,INV-000239,SERVICE_PROCUREMENT
1011HG3068809-1783-6-1,MS1,INV-000239,SERVICE_PROCUREMENT
1011HG3068809-1169-1-1,MS1,INV-000239,SERVICE_PROCUREMENT
1011HG3068810-234-2-1,MS1,INV-000239,SERVICE_PROCUREMENT
1011HG3167912-171-1-1,MS1,INV-000239,SERVICE_PROCUREMENT
1011HG3068809-1980-1-1,MS1,INV-000239,SERVICE_PROCUREMENT
1011HG3167911-97-1-1,MS1,INV-000239,SERVICE_PROCUREMENT
1011HG3068810-664-2-1,MS1,INV-000239,SERVICE_PROCUREMENT
1011HG3068810-662-3-1,MS1,INV-000239,SERVICE_PROCUREMENT
1011HG3068810-643-1-1,MS1,INV-000239,SERVICE_PROCUREMENT
1011HG3068810-669-1-1,MS1,INV-000239,SERVICE_PROCUREMENT
1011HG3068809-1371-1-1,MS1,INV-000239,SERVICE_PROCUREMENT
1011HG3068810-687-1-1,MS1,INV-000239,SERVICE_PROCUREMENT
1011HG3068809-2085-1-1,MS1,INV-000239,SERVICE_PROCUREMENT
1011HG3068809-2071-1-1,MS1,INV-000239,SERVICE_PROCUREMENT
1011HG3068809-2068-1-1,MS1,INV-000239,SERVICE_PROCUREMENT
1011HG3068809-1428-1-1,MS1,INV-000239,SERVICE_PROCUREMENT
1011HG3068809-1427-1-1,MS1,INV-000239,SERVICE_PROCUREMENT
1011HG3068809-1978-3-1,MS1,INV-000239,SERVICE_PROCUREMENT
1011HG3068809-1147-1-1,MS1,INV-000239,SERVICE_PROCUREMENT
1011HG3068809-1749-1-1,MS1,INV-000239,SERVICE_PROCUREMENT
1011HG3068810-209-1-1,MS1,INV-000239,SERVICE_PROCUREMENT
1011HG3068810-209-2-1,MS1,INV-000239,SERVICE_PROCUREMENT
1011HG3068810-692-1-1,MS1,INV-000239,SERVICE_PROCUREMENT
1011HG3068809-1917-1-1,MS1,INV-000239,SERVICE_PROCUREMENT
1011HG3068810-633-1-1,MS1,INV-000239,SERVICE_PROCUREMENT
1011HG3068810-235-2-1,MS1,INV-000239,SERVICE_PROCUREMENT
1011HG3068809-1878-1-1,MS1,INV-000239,SERVICE_PROCUREMENT
1011HG3068809-1935-1-1,MS1,INV-000239,SERVICE_PROCUREMENT
1011HG3068809-1880-1-1,MS1,INV-000239,SERVICE_PROCUREMENT
1011HG3167911-91-1-1,MS1,INV-000239,SERVICE_PROCUREMENT
1011HG3068809-1974-1-1,MS1,INV-000239,SERVICE_PROCUREMENT
1011HG3068810-661-3-1,MS1,INV-000239,SERVICE_PROCUREMENT
1011HG3068810-662-2-1,MS1,INV-000239,SERVICE_PROCUREMENT
1011HG3068810-645-1-1,MS1,INV-000239,SERVICE_PROCUREMENT
1011HG3068810-650-1-1,MS1,INV-000239,SERVICE_PROCUREMENT
1011HG3167912-173-1-1,MS1,INV-000239,SERVICE_PROCUREMENT
1011HG3167912-169-1-1,MS1,INV-000239,SERVICE_PROCUREMENT
1011HG3068810-642-1-1,MS1,INV-000239,SERVICE_PROCUREMENT
1011HG3068809-1710-1-1,MS1,INV-000239,SERVICE_PROCUREMENT
1011HG3068809-1969-2-1,MS1,INV-000239,SERVICE_PROCUREMENT
1011HG3068809-1969-3-1,MS1,INV-000239,SERVICE_PROCUREMENT
1011HG3068809-2083-1-1,MS1,INV-000239,SERVICE_PROCUREMENT
1011HG3068809-1669-1-1,MS1,INV-000239,SERVICE_PROCUREMENT
1011HG3068809-1033-2-1,MS1,INV-000239,SERVICE_PROCUREMENT
1011HG3068809-1976-1-1,MS1,INV-000239,SERVICE_PROCUREMENT
1011HG3068809-1976-4-1,MS1,INV-000239,SERVICE_PROCUREMENT
1011HG3068809-1766-2-1,MS1,INV-000239,SERVICE_PROCUREMENT
1011HG3068809-503-2-1,MS1,INV-000239,SERVICE_PROCUREMENT
1011HG3068809-1782-3-1,MS1,INV-000239,SERVICE_PROCUREMENT
1011HG3068809-2051-1-1,MS1,INV-000239,SERVICE_PROCUREMENT
1011HG3068810-693-1-1,MS1,INV-000239,SERVICE_PROCUREMENT
1011HG3068810-631-6-1,MS1,INV-000239,SERVICE_PROCUREMENT
1011HG3068809-1779-3-1,MS1,INV-000239,SERVICE_PROCUREMENT
1011HG3068810-631-4-1,MS1,INV-000239,SERVICE_PROCUREMENT
1011HG3068810-701-1-1,MS1,INV-000239,SERVICE_PROCUREMENT
1011HG3068809-1820-1-1,MS1,INV-000239,SERVICE_PROCUREMENT
1011HG3068810-698-1-1,MS1,INV-000239,SERVICE_PROCUREMENT
1011HG3068809-1818-1-1,MS1,INV-000239,SERVICE_PROCUREMENT
1011HG3068809-1781-1-1,MS1,INV-000239,SERVICE_PROCUREMENT
1011HG3068809-1932-1-1,MS1,INV-000239,SERVICE_PROCUREMENT
1011HG3068809-1787-3-1,MS1,INV-000239,SERVICE_PROCUREMENT
1011HG3068809-1437-1-1,MS1,INV-000239,SERVICE_PROCUREMENT
1011HG3068809-1568-1-1,MS1,INV-000239,SERVICE_PROCUREMENT
1011HG3068809-1935-3-1,MS1,INV-000239,SERVICE_PROCUREMENT
1011HG3068809-1879-1-1,MS1,INV-000239,SERVICE_PROCUREMENT
1011HG3068809-1979-1-1,MS1,INV-000239,SERVICE_PROCUREMENT
1011HG3068810-668-1-1,MS1,INV-000239,SERVICE_PROCUREMENT
1011HG3068810-669-2-1,MS1,INV-000239,SERVICE_PROCUREMENT
1011HG3068810-651-1-1,MS1,INV-000239,SERVICE_PROCUREMENT
1011HG3167912-174-1-1,MS1,INV-000239,SERVICE_PROCUREMENT
1011HG3068810-649-1-1,MS1,INV-000239,SERVICE_PROCUREMENT
1011HG3068810-671-1-1,MS1,INV-000239,SERVICE_PROCUREMENT
1011HG3068809-1816-4-1,MS1,INV-000239,SERVICE_PROCUREMENT
1011HG3068809-1816-1-1,MS1,INV-000239,SERVICE_PROCUREMENT
1011HG3068809-1816-2-1,MS1,INV-000239,SERVICE_PROCUREMENT
1011HG3068809-2047-1-1,MS1,INV-000239,SERVICE_PROCUREMENT
1011HG3068809-2070-1-1,MS1,INV-000239,SERVICE_PROCUREMENT
1011HG3068809-2084-1-1,MS1,INV-000239,SERVICE_PROCUREMENT
1011HG3068809-1669-2-1,MS1,INV-000239,SERVICE_PROCUREMENT
1011HG3068810-483-2-1,MS1,INV-000239,SERVICE_PROCUREMENT
1011HG3068810-380-2-1,MS1,INV-000239,SERVICE_PROCUREMENT
1011HG3068809-1998-1-1,MS1,INV-000239,SERVICE_PROCUREMENT
1011HG3068809-1765-2-1,MS1,INV-000239,SERVICE_PROCUREMENT
1011HG3068809-1999-1-1,MS1,INV-000239,SERVICE_PROCUREMENT
1011HG3068809-1978-1-1,MS1,INV-000239,SERVICE_PROCUREMENT
1011HG3068809-1766-3-1,MS1,INV-000239,SERVICE_PROCUREMENT
1011HG3068809-1918-1-1,MS1,INV-000239,SERVICE_PROCUREMENT
1011HG3068809-2054-1-1,MS1,INV-000239,SERVICE_PROCUREMENT
1011HG3068810-699-1-1,MS1,INV-000239,SERVICE_PROCUREMENT
1011HG3068809-1779-1-1,MS1,INV-000239,SERVICE_PROCUREMENT
1011HG3068810-630-1-1,MS1,INV-000239,SERVICE_PROCUREMENT
1011HG3068810-684-1-1,MS1,INV-000239,SERVICE_PROCUREMENT
1011HG3068809-1545-1-1,MS1,INV-000239,SERVICE_PROCUREMENT
1011HG3068809-1542-6-1,MS1,INV-000239,SERVICE_PROCUREMENT
1011HG3068809-1656-2-1,MS1,INV-000239,SERVICE_PROCUREMENT
1011HG3068810-657-1-1,MS1,INV-000239,SERVICE_PROCUREMENT
1011HG3068810-633-3-1,MS1,INV-000239,SERVICE_PROCUREMENT
1011HG3068810-482-2-1,MS1,INV-000239,SERVICE_PROCUREMENT
1011HG3068809-1781-2-1,MS1,INV-000239,SERVICE_PROCUREMENT
1011HG3068809-1783-4-1,MS1,INV-000239,SERVICE_PROCUREMENT
1011HG3068810-578-1-1,MS1,INV-000239,SERVICE_PROCUREMENT
1011HG3068809-1599-1-1,MS1,INV-000240,SERVICE_PROCUREMENT
1011HG3068809-1599-3-1,MS1,INV-000240,SERVICE_PROCUREMENT
1011HG3068809-1695-1-1,MS1,INV-000240,SERVICE_PROCUREMENT
1011HG3068809-1699-2-1,MS1,INV-000240,SERVICE_PROCUREMENT
1011HG3068809-1702-1-1,MS1,INV-000240,SERVICE_PROCUREMENT
1011HG3167912-52-1-1,MS2,INV-000240,SERVICE_PROCUREMENT
1011HG3068809-1697-1-1,MS1,INV-000240,SERVICE_PROCUREMENT
1011HG3068809-1698-2-1,MS1,INV-000240,SERVICE_PROCUREMENT
1011HG3068810-598-1-1,MS1,INV-000240,SERVICE_PROCUREMENT
1011HG3068809-1702-3-1,MS1,INV-000240,SERVICE_PROCUREMENT
1011HG3167912-51-1-1,MS1,INV-000240,SERVICE_PROCUREMENT
1011HG3068809-1599-4-1,MS1,INV-000240,SERVICE_PROCUREMENT
1011HG3068809-1599-2-1,MS1,INV-000240,SERVICE_PROCUREMENT
1011HG3068809-1700-2-1,MS1,INV-000240,SERVICE_PROCUREMENT
1011HG3068809-1700-4-1,MS1,INV-000240,SERVICE_PROCUREMENT
1011HG3068809-1696-2-1,MS1,INV-000240,SERVICE_PROCUREMENT
1011HG3068809-24-3-1,MS1,INV-000241,SERVICE_PROCUREMENT
1011HG3068809-23-3-1,MS1,INV-000241,SERVICE_PROCUREMENT
1011HG3167911-110-3-1,MS1,INV-000241,SERVICE_PROCUREMENT
1011HG3167911-113-2-1,MS1,INV-000241,SERVICE_PROCUREMENT
1011HG3167911-112-2-1,MS1,INV-000241,SERVICE_PROCUREMENT
1011HG3068809-29-3-1,MS1,INV-000241,SERVICE_PROCUREMENT
1011HG3167911-111-2-1,MS1,INV-000241,SERVICE_PROCUREMENT
1011HG3167911-111-3-1,MS1,INV-000241,SERVICE_PROCUREMENT
1011HG3167911-110-2-1,MS1,INV-000241,SERVICE_PROCUREMENT
1011HG3068809-2025-2-1,MS1,INV-000242,SERVICE_PROCUREMENT
1011HG3068809-1277-1-1,MS1,INV-000242,SERVICE_PROCUREMENT
1011HG3068809-2093-1-1,MS1,INV-000242,SERVICE_PROCUREMENT
1011HG3068809-2028-2-1,MS1,INV-000242,SERVICE_PROCUREMENT
1011HG3068809-2092-1-1,MS1,INV-000242,SERVICE_PROCUREMENT
1011HG3068809-816-1-1,MS1,INV-000242,SERVICE_PROCUREMENT
1011HG3068809-1593-2-1,MS1,INV-000242,SERVICE_PROCUREMENT
1011HG3068809-1276-1-1,MS1,INV-000242,SERVICE_PROCUREMENT
1011HG3068809-2090-1-1,MS1,INV-000242,SERVICE_PROCUREMENT
1011HG3068809-1722-2-1,MS1,INV-000242,SERVICE_PROCUREMENT
1011HG3068809-1829-1-1,MS1,INV-000242,SERVICE_PROCUREMENT
1011HG3068809-1279-2-1,MS1,INV-000242,SERVICE_PROCUREMENT
1011HG3068809-1275-3-1,MS1,INV-000242,SERVICE_PROCUREMENT
1011HG3068809-1278-1-1,MS1,INV-000242,SERVICE_PROCUREMENT
1011HG3068809-2091-1-1,MS1,INV-000242,SERVICE_PROCUREMENT
1011HG3068810-685-1-1,MS1,INV-000242,SERVICE_PROCUREMENT
1011HG3068810-705-1-1,MS1,INV-000242,SERVICE_PROCUREMENT
1011HG3068810-686-2-1,MS1,INV-000242,SERVICE_PROCUREMENT
1011HG3068810-706-1-1,MS1,INV-000242,SERVICE_PROCUREMENT
1011HG3068810-525-2-1,MS1,INV-000242,SERVICE_PROCUREMENT
1011HG3068809-2018-2-1,MS1,INV-000242,SERVICE_PROCUREMENT
1011HG3068809-2034-1-1,MS1,INV-000242,SERVICE_PROCUREMENT
1011HG3068809-1284-6-1,MS1,INV-000242,SERVICE_PROCUREMENT
1011HG3068809-1284-3-1,MS1,INV-000242,SERVICE_PROCUREMENT
1011HG3167911-80-1-1,MS1,INV-000243,SERVICE_PROCUREMENT
1011HG3167911-119-1-1,MS1,INV-000243,SERVICE_PROCUREMENT
1011HG3167911-94-1-1,MS2,INV-000243,SERVICE_PROCUREMENT
1011HG3167911-77-3-1,MS1,INV-000243,SERVICE_PROCUREMENT
1011HG3167912-193-1-1,MS1,INV-000243,SERVICE_PROCUREMENT
1011HG3167911-106-2-1,MS1,INV-000243,SERVICE_PROCUREMENT
1011HG3167911-71-3-1,MS1,INV-000243,SERVICE_PROCUREMENT
1011HG3068810-607-2-1,MS1,INV-000243,SERVICE_PROCUREMENT
1011HG3068810-600-2-1,MS1,INV-000243,SERVICE_PROCUREMENT
1011HG3068810-609-1-1,MS1,INV-000243,SERVICE_PROCUREMENT
1011HG3068810-610-2-1,MS1,INV-000243,SERVICE_PROCUREMENT
1011HG3068810-601-2-1,MS1,INV-000243,SERVICE_PROCUREMENT
1011HG3167911-77-5-1,MS1,INV-000243,SERVICE_PROCUREMENT
1011HG3167911-119-2-1,MS1,INV-000243,SERVICE_PROCUREMENT
1011HG3167911-117-2-1,MS1,INV-000243,SERVICE_PROCUREMENT
1011HG3167911-69-2-1,MS1,INV-000243,SERVICE_PROCUREMENT
1011HG3167911-77-4-1,MS1,INV-000243,SERVICE_PROCUREMENT
1011HG3167911-77-6-1,MS1,INV-000243,SERVICE_PROCUREMENT
1011HG3167911-74-1-1,MS1,INV-000243,SERVICE_PROCUREMENT
1011HG3167911-71-2-1,MS1,INV-000243,SERVICE_PROCUREMENT
1011HG3167911-75-1-1,MS1,INV-000243,SERVICE_PROCUREMENT
1011HG3167911-69-1-1,MS1,INV-000243,SERVICE_PROCUREMENT
1011HG3167911-106-1-1,MS1,INV-000243,SERVICE_PROCUREMENT
1011HG3167911-71-1-1,MS1,INV-000243,SERVICE_PROCUREMENT
1011HG3068809-685-1-1,MS1,INV-000243,SERVICE_PROCUREMENT
1011HG3167911-95-1-1,MS1,INV-000244,SERVICE_PROCUREMENT
1011HG3167911-65-1-1,MS1,INV-000244,SERVICE_PROCUREMENT
1011HG3167911-79-1-1,MS1,INV-000244,SERVICE_PROCUREMENT
1011HG3167911-81-2-1,MS1,INV-000244,SERVICE_PROCUREMENT
1011HG3167911-88-1-1,MS1,INV-000244,SERVICE_PROCUREMENT
1011HG3068809-1755-1-1,MS1,INV-000244,SERVICE_PROCUREMENT
1011HG3068809-1764-1-1,MS1,INV-000244,SERVICE_PROCUREMENT
1011HG3068809-1645-5-1,MS1,INV-000244,SERVICE_PROCUREMENT
1011HG3068809-1752-1-1,MS1,INV-000244,SERVICE_PROCUREMENT
1011HG3167911-65-5-1,MS1,INV-000244,SERVICE_PROCUREMENT
1011HG3167911-107-2-1,MS1,INV-000244,SERVICE_PROCUREMENT
1011HG3167911-104-1-1,MS1,INV-000244,SERVICE_PROCUREMENT
1011HG3167911-72-1-1,MS1,INV-000244,SERVICE_PROCUREMENT
1011HG3068809-1764-2-1,MS1,INV-000244,SERVICE_PROCUREMENT
1011HG3068809-1645-6-1,MS1,INV-000244,SERVICE_PROCUREMENT
1011HG3068809-1705-3-1,MS1,INV-000244,SERVICE_PROCUREMENT
1011HG3068809-1705-4-1,MS1,INV-000244,SERVICE_PROCUREMENT
1011HG3167911-65-2-1,MS1,INV-000244,SERVICE_PROCUREMENT
1011HG3167911-102-1-1,MS1,INV-000244,SERVICE_PROCUREMENT
1011HG3167911-108-1-1,MS1,INV-000244,SERVICE_PROCUREMENT
1011HG3167911-103-2-1,MS1,INV-000244,SERVICE_PROCUREMENT
1011HG3167911-107-1-1,MS1,INV-000244,SERVICE_PROCUREMENT
1011HG3167911-103-1-1,MS1,INV-000244,SERVICE_PROCUREMENT
1011HG3167911-72-2-1,MS1,INV-000244,SERVICE_PROCUREMENT
1011HG3167911-123-1-1,MS1,INV-000244,SERVICE_PROCUREMENT
1011HG3167911-88-3-1,MS1,INV-000244,SERVICE_PROCUREMENT
1011HG3068809-1778-1-1,MS1,INV-000244,SERVICE_PROCUREMENT
1011HG3068809-1959-1-1,MS1,INV-000244,SERVICE_PROCUREMENT
1011HG3068809-1645-1-1,MS1,INV-000244,SERVICE_PROCUREMENT
1011HG3068809-1763-1-1,MS1,INV-000244,SERVICE_PROCUREMENT
1011HG3068809-1752-2-1,MS1,INV-000244,SERVICE_PROCUREMENT
1011HG3167911-65-3-1,MS1,INV-000244,SERVICE_PROCUREMENT
1011HG3167911-65-4-1,MS1,INV-000244,SERVICE_PROCUREMENT
1011HG3167911-76-1-1,MS1,INV-000244,SERVICE_PROCUREMENT
1011HG3167911-88-2-1,MS1,INV-000244,SERVICE_PROCUREMENT
1011HG3167911-123-2-1,MS1,INV-000244,SERVICE_PROCUREMENT
1011HG3068809-1901-1-1,MS1,INV-000244,SERVICE_PROCUREMENT
1011HG3068809-1645-2-1,MS1,INV-000244,SERVICE_PROCUREMENT
1011HG3068809-1959-2-1,MS1,INV-000244,SERVICE_PROCUREMENT
1011HG3068809-1753-1-1,MS1,INV-000244,SERVICE_PROCUREMENT
1011HG3068809-1705-1-1,MS1,INV-000244,SERVICE_PROCUREMENT
1011HG3068809-1705-2-1,MS1,INV-000244,SERVICE_PROCUREMENT
1011HG3068810-429-1-1,MS1,INV-000245,SERVICE_PROCUREMENT
1011HG3068809-1746-1-1,MS1,INV-000245,SERVICE_PROCUREMENT
1011HG3068809-1619-1-1,MS1,INV-000245,SERVICE_PROCUREMENT
1011HG3068809-1922-2-1,MS1,INV-000245,SERVICE_PROCUREMENT
1011HG3068809-1914-2-1,MS1,INV-000245,SERVICE_PROCUREMENT
1011HG3068809-1929-1-1,MS1,INV-000245,SERVICE_PROCUREMENT
1011HG3068809-1780-3-1,MS1,INV-000245,SERVICE_PROCUREMENT
1011HG3068809-1930-1-1,MS1,INV-000245,SERVICE_PROCUREMENT
1011HG3068810-420-1-1,MS1,INV-000245,SERVICE_PROCUREMENT
1011HG3068809-1544-2-1,MS1,INV-000245,SERVICE_PROCUREMENT
1011HG3068809-1922-1-1,MS1,INV-000245,SERVICE_PROCUREMENT
1011HG3068809-1616-1-1,MS1,INV-000245,SERVICE_PROCUREMENT
1011HG3068809-1747-1-1,MS1,INV-000245,SERVICE_PROCUREMENT
1011HG3068809-1780-2-1,MS1,INV-000245,SERVICE_PROCUREMENT
1011HG3068809-1664-3-1,MS1,INV-000245,SERVICE_PROCUREMENT
1011HG3068809-1664-1-1,MS1,INV-000245,SERVICE_PROCUREMENT
1011HG3068809-1518-4-1,MS1,INV-000245,SERVICE_PROCUREMENT
1011HG3068809-1914-1-1,MS1,INV-000245,SERVICE_PROCUREMENT
1011HG3068809-2079-1-1,MS1,INV-000245,SERVICE_PROCUREMENT
1011HG3068810-696-1-1,MS1,INV-000245,SERVICE_PROCUREMENT
1011HG3068809-1543-2-1,MS1,INV-000245,SERVICE_PROCUREMENT
1011HG3068809-1085-1-1,MS1,INV-000245,SERVICE_PROCUREMENT
1011HG3068809-2080-1-1,MS1,INV-000245,SERVICE_PROCUREMENT
1011HG3068809-1541-3-1,MS1,INV-000245,SERVICE_PROCUREMENT
1011HG3068809-2087-1-1,MS1,INV-000245,SERVICE_PROCUREMENT
1011HG3068809-2081-1-1,MS1,INV-000245,SERVICE_PROCUREMENT
1011HG3068810-421-1-1,MS1,INV-000245,SERVICE_PROCUREMENT
1011HG3068810-680-1-1,MS1,INV-000245,SERVICE_PROCUREMENT
1011HG3068809-1368-1-1,MS1,INV-000246,SERVICE_PROCUREMENT
1011HG3167912-157-1-1,MS1,INV-000246,SERVICE_PROCUREMENT
1011HG3167911-121-2-1,MS1,INV-000246,SERVICE_PROCUREMENT
1011HG3167911-87-3-1,MS1,INV-000246,SERVICE_PROCUREMENT
1011HG3167912-204-2-1,MS1,INV-000246,SERVICE_PROCUREMENT
1011HG3167912-200-1-1,MS1,INV-000246,SERVICE_PROCUREMENT
1011HG3167911-122-2-1,MS1,INV-000246,SERVICE_PROCUREMENT
1011HG3167911-73-1-1,MS1,INV-000246,SERVICE_PROCUREMENT
1011HG3068809-2089-1-1,MS1,INV-000246,SERVICE_PROCUREMENT
1011HG3068809-1723-2-1,MS1,INV-000246,SERVICE_PROCUREMENT
1011HG3167912-155-3-1,MS1,INV-000246,SERVICE_PROCUREMENT
1011HG3167912-155-5-1,MS1,INV-000246,SERVICE_PROCUREMENT
1011HG3167912-161-1-1,MS1,INV-000246,SERVICE_PROCUREMENT
1011HG3068810-582-1-1,MS1,INV-000246,SERVICE_PROCUREMENT
1011HG3167912-196-2-1,MS1,INV-000246,SERVICE_PROCUREMENT
1011HG3167912-159-1-1,MS1,INV-000246,SERVICE_PROCUREMENT
1011HG3167912-166-1-1,MS1,INV-000246,SERVICE_PROCUREMENT
1011HG3167912-195-1-1,MS1,INV-000246,SERVICE_PROCUREMENT
1011HG3167912-159-2-1,MS1,INV-000246,SERVICE_PROCUREMENT
1011HG3167911-87-2-1,MS1,INV-000246,SERVICE_PROCUREMENT
1011HG3167911-121-3-1,MS1,INV-000246,SERVICE_PROCUREMENT
1011HG3167911-121-1-1,MS1,INV-000246,SERVICE_PROCUREMENT
1011HG3167911-55-1-1,MS1,INV-000246,SERVICE_PROCUREMENT
1011HG3167911-85-2-1,MS1,INV-000246,SERVICE_PROCUREMENT
1011HG3167911-128-1-1,MS1,INV-000246,SERVICE_PROCUREMENT
1011HG3167911-105-1-1,MS1,INV-000246,SERVICE_PROCUREMENT
1011HG3167912-162-1-1,MS1,INV-000246,SERVICE_PROCUREMENT
1011HG3068809-1492-1-1,MS1,INV-000246,SERVICE_PROCUREMENT
1011HG3068809-1367-1-1,MS1,INV-000246,SERVICE_PROCUREMENT
1011HG3167912-155-2-1,MS1,INV-000246,SERVICE_PROCUREMENT
1011HG3167912-166-2-1,MS1,INV-000246,SERVICE_PROCUREMENT
1011HG3167912-196-1-1,MS1,INV-000246,SERVICE_PROCUREMENT
1011HG3167912-196-3-1,MS1,INV-000246,SERVICE_PROCUREMENT
1011HG3167912-180-1-1,MS1,INV-000246,SERVICE_PROCUREMENT
1011HG3167912-180-3-1,MS1,INV-000246,SERVICE_PROCUREMENT
1011HG3167911-87-1-1,MS1,INV-000246,SERVICE_PROCUREMENT
1011HG3167911-85-1-1,MS1,INV-000246,SERVICE_PROCUREMENT
1011HG3167911-128-2-1,MS1,INV-000246,SERVICE_PROCUREMENT
1011HG3167912-200-3-1,MS1,INV-000246,SERVICE_PROCUREMENT
1011HG3167911-89-2-1,MS1,INV-000246,SERVICE_PROCUREMENT
1011HG3167912-162-3-1,MS1,INV-000246,SERVICE_PROCUREMENT
1011HG3167911-73-3-1,MS1,INV-000246,SERVICE_PROCUREMENT
1011HG3167912-179-2-1,MS1,INV-000246,SERVICE_PROCUREMENT
1011HG3167912-179-1-1,MS1,INV-000246,SERVICE_PROCUREMENT
1011HG3167911-105-2-1,MS1,INV-000246,SERVICE_PROCUREMENT
1011HG3068809-1808-1-1,MS1,INV-000246,SERVICE_PROCUREMENT
1011HG3167912-155-1-1,MS1,INV-000246,SERVICE_PROCUREMENT
1011HG3167912-160-1-1,MS1,INV-000246,SERVICE_PROCUREMENT
1011HG3167912-155-4-1,MS1,INV-000246,SERVICE_PROCUREMENT
1011HG3167912-120-1-1,MS1,INV-000246,SERVICE_PROCUREMENT
1011HG3167912-194-1-1,MS1,INV-000246,SERVICE_PROCUREMENT
1011HG3167912-167-1-1,MS1,INV-000246,SERVICE_PROCUREMENT
1011HG3167912-159-3-1,MS1,INV-000246,SERVICE_PROCUREMENT
1011HG3167912-180-2-1,MS1,INV-000246,SERVICE_PROCUREMENT
1011HG3167911-120-1-1,MS1,INV-000246,SERVICE_PROCUREMENT
1011HG3167911-124-3-1,MS1,INV-000246,SERVICE_PROCUREMENT
1011HG3167911-122-1-1,MS1,INV-000246,SERVICE_PROCUREMENT
1011HG3167912-179-3-1,MS1,INV-000246,SERVICE_PROCUREMENT
1011HG3167912-162-2-1,MS1,INV-000246,SERVICE_PROCUREMENT
1011HG3167911-73-2-1,MS1,INV-000246,SERVICE_PROCUREMENT
1011HG3068810-644-1-1,MS1,INV-000247,SERVICE_PROCUREMENT
1011HG3068809-1909-2-1,MS1,INV-000247,SERVICE_PROCUREMENT
1011HG3068809-1910-2-1,MS1,INV-000247,SERVICE_PROCUREMENT
1011HG3167912-183-2-1,MS1,INV-000247,SERVICE_PROCUREMENT
1011HG3167912-182-3-1,MS1,INV-000247,SERVICE_PROCUREMENT
1011HG3167912-183-5-1,MS1,INV-000247,SERVICE_PROCUREMENT
1011HG3068809-1704-2-1,MS1,INV-000247,SERVICE_PROCUREMENT
1011HG3068810-711-2-1,MS1,INV-000247,SERVICE_PROCUREMENT
1011HG3068810-712-1-1,MS1,INV-000247,SERVICE_PROCUREMENT
1011HG3068809-2113-3-1,MS1,INV-000247,SERVICE_PROCUREMENT
1011HG3068809-2027-2-1,MS1,INV-000247,SERVICE_PROCUREMENT
1011HG3068809-2112-2-1,MS1,INV-000247,SERVICE_PROCUREMENT
1011HG3068809-2023-4-1,MS1,INV-000247,SERVICE_PROCUREMENT
1011HG3068809-2107-1-1,MS1,INV-000247,SERVICE_PROCUREMENT
1011HG3068809-2022-1-1,MS1,INV-000247,SERVICE_PROCUREMENT
1011HG3068809-2020-2-1,MS1,INV-000247,SERVICE_PROCUREMENT
1011HG3068809-2016-2-1,MS1,INV-000247,SERVICE_PROCUREMENT
1011HG3068809-1733-1-1,MS1,INV-000247,SERVICE_PROCUREMENT
1011HG3068810-663-3-1,MS1,INV-000247,SERVICE_PROCUREMENT
1011HG3167912-182-1-1,MS1,INV-000247,SERVICE_PROCUREMENT
1011HG3167912-183-4-1,MS1,INV-000247,SERVICE_PROCUREMENT
1011HG3068809-1704-3-1,MS1,INV-000247,SERVICE_PROCUREMENT
1011HG3068809-1182-1-1,MS1,INV-000247,SERVICE_PROCUREMENT
1011HG3068809-2032-1-1,MS1,INV-000247,SERVICE_PROCUREMENT
1011HG3068809-2113-4-1,MS1,INV-000247,SERVICE_PROCUREMENT
1011HG3068809-2030-1-1,MS1,INV-000247,SERVICE_PROCUREMENT
1011HG3068809-2033-2-1,MS1,INV-000247,SERVICE_PROCUREMENT
1011HG3068809-2113-1-1,MS1,INV-000247,SERVICE_PROCUREMENT
1011HG3068809-2112-5-1,MS1,INV-000247,SERVICE_PROCUREMENT
1011HG3167912-187-1-1,MS1,INV-000247,SERVICE_PROCUREMENT
1011HG3167912-188-1-1,MS1,INV-000247,SERVICE_PROCUREMENT
1011HG3167912-183-3-1,MS1,INV-000247,SERVICE_PROCUREMENT
1011HG3068810-665-3-1,MS1,INV-000247,SERVICE_PROCUREMENT
1011HG3068809-2004-1-1,MS1,INV-000247,SERVICE_PROCUREMENT
1011HG3068809-2113-5-1,MS1,INV-000247,SERVICE_PROCUREMENT
1011HG3068809-2019-1-1,MS1,INV-000247,SERVICE_PROCUREMENT
1011HG3068809-2107-2-1,MS1,INV-000247,SERVICE_PROCUREMENT
1011HG3068809-2116-1-1,MS1,INV-000247,SERVICE_PROCUREMENT
1011HG3068809-2021-3-1,MS1,INV-000247,SERVICE_PROCUREMENT
1011HG3068809-2021-2-1,MS1,INV-000247,SERVICE_PROCUREMENT
1011HG3068809-2024-2-1,MS1,INV-000247,SERVICE_PROCUREMENT
1011HG3068809-2116-4-1,MS1,INV-000247,SERVICE_PROCUREMENT
1011HG3068809-2017-1-1,MS1,INV-000247,SERVICE_PROCUREMENT
1011HG3167912-182-2-1,MS1,INV-000247,SERVICE_PROCUREMENT
1011HG3167912-183-1-1,MS1,INV-000247,SERVICE_PROCUREMENT
1011HG3068809-1910-5-1,MS1,INV-000247,SERVICE_PROCUREMENT
1011HG3068810-672-1-1,MS1,INV-000247,SERVICE_PROCUREMENT
1011HG3068809-2026-2-1,MS1,INV-000247,SERVICE_PROCUREMENT
1011HG3068809-2112-3-1,MS1,INV-000247,SERVICE_PROCUREMENT
1011HG3068809-2023-2-1,MS1,INV-000247,SERVICE_PROCUREMENT
1011HG3068809-2112-1-1,MS1,INV-000247,SERVICE_PROCUREMENT
1011HG3068809-2112-8-1,MS1,INV-000247,SERVICE_PROCUREMENT
1011HG3068809-2030-2-1,MS1,INV-000247,SERVICE_PROCUREMENT
1011HG3068809-2116-5-1,MS1,INV-000247,SERVICE_PROCUREMENT
1011HG3068809-2116-2-1,MS1,INV-000247,SERVICE_PROCUREMENT
1011HG3068809-2031-2-1,MS1,INV-000247,SERVICE_PROCUREMENT
1011HG3068809-2022-4-1,MS1,INV-000247,SERVICE_PROCUREMENT
1011HG3068809-2020-1-1,MS1,INV-000247,SERVICE_PROCUREMENT
1011HG3068809-1954-1-1,MS1,INV-000248,SERVICE_PROCUREMENT
1011HG3068809-1882-1-1,MS1,INV-000248,SERVICE_PROCUREMENT
1011HG3068810-723-1-1,MS1,INV-000248,SERVICE_PROCUREMENT
1011HG3068809-2036-3-1,MS1,INV-000248,SERVICE_PROCUREMENT
1011HG3068809-2012-1-1,MS1,INV-000248,SERVICE_PROCUREMENT
1011HG3068809-2011-3-1,MS1,INV-000248,SERVICE_PROCUREMENT
1011HG3068809-1771-1-1,MS1,INV-000248,SERVICE_PROCUREMENT
1011HG3068809-1754-1-1,MS1,INV-000248,SERVICE_PROCUREMENT
1011HG3068810-745-1-1,MS1,INV-000248,SERVICE_PROCUREMENT
1011HG3068810-723-3-1,MS1,INV-000248,SERVICE_PROCUREMENT
1011HG3068809-2003-1-1,MS1,INV-000248,SERVICE_PROCUREMENT
1011HG3068809-1888-6-1,MS1,INV-000248,SERVICE_PROCUREMENT
1011HG3068809-1887-3-1,MS1,INV-000248,SERVICE_PROCUREMENT
1011HG3068809-1773-1-1,MS1,INV-000248,SERVICE_PROCUREMENT
1011HG3068809-1774-1-1,MS1,INV-000248,SERVICE_PROCUREMENT
1011HG3068809-2008-3-1,MS1,INV-000248,SERVICE_PROCUREMENT
1011HG3068809-2008-1-1,MS1,INV-000248,SERVICE_PROCUREMENT
1011HG3068809-2147-1-1,MS1,INV-000248,SERVICE_PROCUREMENT
1011HG3068809-1957-1-1,MS1,INV-000248,SERVICE_PROCUREMENT
1011HG3068809-1754-2-1,MS1,INV-000248,SERVICE_PROCUREMENT
1011HG3068809-1882-3-1,MS1,INV-000248,SERVICE_PROCUREMENT
1011HG3068809-1996-1-1,MS1,INV-000248,SERVICE_PROCUREMENT
1011HG3068809-2082-1-1,MS1,INV-000248,SERVICE_PROCUREMENT
1011HG3068809-2078-1-1,MS1,INV-000248,SERVICE_PROCUREMENT
1011HG3068809-2011-2-1,MS1,INV-000248,SERVICE_PROCUREMENT
1011HG3068809-2099-1-1,MS1,INV-000248,SERVICE_PROCUREMENT
1011HG3068809-2012-3-1,MS1,INV-000248,SERVICE_PROCUREMENT
1011HG3068809-2007-1-1,MS1,INV-000248,SERVICE_PROCUREMENT
1011HG3068809-2007-2-1,MS1,INV-000248,SERVICE_PROCUREMENT
1011HG3068809-1888-5-1,MS1,INV-000248,SERVICE_PROCUREMENT
1011HG3068809-1887-1-1,MS1,INV-000248,SERVICE_PROCUREMENT
1011HG3068809-1776-1-1,MS1,INV-000248,SERVICE_PROCUREMENT
1011HG3167911-27-1-1,MS2,INV-000249,SERVICE_PROCUREMENT
1011HG3167912-111-1-1,MS1,INV-000249,SERVICE_PROCUREMENT
1011HG3167912-112-1-1,MS2,INV-000249,SERVICE_PROCUREMENT
1011HG3167912-203-2-1,MS1,INV-000249,SERVICE_PROCUREMENT
1011HG3167912-199-2-1,MS1,INV-000249,SERVICE_PROCUREMENT
1011HG3068809-1963-1-1,MS1,INV-000249,SERVICE_PROCUREMENT
1011HG3068809-1663-1-1,MS1,INV-000249,SERVICE_PROCUREMENT
1011HG3068809-2045-2-1,MS1,INV-000249,SERVICE_PROCUREMENT
1011HG3068809-1326-4-1,MS1,INV-000249,SERVICE_PROCUREMENT
1011HG3068809-1326-2-1,MS1,INV-000249,SERVICE_PROCUREMENT
1011HG3068810-711-1-1,MS1,INV-000249,SERVICE_PROCUREMENT
1011HG3068810-755-1-1,MS1,INV-000249,SERVICE_PROCUREMENT
1011HG3068809-2114-5-1,MS1,INV-000249,SERVICE_PROCUREMENT
1011HG3167912-117-2-1,MS2,INV-000249,SERVICE_PROCUREMENT
1011HG3167912-112-2-1,MS2,INV-000249,SERVICE_PROCUREMENT
1011HG3167911-27-2-1,MS2,INV-000249,SERVICE_PROCUREMENT
1011HG3167912-203-1-1,MS1,INV-000249,SERVICE_PROCUREMENT
1011HG3167912-193-1-1,MS2,INV-000249,SERVICE_PROCUREMENT
1011HG3167912-199-1-1,MS1,INV-000249,SERVICE_PROCUREMENT
1011HG3068809-1966-1-1,MS1,INV-000249,SERVICE_PROCUREMENT
1011HG3068809-1193-1-1,MS1,INV-000249,SERVICE_PROCUREMENT
1011HG3068809-1670-1-1,MS1,INV-000249,SERVICE_PROCUREMENT
1011HG3068809-138-2-1,MS1,INV-000249,SERVICE_PROCUREMENT
1011HG3068809-2095-2-1,MS1,INV-000249,SERVICE_PROCUREMENT
1011HG3068810-710-2-1,MS1,INV-000249,SERVICE_PROCUREMENT
1011HG3167911-34-2-1,MS2,INV-000249,SERVICE_PROCUREMENT
1011HG3167911-93-1-1,MS1,INV-000249,SERVICE_PROCUREMENT
1011HG3068809-1326-5-1,MS1,INV-000249,SERVICE_PROCUREMENT
1011HG3068809-1326-3-1,MS1,INV-000249,SERVICE_PROCUREMENT
1011HG3068810-734-1-1,MS1,INV-000249,SERVICE_PROCUREMENT
1011HG3068809-2129-1-1,MS1,INV-000249,SERVICE_PROCUREMENT
1011HG3068810-713-1-1,MS1,INV-000249,SERVICE_PROCUREMENT
1011HG3068810-756-1-1,MS1,INV-000249,SERVICE_PROCUREMENT
1011HG3068810-735-4-1,MS1,INV-000249,SERVICE_PROCUREMENT
1011HG3167911-34-1-1,MS2,INV-000249,SERVICE_PROCUREMENT
1011HG3167911-28-1-1,MS1,INV-000249,SERVICE_PROCUREMENT
1011HG3167912-117-1-1,MS2,INV-000249,SERVICE_PROCUREMENT
1011HG3167912-199-3-1,MS1,INV-000249,SERVICE_PROCUREMENT
1011HG3068809-1183-4-1,MS1,INV-000249,SERVICE_PROCUREMENT
1011HG3068809-1181-1-1,MS1,INV-000249,SERVICE_PROCUREMENT
1011HG3068809-1671-1-1,MS1,INV-000249,SERVICE_PROCUREMENT
1011HG3068809-1670-2-1,MS1,INV-000249,SERVICE_PROCUREMENT
1011HG3068809-2128-1-1,MS1,INV-000249,SERVICE_PROCUREMENT
1011HG3068809-2094-1-1,MS1,INV-000249,SERVICE_PROCUREMENT
1011HG3068810-708-2-1,MS1,INV-000249,SERVICE_PROCUREMENT
1011HG3068810-714-1-1,MS1,INV-000249,SERVICE_PROCUREMENT
1011HG3068810-735-1-1,MS1,INV-000249,SERVICE_PROCUREMENT
1011HG3068809-2114-1-1,MS1,INV-000249,SERVICE_PROCUREMENT
1011HG3068810-735-2-1,MS1,INV-000249,SERVICE_PROCUREMENT
1011HG3068809-2146-1-1,MS1,INV-000250,SERVICE_PROCUREMENT
1011HG3167912-209-2-1,MS1,INV-000250,SERVICE_PROCUREMENT
1011HG3167912-209-3-1,MS1,INV-000250,SERVICE_PROCUREMENT
1011HG3167912-218-1-1,MS1,INV-000250,SERVICE_PROCUREMENT
1011HG3167912-186-1-1,MS1,INV-000250,SERVICE_PROCUREMENT
1011HG3068810-72-1-1,MS1,INV-000250,SERVICE_PROCUREMENT
1011HG3167912-209-1-1,MS1,INV-000250,SERVICE_PROCUREMENT
1011HG3167912-209-4-1,MS1,INV-000250,SERVICE_PROCUREMENT
1011HG3167912-189-1-1,MS1,INV-000250,SERVICE_PROCUREMENT
1011HG3068810-646-1-1,MS1,INV-000250,SERVICE_PROCUREMENT
1011HG3068809-2161-1-1,MS1,INV-000250,SERVICE_PROCUREMENT
1011HG3068809-2146-2-1,MS1,INV-000250,SERVICE_PROCUREMENT
1011HG3068809-2045-1-1,MS1,INV-000250,SERVICE_PROCUREMENT
1011HG3068809-1153-2-1,MS1,INV-000250,SERVICE_PROCUREMENT
1011HG3068810-674-1-1,MS1,INV-000250,SERVICE_PROCUREMENT
1011HG3167912-131-1-1,MS2,INV-000251,SERVICE_PROCUREMENT
1011HG3167912-131-2-1,MS2,INV-000251,SERVICE_PROCUREMENT
1011HG3167912-133-2-1,MS2,INV-000251,SERVICE_PROCUREMENT
1011HG3068809-2038-1-1,MS1,INV-000251,SERVICE_PROCUREMENT
1011HG3068810-781-1-1,MS1,INV-000251,SERVICE_PROCUREMENT
1011HG3068810-780-1-1,MS1,INV-000251,SERVICE_PROCUREMENT
1011HG3068810-776-1-1,MS1,INV-000251,SERVICE_PROCUREMENT
1011HG3068809-2001-1-1,MS1,INV-000251,SERVICE_PROCUREMENT
1011HG3068809-1915-1-1,MS1,INV-000251,SERVICE_PROCUREMENT
1011HG3068809-1892-2-1,MS1,INV-000251,SERVICE_PROCUREMENT
1011HG3068809-1889-3-1,MS1,INV-000251,SERVICE_PROCUREMENT
1011HG3068810-739-1-1,MS1,INV-000251,SERVICE_PROCUREMENT
1011HG3068810-718-2-1,MS1,INV-000251,SERVICE_PROCUREMENT
1011HG3068810-718-4-1,MS1,INV-000251,SERVICE_PROCUREMENT
1011HG3068810-715-2-1,MS1,INV-000251,SERVICE_PROCUREMENT
1011HG3068810-715-4-1,MS1,INV-000251,SERVICE_PROCUREMENT
1011HG3068810-720-3-1,MS1,INV-000251,SERVICE_PROCUREMENT
1011HG3068810-728-2-1,MS1,INV-000251,SERVICE_PROCUREMENT
1011HG3068810-750-1-1,MS1,INV-000251,SERVICE_PROCUREMENT
1011HG3068810-728-4-1,MS1,INV-000251,SERVICE_PROCUREMENT
1011HG3068810-732-3-1,MS1,INV-000251,SERVICE_PROCUREMENT
1011HG3068810-754-1-1,MS1,INV-000251,SERVICE_PROCUREMENT
1011HG3068810-724-3-1,MS1,INV-000251,SERVICE_PROCUREMENT
1011HG3068810-748-1-1,MS1,INV-000251,SERVICE_PROCUREMENT
1011HG3068810-681-1-1,MS1,INV-000251,SERVICE_PROCUREMENT
1011HG3068809-2144-1-1,MS1,INV-000251,SERVICE_PROCUREMENT
1011HG3068810-721-1-1,MS1,INV-000251,SERVICE_PROCUREMENT
1011HG3068809-1881-1-1,MS1,INV-000251,SERVICE_PROCUREMENT
1011HG3068809-2105-1-1,MS1,INV-000251,SERVICE_PROCUREMENT
1011HG3068810-725-4-1,MS1,INV-000251,SERVICE_PROCUREMENT
1011HG3068810-753-1-1,MS1,INV-000251,SERVICE_PROCUREMENT
1011HG3068810-730-3-1,MS1,INV-000251,SERVICE_PROCUREMENT
1011HG3167912-58-5-1,MS2,INV-000251,SERVICE_PROCUREMENT
1011HG3167912-122-4-1,MS1,INV-000251,SERVICE_PROCUREMENT
1011HG3167911-61-2-1,MS1,INV-000251,SERVICE_PROCUREMENT
1011HG3167912-135-1-1,MS1,INV-000251,SERVICE_PROCUREMENT
1011HG3167912-131-3-1,MS2,INV-000251,SERVICE_PROCUREMENT
1011HG3167912-133-3-1,MS2,INV-000251,SERVICE_PROCUREMENT
1011HG3068809-1613-1-1,MS1,INV-000251,SERVICE_PROCUREMENT
1011HG3068809-2039-3-1,MS1,INV-000251,SERVICE_PROCUREMENT
1011HG3068810-777-1-1,MS1,INV-000251,SERVICE_PROCUREMENT
1011HG3068810-778-1-1,MS1,INV-000251,SERVICE_PROCUREMENT
1011HG3068809-2162-1-1,MS1,INV-000251,SERVICE_PROCUREMENT
1011HG3068809-2000-1-1,MS1,INV-000251,SERVICE_PROCUREMENT
1011HG3068809-1915-2-1,MS1,INV-000251,SERVICE_PROCUREMENT
1011HG3068810-736-1-1,MS1,INV-000251,SERVICE_PROCUREMENT
1011HG3068809-1883-6-1,MS1,INV-000251,SERVICE_PROCUREMENT
1011HG3068809-1955-1-1,MS1,INV-000251,SERVICE_PROCUREMENT
1011HG3068810-716-2-1,MS1,INV-000251,SERVICE_PROCUREMENT
1011HG3068810-679-1-1,MS1,INV-000251,SERVICE_PROCUREMENT
1011HG3068809-2035-1-1,MS1,INV-000251,SERVICE_PROCUREMENT
1011HG3068810-742-1-1,MS1,INV-000251,SERVICE_PROCUREMENT
1011HG3068809-2156-1-1,MS1,INV-000251,SERVICE_PROCUREMENT
1011HG3068810-719-1-1,MS1,INV-000251,SERVICE_PROCUREMENT
1011HG3167912-57-2-1,MS1,INV-000251,SERVICE_PROCUREMENT
1011HG3167912-58-4-1,MS2,INV-000251,SERVICE_PROCUREMENT
1011HG3167912-238-1-1,MS1,INV-000251,SERVICE_PROCUREMENT
1011HG3167912-205-1-1,MS1,INV-000251,SERVICE_PROCUREMENT
1011HG3167911-61-3-1,MS1,INV-000251,SERVICE_PROCUREMENT
1011HG3167912-205-3-1,MS1,INV-000251,SERVICE_PROCUREMENT
1011HG3167912-133-4-1,MS2,INV-000251,SERVICE_PROCUREMENT
1011HG3167912-133-5-1,MS2,INV-000251,SERVICE_PROCUREMENT
1011HG3167912-133-1-1,MS2,INV-000251,SERVICE_PROCUREMENT
1011HG3068809-1916-1-1,MS1,INV-000251,SERVICE_PROCUREMENT
1011HG3068809-2043-2-1,MS1,INV-000251,SERVICE_PROCUREMENT
1011HG3068810-775-1-1,MS1,INV-000251,SERVICE_PROCUREMENT
1011HG3068809-2037-3-1,MS1,INV-000251,SERVICE_PROCUREMENT
1011HG3068809-1997-2-1,MS1,INV-000251,SERVICE_PROCUREMENT
1011HG3068809-1913-2-1,MS1,INV-000251,SERVICE_PROCUREMENT
1011HG3068809-1892-1-1,MS1,INV-000251,SERVICE_PROCUREMENT
1011HG3068809-1889-1-1,MS1,INV-000251,SERVICE_PROCUREMENT
1011HG3068809-1958-1-1,MS1,INV-000251,SERVICE_PROCUREMENT
1011HG3068810-737-1-1,MS1,INV-000251,SERVICE_PROCUREMENT
1011HG3068810-741-1-1,MS1,INV-000251,SERVICE_PROCUREMENT
1011HG3068810-720-1-1,MS1,INV-000251,SERVICE_PROCUREMENT
1011HG3068810-716-4-1,MS1,INV-000251,SERVICE_PROCUREMENT
1011HG3068809-1883-5-1,MS1,INV-000251,SERVICE_PROCUREMENT
1011HG3068810-724-1-1,MS1,INV-000251,SERVICE_PROCUREMENT
1011HG3068809-2155-1-1,MS1,INV-000251,SERVICE_PROCUREMENT
1011HG3068809-2040-2-1,MS1,INV-000251,SERVICE_PROCUREMENT
1011HG3068810-721-3-1,MS1,INV-000251,SERVICE_PROCUREMENT
1011HG3068809-2127-1-1,MS1,INV-000251,SERVICE_PROCUREMENT
1011HG3068810-725-2-1,MS1,INV-000251,SERVICE_PROCUREMENT
1011HG3068810-740-1-1,MS1,INV-000251,SERVICE_PROCUREMENT
1011HG3068810-752-1-1,MS1,INV-000251,SERVICE_PROCUREMENT
1011HG3068810-730-1-1,MS1,INV-000251,SERVICE_PROCUREMENT
1011HG3167912-58-3-1,MS2,INV-000251,SERVICE_PROCUREMENT
1011HG3167912-163-2-1,MS1,INV-000251,SERVICE_PROCUREMENT
1011HG3167912-163-1-1,MS1,INV-000251,SERVICE_PROCUREMENT
1011HG3167911-61-1-1,MS1,INV-000251,SERVICE_PROCUREMENT
1011HG3167912-134-1-1,MS2,INV-000251,SERVICE_PROCUREMENT
1011HG3167912-132-1-1,MS1,INV-000251,SERVICE_PROCUREMENT
1011HG3068809-1916-2-1,MS1,INV-000251,SERVICE_PROCUREMENT
1011HG3068809-2102-1-1,MS1,INV-000251,SERVICE_PROCUREMENT
1011HG3068809-2100-1-1,MS1,INV-000251,SERVICE_PROCUREMENT
1011HG3068809-2101-1-1,MS1,INV-000251,SERVICE_PROCUREMENT
1011HG3068810-779-1-1,MS1,INV-000251,SERVICE_PROCUREMENT
1011HG3068810-774-2-1,MS1,INV-000251,SERVICE_PROCUREMENT
1011HG3068809-2015-1-1,MS1,INV-000251,SERVICE_PROCUREMENT
1011HG3068809-1913-1-1,MS1,INV-000251,SERVICE_PROCUREMENT
1011HG3068810-732-1-1,MS1,INV-000251,SERVICE_PROCUREMENT
1011HG3068810-727-2-1,MS1,INV-000251,SERVICE_PROCUREMENT
1011HG3068810-746-1-1,MS1,INV-000251,SERVICE_PROCUREMENT
1011HG3068810-727-4-1,MS1,INV-000251,SERVICE_PROCUREMENT
1011HG3068810-679-2-1,MS1,INV-000251,SERVICE_PROCUREMENT
1011HG3068809-2041-2-1,MS1,INV-000251,SERVICE_PROCUREMENT
1011HG3068810-747-1-1,MS1,INV-000251,SERVICE_PROCUREMENT
1011HG3068809-1881-2-1,MS1,INV-000251,SERVICE_PROCUREMENT
1011HG3068810-731-2-1,MS1,INV-000251,SERVICE_PROCUREMENT
1011HG3068809-2105-3-1,MS1,INV-000251,SERVICE_PROCUREMENT
1011HG3068810-731-4-1,MS1,INV-000251,SERVICE_PROCUREMENT
1011HG3068810-719-3-1,MS1,INV-000251,SERVICE_PROCUREMENT
1011HG3167912-58-2-1,MS2,INV-000251,SERVICE_PROCUREMENT
1011HG3167912-58-1-1,MS2,INV-000251,SERVICE_PROCUREMENT
1011HG3167912-163-3-1,MS1,INV-000251,SERVICE_PROCUREMENT
1011HG3167912-205-2-1,MS1,INV-000251,SERVICE_PROCUREMENT
1011HG3068809-1652-1-1,MS1,INV-000252,SERVICE_PROCUREMENT
1011HG3068809-1786-3-1,MS1,INV-000252,SERVICE_PROCUREMENT
1011HG3068810-615-1-1,MS1,INV-000252,SERVICE_PROCUREMENT
1011HG3068809-2163-2-1,MS1,INV-000252,SERVICE_PROCUREMENT
1011HG3068809-2164-1-1,MS1,INV-000252,SERVICE_PROCUREMENT
1011HG3068809-2246-4-1,MS1,INV-000252,SERVICE_PROCUREMENT
1011HG3167911-131-1-1,MS1,INV-000252,SERVICE_PROCUREMENT
1011HG3068810-594-2-1,MS1,INV-000252,SERVICE_PROCUREMENT
1011HG3068810-594-4-1,MS1,INV-000252,SERVICE_PROCUREMENT
1011HG3068809-2246-1-1,MS1,INV-000252,SERVICE_PROCUREMENT
1011HG3167911-146-1-1,MS1,INV-000252,SERVICE_PROCUREMENT
1011HG3167911-132-1-1,MS1,INV-000252,SERVICE_PROCUREMENT
1011HG3167911-131-4-1,MS1,INV-000252,SERVICE_PROCUREMENT
1011HG3068809-2241-1-1,MS1,INV-000252,SERVICE_PROCUREMENT
1011HG3068809-2240-1-1,MS1,INV-000252,SERVICE_PROCUREMENT
1011HG3068809-1723-1-1,MS1,INV-000252,SERVICE_PROCUREMENT
1011HG3068809-2164-2-1,MS1,INV-000252,SERVICE_PROCUREMENT
1011HG3068809-2163-4-1,MS1,INV-000252,SERVICE_PROCUREMENT
1011HG3068809-2164-4-1,MS1,INV-000252,SERVICE_PROCUREMENT
1011HG3068809-2246-2-1,MS1,INV-000252,SERVICE_PROCUREMENT
1011HG3167911-131-5-1,MS1,INV-000252,SERVICE_PROCUREMENT
1011HG3167911-131-6-1,MS1,INV-000252,SERVICE_PROCUREMENT
1011HG3167911-131-3-1,MS1,INV-000252,SERVICE_PROCUREMENT
1011HG3068809-2242-1-1,MS1,INV-000252,SERVICE_PROCUREMENT
1011HG3068809-1653-2-1,MS1,INV-000252,SERVICE_PROCUREMENT
1011HG3068809-1784-2-1,MS1,INV-000252,SERVICE_PROCUREMENT
1011HG3068809-1721-1-1,MS1,INV-000252,SERVICE_PROCUREMENT
1011HG3068809-2163-1-1,MS1,INV-000252,SERVICE_PROCUREMENT
1011HG3167911-131-2-1,MS1,INV-000252,SERVICE_PROCUREMENT
1011HG3167911-144-1-1,MS1,INV-000253,SERVICE_PROCUREMENT
1011HG3068809-2179-1-1,MS1,INV-000253,SERVICE_PROCUREMENT
1011HG3068809-2175-1-1,MS1,INV-000253,SERVICE_PROCUREMENT
1011HG3068809-2177-1-1,MS1,INV-000253,SERVICE_PROCUREMENT
1011HG3068809-2180-4-1,MS1,INV-000253,SERVICE_PROCUREMENT
1011HG3167912-248-1-1,MS1,INV-000253,SERVICE_PROCUREMENT
1011HG3167912-214-1-1,MS1,INV-000253,SERVICE_PROCUREMENT
1011HG3167912-217-1-1,MS1,INV-000253,SERVICE_PROCUREMENT
1011HG3068809-2117-4-1,MS1,INV-000253,SERVICE_PROCUREMENT
1011HG3068809-2178-1-1,MS1,INV-000253,SERVICE_PROCUREMENT
1011HG3068809-2172-1-1,MS1,INV-000253,SERVICE_PROCUREMENT
1011HG3068809-2173-1-1,MS1,INV-000253,SERVICE_PROCUREMENT
1011HG3068809-2174-1-1,MS1,INV-000253,SERVICE_PROCUREMENT
1011HG3068809-2170-1-1,MS1,INV-000253,SERVICE_PROCUREMENT
1011HG3068809-2181-1-1,MS1,INV-000253,SERVICE_PROCUREMENT
1011HG3068809-2218-1-1,MS1,INV-000253,SERVICE_PROCUREMENT
1011HG3068809-1786-2-1,MS1,INV-000253,SERVICE_PROCUREMENT
1011HG3167912-241-2-1,MS1,INV-000253,SERVICE_PROCUREMENT
1011HG3167912-212-1-1,MS1,INV-000253,SERVICE_PROCUREMENT
1011HG3167911-143-1-1,MS1,INV-000253,SERVICE_PROCUREMENT
1011HG3068809-2169-1-1,MS1,INV-000253,SERVICE_PROCUREMENT
1011HG3068809-2168-1-1,MS1,INV-000253,SERVICE_PROCUREMENT
1011HG3068809-2180-2-1,MS1,INV-000253,SERVICE_PROCUREMENT
1011HG3068809-2180-1-1,MS1,INV-000253,SERVICE_PROCUREMENT
1011HG3167912-216-1-1,MS1,INV-000253,SERVICE_PROCUREMENT
1011HG3167912-212-4-1,MS1,INV-000253,SERVICE_PROCUREMENT
1011HG3167912-212-5-1,MS1,INV-000253,SERVICE_PROCUREMENT
1011HG3068809-2117-3-1,MS1,INV-000253,SERVICE_PROCUREMENT
1011HG3068809-2176-1-1,MS1,INV-000253,SERVICE_PROCUREMENT
1011HG3167911-162-1-1,MS1,INV-000253,SERVICE_PROCUREMENT
1011HG3068809-2171-1-1,MS1,INV-000253,SERVICE_PROCUREMENT
1011HG3167912-212-3-1,MS1,INV-000253,SERVICE_PROCUREMENT
1011HG3167912-212-2-1,MS1,INV-000253,SERVICE_PROCUREMENT
1011HG3068809-1826-1-1,MS1,INV-000254,SERVICE_PROCUREMENT
1011HG3167911-125-2-1,MS1,INV-000254,SERVICE_PROCUREMENT
1011HG3167912-250-2-1,MS1,INV-000254,SERVICE_PROCUREMENT
1011HG3068809-1824-2-1,MS1,INV-000254,SERVICE_PROCUREMENT
1011HG3068809-2244-3-1,MS1,INV-000254,SERVICE_PROCUREMENT
1011HG3068809-2243-1-1,MS1,INV-000254,SERVICE_PROCUREMENT
1011HG3068809-2152-1-1,MS1,INV-000254,SERVICE_PROCUREMENT
1011HG3068809-1822-1-1,MS1,INV-000254,SERVICE_PROCUREMENT
1011HG3167912-152-1-1,MS1,INV-000254,SERVICE_PROCUREMENT
1011HG3167912-251-1-1,MS1,INV-000254,SERVICE_PROCUREMENT
1011HG3167912-250-1-1,MS1,INV-000254,SERVICE_PROCUREMENT
1011HG3167911-125-3-1,MS1,INV-000254,SERVICE_PROCUREMENT
1011HG3068809-2153-1-1,MS1,INV-000254,SERVICE_PROCUREMENT
1011HG3167911-125-1-1,MS1,INV-000254,SERVICE_PROCUREMENT
1011HG3068809-1823-1-1,MS1,INV-000254,SERVICE_PROCUREMENT
1011HG3068809-1825-1-1,MS1,INV-000254,SERVICE_PROCUREMENT
1011HG3167912-27-1-1,MS2,INV-000255,SERVICE_PROCUREMENT
1011HG3167912-27-2-1,MS2,INV-000255,SERVICE_PROCUREMENT
1011HG3167911-134-1-1,MS1,INV-000255,SERVICE_PROCUREMENT
1011HG3068809-1725-3-1,MS1,INV-000255,SERVICE_PROCUREMENT
1011HG3068809-2279-1-1,MS1,INV-000255,SERVICE_PROCUREMENT
1011HG3068809-2126-1-1,MS1,INV-000255,SERVICE_PROCUREMENT
1011HG3068809-2229-3-1,MS1,INV-000255,SERVICE_PROCUREMENT
1011HG3068809-2103-1-1,MS1,INV-000255,SERVICE_PROCUREMENT
1011HG3068809-2257-1-1,MS1,INV-000255,SERVICE_PROCUREMENT
1011HG3068810-581-3-1,MS1,INV-000255,SERVICE_PROCUREMENT
1011HG3068809-2231-3-1,MS1,INV-000255,SERVICE_PROCUREMENT
1011HG3068809-2184-4-1,MS1,INV-000255,SERVICE_PROCUREMENT
1011HG3068809-1897-2-1,MS1,INV-000255,SERVICE_PROCUREMENT
1011HG3068809-2243-3-1,MS1,INV-000255,SERVICE_PROCUREMENT
1011HG3068809-1823-2-1,MS1,INV-000255,SERVICE_PROCUREMENT
1011HG3068809-2244-1-1,MS1,INV-000255,SERVICE_PROCUREMENT
1011HG3068809-1822-2-1,MS1,INV-000255,SERVICE_PROCUREMENT
1011HG3167912-28-4-1,MS1,INV-000255,SERVICE_PROCUREMENT
1011HG3068809-2270-1-1,MS1,INV-000255,SERVICE_PROCUREMENT
1011HG3068809-2271-1-1,MS1,INV-000255,SERVICE_PROCUREMENT
1011HG3068809-1898-4-1,MS1,INV-000255,SERVICE_PROCUREMENT
1011HG3068809-1683-1-1,MS1,INV-000255,SERVICE_PROCUREMENT
1011HG3068810-751-1-1,MS1,INV-000255,SERVICE_PROCUREMENT
1011HG3068809-2125-1-1,MS1,INV-000255,SERVICE_PROCUREMENT
1011HG3068810-581-1-1,MS1,INV-000255,SERVICE_PROCUREMENT
1011HG3068809-2219-1-1,MS1,INV-000255,SERVICE_PROCUREMENT
1011HG3068809-2184-3-1,MS1,INV-000255,SERVICE_PROCUREMENT
1011HG3068809-2277-1-1,MS1,INV-000255,SERVICE_PROCUREMENT
1011HG3068809-1682-1-1,MS1,INV-000255,SERVICE_PROCUREMENT
1011HG3068809-2272-1-1,MS1,INV-000255,SERVICE_PROCUREMENT
1011HG3068809-2273-1-1,MS1,INV-000255,SERVICE_PROCUREMENT
1011HG3068809-2243-2-1,MS1,INV-000255,SERVICE_PROCUREMENT
1011HG3068809-2153-3-1,MS1,INV-000255,SERVICE_PROCUREMENT
1011HG3068809-2244-2-1,MS1,INV-000255,SERVICE_PROCUREMENT
1011HG3068809-2152-3-1,MS1,INV-000255,SERVICE_PROCUREMENT
1011HG3167912-27-5-1,MS2,INV-000255,SERVICE_PROCUREMENT
1011HG3167912-27-3-1,MS2,INV-000255,SERVICE_PROCUREMENT
1011HG3068809-2276-1-1,MS1,INV-000255,SERVICE_PROCUREMENT
1011HG3068809-1898-1-1,MS1,INV-000255,SERVICE_PROCUREMENT
1011HG3068809-2104-3-1,MS1,INV-000255,SERVICE_PROCUREMENT
1011HG3068809-2260-1-1,MS1,INV-000255,SERVICE_PROCUREMENT
1011HG3068809-2231-4-1,MS1,INV-000255,SERVICE_PROCUREMENT
1011HG3068809-1656-3-1,MS1,INV-000255,SERVICE_PROCUREMENT
1011HG3068809-1679-1-1,MS1,INV-000255,SERVICE_PROCUREMENT
1011HG3068809-2228-1-1,MS1,INV-000255,SERVICE_PROCUREMENT
1011HG3068810-828-1-1,MS1,INV-000255,SERVICE_PROCUREMENT
1011HG3068809-1690-1-1,MS1,INV-000255,SERVICE_PROCUREMENT
1011HG3068809-1690-2-1,MS1,INV-000255,SERVICE_PROCUREMENT
1011HG3068809-1326-6-1,MS1,INV-000255,SERVICE_PROCUREMENT
1011HG3068809-1724-1-1,MS1,INV-000255,SERVICE_PROCUREMENT
1011HG3068809-1899-3-1,MS1,INV-000255,SERVICE_PROCUREMENT
1011HG3068809-1824-1-1,MS1,INV-000255,SERVICE_PROCUREMENT
1011HG3068809-1826-3-1,MS1,INV-000255,SERVICE_PROCUREMENT
1011HG3068809-1826-2-1,MS1,INV-000255,SERVICE_PROCUREMENT
1011HG3068809-2152-2-1,MS1,INV-000255,SERVICE_PROCUREMENT
1011HG3167912-27-4-1,MS2,INV-000255,SERVICE_PROCUREMENT
1011HG3068809-2104-1-1,MS1,INV-000255,SERVICE_PROCUREMENT
1011HG3068809-2258-1-1,MS1,INV-000255,SERVICE_PROCUREMENT
1011HG3068810-729-3-1,MS1,INV-000255,SERVICE_PROCUREMENT
1011HG3068810-729-1-1,MS1,INV-000255,SERVICE_PROCUREMENT
1011HG3068809-2228-2-1,MS1,INV-000255,SERVICE_PROCUREMENT
1011HG3068809-2103-3-1,MS1,INV-000255,SERVICE_PROCUREMENT
1011HG3068809-1718-1-1,MS1,INV-000255,SERVICE_PROCUREMENT
1011HG3068809-2219-3-1,MS1,INV-000255,SERVICE_PROCUREMENT
1011HG3068809-1326-1-1,MS1,INV-000255,SERVICE_PROCUREMENT
1011HG3068809-2275-1-1,MS1,INV-000255,SERVICE_PROCUREMENT
1011HG3068809-2278-1-1,MS1,INV-000255,SERVICE_PROCUREMENT
1011HG3068810-840-1-1,MS1,INV-000255,SERVICE_PROCUREMENT
1011HG3068809-2274-1-1,MS1,INV-000255,SERVICE_PROCUREMENT
1011HG3068809-1899-1-1,MS1,INV-000255,SERVICE_PROCUREMENT
1011HG3068809-1824-3-1,MS1,INV-000255,SERVICE_PROCUREMENT
1011HG3068809-2153-2-1,MS1,INV-000255,SERVICE_PROCUREMENT
1011HG3068809-1822-3-1,MS1,INV-000255,SERVICE_PROCUREMENT
1011HG3068809-1825-2-1,MS1,INV-000255,SERVICE_PROCUREMENT
1011HG3068809-1884-4-1,MS1,INV-000256,SERVICE_PROCUREMENT
1011HG3068809-1884-6-1,MS1,INV-000256,SERVICE_PROCUREMENT
1011HG3068809-2230-3-1,MS1,INV-000256,SERVICE_PROCUREMENT
1011HG3068809-2008-2-1,MS1,INV-000256,SERVICE_PROCUREMENT
1011HG3068810-759-1-1,MS1,INV-000256,SERVICE_PROCUREMENT
1011HG3068810-760-1-1,MS1,INV-000256,SERVICE_PROCUREMENT
1011HG3068809-2215-2-1,MS1,INV-000256,SERVICE_PROCUREMENT
1011HG3068809-2225-4-1,MS1,INV-000256,SERVICE_PROCUREMENT
1011HG3068809-2224-1-1,MS1,INV-000256,SERVICE_PROCUREMENT
1011HG3068810-793-2-1,MS1,INV-000256,SERVICE_PROCUREMENT
1011HG3068810-809-1-1,MS1,INV-000256,SERVICE_PROCUREMENT
1011HG3068810-803-1-1,MS1,INV-000256,SERVICE_PROCUREMENT
1011HG3068810-802-1-1,MS1,INV-000256,SERVICE_PROCUREMENT
1011HG3068810-800-2-1,MS1,INV-000256,SERVICE_PROCUREMENT
1011HG3068810-801-2-1,MS1,INV-000256,SERVICE_PROCUREMENT
1011HG3068810-824-1-1,MS1,INV-000256,SERVICE_PROCUREMENT
1011HG3068810-823-1-1,MS1,INV-000256,SERVICE_PROCUREMENT
1011HG3068810-821-1-1,MS1,INV-000256,SERVICE_PROCUREMENT
1011HG3068810-797-3-1,MS1,INV-000256,SERVICE_PROCUREMENT
1011HG3068810-717-1-1,MS1,INV-000256,SERVICE_PROCUREMENT
1011HG3068810-412-1-1,MS1,INV-000256,SERVICE_PROCUREMENT
1011HG3068810-425-1-1,MS1,INV-000256,SERVICE_PROCUREMENT
1011HG3068810-423-1-1,MS1,INV-000256,SERVICE_PROCUREMENT
1011HG3068810-427-1-1,MS1,INV-000256,SERVICE_PROCUREMENT
1011HG3068810-411-1-1,MS1,INV-000256,SERVICE_PROCUREMENT
1011HG3068809-1781-4-1,MS1,INV-000256,SERVICE_PROCUREMENT
1011HG3068810-808-1-1,MS1,INV-000256,SERVICE_PROCUREMENT
1011HG3068810-774-1-1,MS1,INV-000256,SERVICE_PROCUREMENT
1011HG3068810-775-2-1,MS1,INV-000256,SERVICE_PROCUREMENT
1011HG3068809-2259-1-1,MS1,INV-000256,SERVICE_PROCUREMENT
1011HG3068809-1029-2-1,MS1,INV-000256,SERVICE_PROCUREMENT
1011HG3068809-135-1-1,MS1,INV-000256,SERVICE_PROCUREMENT
1011HG3068809-1964-1-1,MS1,INV-000256,SERVICE_PROCUREMENT
1011HG3068809-2011-1-1,MS1,INV-000256,SERVICE_PROCUREMENT
1011HG3068810-805-1-1,MS1,INV-000256,SERVICE_PROCUREMENT
1011HG3068809-1686-2-1,MS1,INV-000256,SERVICE_PROCUREMENT
1011HG3068810-827-1-1,MS1,INV-000256,SERVICE_PROCUREMENT
1011HG3068810-803-2-1,MS1,INV-000256,SERVICE_PROCUREMENT
1011HG3068810-801-1-1,MS1,INV-000256,SERVICE_PROCUREMENT
1011HG3068810-799-1-1,MS1,INV-000256,SERVICE_PROCUREMENT
1011HG3068810-797-4-1,MS1,INV-000256,SERVICE_PROCUREMENT
1011HG3068810-738-1-1,MS1,INV-000256,SERVICE_PROCUREMENT
1011HG3068810-410-1-1,MS1,INV-000256,SERVICE_PROCUREMENT
1011HG3068809-2039-2-1,MS1,INV-000256,SERVICE_PROCUREMENT
1011HG3068809-1956-1-1,MS1,INV-000256,SERVICE_PROCUREMENT
1011HG3068810-533-3-1,MS1,INV-000256,SERVICE_PROCUREMENT
1011HG3068810-726-3-1,MS1,INV-000256,SERVICE_PROCUREMENT
1011HG3068809-2154-1-1,MS1,INV-000256,SERVICE_PROCUREMENT
1011HG3068810-555-1-1,MS1,INV-000256,SERVICE_PROCUREMENT
1011HG3068809-2042-2-1,MS1,INV-000256,SERVICE_PROCUREMENT
1011HG3068809-2012-2-1,MS1,INV-000256,SERVICE_PROCUREMENT
1011HG3068809-1530-3-1,MS1,INV-000256,SERVICE_PROCUREMENT
1011HG3068809-2215-5-1,MS1,INV-000256,SERVICE_PROCUREMENT
1011HG3068810-806-1-1,MS1,INV-000256,SERVICE_PROCUREMENT
1011HG3068809-2225-3-1,MS1,INV-000256,SERVICE_PROCUREMENT
1011HG3068809-2254-1-1,MS1,INV-000256,SERVICE_PROCUREMENT
1011HG3068809-1780-4-1,MS1,INV-000256,SERVICE_PROCUREMENT
1011HG3068809-1659-1-1,MS1,INV-000256,SERVICE_PROCUREMENT
1011HG3068809-1659-4-1,MS1,INV-000256,SERVICE_PROCUREMENT
1011HG3068809-2232-1-1,MS1,INV-000256,SERVICE_PROCUREMENT
1011HG3068810-799-2-1,MS1,INV-000256,SERVICE_PROCUREMENT
1011HG3068809-2252-1-1,MS1,INV-000256,SERVICE_PROCUREMENT
1011HG3068809-2044-1-1,MS1,INV-000256,SERVICE_PROCUREMENT
1011HG3068810-408-1-1,MS1,INV-000256,SERVICE_PROCUREMENT
1011HG3068810-409-1-1,MS1,INV-000256,SERVICE_PROCUREMENT
1011HG3068810-424-1-1,MS1,INV-000256,SERVICE_PROCUREMENT
1011HG3068809-2201-1-1,MS1,INV-000256,SERVICE_PROCUREMENT
1011HG3068810-749-1-1,MS1,INV-000256,SERVICE_PROCUREMENT
1011HG3068810-726-1-1,MS1,INV-000256,SERVICE_PROCUREMENT
1011HG3068809-2230-4-1,MS1,INV-000256,SERVICE_PROCUREMENT
1011HG3068809-2007-3-1,MS1,INV-000256,SERVICE_PROCUREMENT
1011HG3068810-758-1-1,MS1,INV-000256,SERVICE_PROCUREMENT
1011HG3068809-1816-3-1,MS1,INV-000256,SERVICE_PROCUREMENT
1011HG3068809-1567-1-1,MS1,INV-000256,SERVICE_PROCUREMENT
1011HG3068809-2255-1-1,MS1,INV-000256,SERVICE_PROCUREMENT
1011HG3068809-2224-2-1,MS1,INV-000256,SERVICE_PROCUREMENT
1011HG3068809-1787-4-1,MS1,INV-000256,SERVICE_PROCUREMENT
1011HG3068810-793-1-1,MS1,INV-000256,SERVICE_PROCUREMENT
1011HG3068809-2232-4-1,MS1,INV-000256,SERVICE_PROCUREMENT
1011HG3068809-2261-1-1,MS1,INV-000256,SERVICE_PROCUREMENT
1011HG3068810-826-1-1,MS1,INV-000256,SERVICE_PROCUREMENT
1011HG3068810-802-2-1,MS1,INV-000256,SERVICE_PROCUREMENT
1011HG3068810-800-1-1,MS1,INV-000256,SERVICE_PROCUREMENT
1011HG3068810-825-1-1,MS1,INV-000256,SERVICE_PROCUREMENT
1011HG3068810-717-4-1,MS1,INV-000256,SERVICE_PROCUREMENT
1011HG3068810-414-1-1,MS1,INV-000256,SERVICE_PROCUREMENT
1011HG3068810-807-1-1,MS1,INV-000256,SERVICE_PROCUREMENT
1011HG3068809-1406-3-1,MS1,INV-000257,SERVICE_PROCUREMENT
1011HG3068809-2299-3-1,MS1,INV-000257,SERVICE_PROCUREMENT
1011HG3068809-2096-4-1,MS1,INV-000257,SERVICE_PROCUREMENT
1011HG3068809-1610-1-1,MS1,INV-000257,SERVICE_PROCUREMENT
1011HG3068809-2117-5-1,MS1,INV-000257,SERVICE_PROCUREMENT
1011HG3068809-2118-2-1,MS1,INV-000257,SERVICE_PROCUREMENT
1011HG3068809-2119-4-1,MS1,INV-000257,SERVICE_PROCUREMENT
1011HG3068809-2293-2-1,MS1,INV-000257,SERVICE_PROCUREMENT
1011HG3068809-1896-2-1,MS1,INV-000257,SERVICE_PROCUREMENT
1011HG3068810-789-3-1,MS1,INV-000257,SERVICE_PROCUREMENT
1011HG3068809-1684-1-1,MS1,INV-000257,SERVICE_PROCUREMENT
1011HG3068810-789-2-1,MS1,INV-000257,SERVICE_PROCUREMENT
1011HG3068809-2030-4-1,MS1,INV-000257,SERVICE_PROCUREMENT
1011HG3068809-2130-1-1,MS1,INV-000257,SERVICE_PROCUREMENT
1011HG3167912-237-1-1,MS1,INV-000257,SERVICE_PROCUREMENT
1011HG3167912-256-2-1,MS1,INV-000257,SERVICE_PROCUREMENT
1011HG3167912-256-4-1,MS1,INV-000257,SERVICE_PROCUREMENT
1011HG3167912-256-1-1,MS1,INV-000257,SERVICE_PROCUREMENT
1011HG3068809-1935-2-1,MS1,INV-000257,SERVICE_PROCUREMENT
1011HG3068810-667-2-1,MS1,INV-000257,SERVICE_PROCUREMENT
1011HG2894718-113-1-1,MS1,INV-000257,SERVICE_PROCUREMENT
1011HG3068809-2118-4-1,MS1,INV-000257,SERVICE_PROCUREMENT
1011HG3068810-735-3-1,MS1,INV-000257,SERVICE_PROCUREMENT
1011HG3068809-2114-3-1,MS1,INV-000257,SERVICE_PROCUREMENT
1011HG3068809-1805-4-1,MS1,INV-000257,SERVICE_PROCUREMENT
1011HG3068809-2292-3-1,MS1,INV-000257,SERVICE_PROCUREMENT
1011HG3068809-2289-3-1,MS1,INV-000257,SERVICE_PROCUREMENT
1011HG3068809-1805-1-1,MS1,INV-000257,SERVICE_PROCUREMENT
1011HG3068809-1804-4-1,MS1,INV-000257,SERVICE_PROCUREMENT
1011HG3068809-1804-2-1,MS1,INV-000257,SERVICE_PROCUREMENT
1011HG3068809-2290-3-1,MS1,INV-000257,SERVICE_PROCUREMENT
1011HG3068809-41-2-1,MS1,INV-000257,SERVICE_PROCUREMENT
1011HG3068809-723-2-1,MS1,INV-000257,SERVICE_PROCUREMENT
1011HG3068809-2118-3-1,MS1,INV-000257,SERVICE_PROCUREMENT
1011HG3068809-2119-1-1,MS1,INV-000257,SERVICE_PROCUREMENT
1011HG3068809-2299-1-1,MS1,INV-000257,SERVICE_PROCUREMENT
1011HG3068810-843-1-1,MS1,INV-000257,SERVICE_PROCUREMENT
1011HG3068809-2028-1-1,MS1,INV-000257,SERVICE_PROCUREMENT
1011HG3167912-237-3-1,MS1,INV-000257,SERVICE_PROCUREMENT
1011HG3167912-237-2-1,MS1,INV-000257,SERVICE_PROCUREMENT
1011HG3167911-161-1-1,MS1,INV-000257,SERVICE_PROCUREMENT
1011HG3068810-670-3-1,MS1,INV-000257,SERVICE_PROCUREMENT
1011HG3068809-1934-1-1,MS1,INV-000257,SERVICE_PROCUREMENT
1011HG3068809-2117-2-1,MS1,INV-000257,SERVICE_PROCUREMENT
1011HG3068809-2289-4-1,MS1,INV-000257,SERVICE_PROCUREMENT
1011HG3068809-2294-2-1,MS1,INV-000257,SERVICE_PROCUREMENT
1011HG3068809-2119-2-1,MS1,INV-000257,SERVICE_PROCUREMENT
1011HG3068809-2294-3-1,MS1,INV-000257,SERVICE_PROCUREMENT
1011HG3068810-686-1-1,MS1,INV-000257,SERVICE_PROCUREMENT
1011HG3068809-1114-4-1,MS1,INV-000257,SERVICE_PROCUREMENT
1011HG3068809-2030-3-1,MS1,INV-000257,SERVICE_PROCUREMENT
1011HG3167912-239-1-1,MS1,INV-000257,SERVICE_PROCUREMENT
1011HG3167912-237-5-1,MS1,INV-000257,SERVICE_PROCUREMENT
1011HG3068809-2291-1-1,MS1,INV-000257,SERVICE_PROCUREMENT
1011HG3068809-2291-2-1,MS1,INV-000257,SERVICE_PROCUREMENT
1011HG3068809-2299-2-1,MS1,INV-000257,SERVICE_PROCUREMENT
1011HG3068809-1609-1-1,MS1,INV-000257,SERVICE_PROCUREMENT
1011HG3068809-2114-4-1,MS1,INV-000257,SERVICE_PROCUREMENT
1011HG3068809-2118-1-1,MS1,INV-000257,SERVICE_PROCUREMENT
1011HG3068809-2119-5-1,MS1,INV-000257,SERVICE_PROCUREMENT
1011HG3068809-2096-1-1,MS1,INV-000257,SERVICE_PROCUREMENT
1011HG3068809-1114-3-1,MS1,INV-000257,SERVICE_PROCUREMENT
1011HG3068810-685-2-1,MS1,INV-000257,SERVICE_PROCUREMENT
1011HG3068809-2027-1-1,MS1,INV-000257,SERVICE_PROCUREMENT
1011HG3068809-2324-1-1,MS1,INV-000257,SERVICE_PROCUREMENT
1011HG3167912-261-1-1,MS1,INV-000257,SERVICE_PROCUREMENT
1011HG3167912-237-4-1,MS1,INV-000257,SERVICE_PROCUREMENT
1011HG3167912-256-3-1,MS1,INV-000257,SERVICE_PROCUREMENT
1011HG3068810-669-3-1,MS1,INV-000257,SERVICE_PROCUREMENT
1011HG3068810-668-2-1,MS1,INV-000257,SERVICE_PROCUREMENT
1011HG3068809-1933-2-1,MS1,INV-000257,SERVICE_PROCUREMENT
1011HG3068809-1542-5-1,MS1,INV-000258,SERVICE_PROCUREMENT
1011HG3068810-777-2-1,MS1,INV-000258,SERVICE_PROCUREMENT
1011HG3068809-1666-1-1,MS1,INV-000258,SERVICE_PROCUREMENT
1011HG3068809-1665-4-1,MS1,INV-000258,SERVICE_PROCUREMENT
1011HG3068809-1761-1-1,MS1,INV-000258,SERVICE_PROCUREMENT
1011HG3068809-1783-1-1,MS1,INV-000258,SERVICE_PROCUREMENT
1011HG3068810-834-1-1,MS1,INV-000258,SERVICE_PROCUREMENT
1011HG3068810-814-1-1,MS1,INV-000258,SERVICE_PROCUREMENT
1011HG3068809-2205-2-1,MS1,INV-000258,SERVICE_PROCUREMENT
1011HG3068809-2269-2-1,MS1,INV-000258,SERVICE_PROCUREMENT
1011HG3068809-2283-1-1,MS1,INV-000258,SERVICE_PROCUREMENT
1011HG3068809-2267-4-1,MS1,INV-000258,SERVICE_PROCUREMENT
1011HG3068809-2284-1-1,MS1,INV-000258,SERVICE_PROCUREMENT
1011HG3167912-249-1-1,MS1,INV-000258,SERVICE_PROCUREMENT
1011HG3167912-210-3-1,MS1,INV-000258,SERVICE_PROCUREMENT
1011HG3167912-210-1-1,MS1,INV-000258,SERVICE_PROCUREMENT
1011HG3068809-2222-1-1,MS1,INV-000258,SERVICE_PROCUREMENT
1011HG3068809-2138-1-1,MS1,INV-000258,SERVICE_PROCUREMENT
1011HG3068809-2158-1-1,MS1,INV-000258,SERVICE_PROCUREMENT
1011HG3068809-2136-5-1,MS1,INV-000258,SERVICE_PROCUREMENT
1011HG3068809-2157-1-1,MS1,INV-000258,SERVICE_PROCUREMENT
1011HG3068810-792-4-1,MS1,INV-000258,SERVICE_PROCUREMENT
1011HG3068810-629-3-1,MS1,INV-000258,SERVICE_PROCUREMENT
1011HG3068809-2039-1-1,MS1,INV-000258,SERVICE_PROCUREMENT
1011HG3167912-267-1-1,MS1,INV-000258,SERVICE_PROCUREMENT
1011HG3068809-1047-1-1,MS1,INV-000258,SERVICE_PROCUREMENT
1011HG3068810-406-1-1,MS1,INV-000258,SERVICE_PROCUREMENT
1011HG3068810-397-1-1,MS1,INV-000258,SERVICE_PROCUREMENT
1011HG3068810-768-1-1,MS1,INV-000258,SERVICE_PROCUREMENT
1011HG3068809-2214-4-1,MS1,INV-000258,SERVICE_PROCUREMENT
1011HG3068810-776-2-1,MS1,INV-000258,SERVICE_PROCUREMENT
1011HG3068809-1542-3-1,MS1,INV-000258,SERVICE_PROCUREMENT
1011HG3068809-1541-4-1,MS1,INV-000258,SERVICE_PROCUREMENT
1011HG3068809-1759-1-1,MS1,INV-000258,SERVICE_PROCUREMENT
1011HG3068810-632-4-1,MS1,INV-000258,SERVICE_PROCUREMENT
1011HG3068809-2253-1-1,MS1,INV-000258,SERVICE_PROCUREMENT
1011HG3068810-744-1-1,MS1,INV-000258,SERVICE_PROCUREMENT
1011HG3167912-210-2-1,MS1,INV-000258,SERVICE_PROCUREMENT
1011HG3068809-2221-1-1,MS1,INV-000258,SERVICE_PROCUREMENT
1011HG3068809-2303-1-1,MS1,INV-000258,SERVICE_PROCUREMENT
1011HG3068809-2304-1-1,MS1,INV-000258,SERVICE_PROCUREMENT
1011HG3068809-2013-1-1,MS1,INV-000258,SERVICE_PROCUREMENT
1011HG3068809-2013-3-1,MS1,INV-000258,SERVICE_PROCUREMENT
1011HG3068809-1817-1-1,MS1,INV-000258,SERVICE_PROCUREMENT
1011HG3068810-832-1-1,MS1,INV-000258,SERVICE_PROCUREMENT
1011HG3068809-2226-1-1,MS1,INV-000258,SERVICE_PROCUREMENT
1011HG3068809-2042-1-1,MS1,INV-000258,SERVICE_PROCUREMENT
1011HG3068809-1996-2-1,MS1,INV-000258,SERVICE_PROCUREMENT
1011HG3068809-2043-1-1,MS1,INV-000258,SERVICE_PROCUREMENT
1011HG3167912-267-2-1,MS1,INV-000258,SERVICE_PROCUREMENT
1011HG3068810-428-1-1,MS1,INV-000258,SERVICE_PROCUREMENT
1011HG3068810-413-1-1,MS1,INV-000258,SERVICE_PROCUREMENT
1011HG3068810-394-1-1,MS1,INV-000258,SERVICE_PROCUREMENT
1011HG3068809-1668-1-1,MS1,INV-000258,SERVICE_PROCUREMENT
1011HG3068809-1783-3-1,MS1,INV-000258,SERVICE_PROCUREMENT
1011HG3068810-848-1-1,MS1,INV-000258,SERVICE_PROCUREMENT
1011HG3068810-633-6-1,MS1,INV-000258,SERVICE_PROCUREMENT
1011HG3068810-796-4-1,MS1,INV-000258,SERVICE_PROCUREMENT
1011HG3068810-791-2-1,MS1,INV-000258,SERVICE_PROCUREMENT
1011HG3068809-2249-1-1,MS1,INV-000258,SERVICE_PROCUREMENT
1011HG3068809-2205-5-1,MS1,INV-000258,SERVICE_PROCUREMENT
1011HG3068810-839-4-1,MS1,INV-000258,SERVICE_PROCUREMENT
1011HG3068810-842-1-1,MS1,INV-000258,SERVICE_PROCUREMENT
1011HG3167912-215-1-1,MS1,INV-000258,SERVICE_PROCUREMENT
1011HG3068809-2135-1-1,MS1,INV-000258,SERVICE_PROCUREMENT
1011HG3068809-2014-3-1,MS1,INV-000258,SERVICE_PROCUREMENT
1011HG3068809-2037-1-1,MS1,INV-000258,SERVICE_PROCUREMENT
1011HG3068810-830-1-1,MS1,INV-000258,SERVICE_PROCUREMENT
1011HG3068810-792-1-1,MS1,INV-000258,SERVICE_PROCUREMENT
1011HG3068809-2256-1-1,MS1,INV-000258,SERVICE_PROCUREMENT
1011HG3068809-2226-2-1,MS1,INV-000258,SERVICE_PROCUREMENT
1011HG3068809-2248-1-1,MS1,INV-000258,SERVICE_PROCUREMENT
1011HG3068810-629-1-1,MS1,INV-000258,SERVICE_PROCUREMENT
1011HG3068809-1048-1-1,MS1,INV-000258,SERVICE_PROCUREMENT
1011HG3068810-770-1-1,MS1,INV-000258,SERVICE_PROCUREMENT
1011HG3068810-769-1-1,MS1,INV-000258,SERVICE_PROCUREMENT
1011HG3068810-767-1-1,MS1,INV-000258,SERVICE_PROCUREMENT
1011HG3068809-2251-1-1,MS1,INV-000258,SERVICE_PROCUREMENT
1011HG3068809-1667-1-1,MS1,INV-000258,SERVICE_PROCUREMENT
1011HG3068810-632-6-1,MS1,INV-000258,SERVICE_PROCUREMENT
1011HG3068810-722-2-1,MS1,INV-000258,SERVICE_PROCUREMENT
1011HG3068810-796-1-1,MS1,INV-000258,SERVICE_PROCUREMENT
1011HG3068810-633-4-1,MS1,INV-000258,SERVICE_PROCUREMENT
1011HG3068810-829-1-1,MS1,INV-000258,SERVICE_PROCUREMENT
1011HG3068810-791-1-1,MS1,INV-000258,SERVICE_PROCUREMENT
1011HG3068810-784-2-1,MS1,INV-000258,SERVICE_PROCUREMENT
1011HG3068810-838-1-1,MS1,INV-000258,SERVICE_PROCUREMENT
1011HG3068810-841-1-1,MS1,INV-000258,SERVICE_PROCUREMENT
1011HG3068810-838-4-1,MS1,INV-000258,SERVICE_PROCUREMENT
1011HG3068810-839-1-1,MS1,INV-000258,SERVICE_PROCUREMENT
1011HG3068809-2267-2-1,MS1,INV-000258,SERVICE_PROCUREMENT
1011HG3068809-2137-2-1,MS1,INV-000258,SERVICE_PROCUREMENT
1011HG3068809-2014-1-1,MS1,INV-000258,SERVICE_PROCUREMENT
1011HG3068809-2036-2-1,MS1,INV-000258,SERVICE_PROCUREMENT
1011HG3068809-2201-2-1,MS1,INV-000258,SERVICE_PROCUREMENT
1011HG3068809-2040-1-1,MS1,INV-000258,SERVICE_PROCUREMENT
1011HG3068809-2041-1-1,MS1,INV-000258,SERVICE_PROCUREMENT
1011HG3068809-2038-2-1,MS1,INV-000258,SERVICE_PROCUREMENT
1011HG3068809-2037-2-1,MS1,INV-000258,SERVICE_PROCUREMENT
1011HG3068809-2251-3-1,MS1,INV-000258,SERVICE_PROCUREMENT
1011HG3068809-2214-2-1,MS1,INV-000258,SERVICE_PROCUREMENT
1011HG3068809-2264-1-1,MS1,INV-000258,SERVICE_PROCUREMENT
1011HG3068809-1805-3-1,MS1,INV-000259,SERVICE_PROCUREMENT
1011HG3167911-151-1-1,MS1,INV-000259,SERVICE_PROCUREMENT
1011HG3167911-152-1-1,MS1,INV-000259,SERVICE_PROCUREMENT
1011HG3167911-149-4-1,MS1,INV-000259,SERVICE_PROCUREMENT
1011HG3167911-150-4-1,MS1,INV-000259,SERVICE_PROCUREMENT
1011HG3167911-150-6-1,MS1,INV-000259,SERVICE_PROCUREMENT
1011HG3167911-150-3-1,MS1,INV-000259,SERVICE_PROCUREMENT
1011HG3167911-150-1-1,MS1,INV-000259,SERVICE_PROCUREMENT
1011HG3167912-208-3-1,MS1,INV-000259,SERVICE_PROCUREMENT
1011HG3068809-2292-2-1,MS1,INV-000259,SERVICE_PROCUREMENT
1011HG3068809-2289-2-1,MS1,INV-000259,SERVICE_PROCUREMENT
1011HG3167911-150-5-1,MS1,INV-000259,SERVICE_PROCUREMENT
1011HG3167911-150-7-1,MS1,INV-000259,SERVICE_PROCUREMENT
1011HG3167911-150-2-1,MS1,INV-000259,SERVICE_PROCUREMENT
1011HG3167912-208-1-1,MS1,INV-000259,SERVICE_PROCUREMENT
1011HG3167912-208-5-1,MS1,INV-000259,SERVICE_PROCUREMENT
1011HG3167912-208-2-1,MS1,INV-000259,SERVICE_PROCUREMENT
1011HG3167912-252-1-1,MS1,INV-000259,SERVICE_PROCUREMENT
1011HG3167912-260-1-1,MS1,INV-000259,SERVICE_PROCUREMENT
1011HG3068809-2291-3-1,MS1,INV-000259,SERVICE_PROCUREMENT
1011HG3068809-2290-2-1,MS1,INV-000259,SERVICE_PROCUREMENT
1011HG3068809-1804-1-1,MS1,INV-000259,SERVICE_PROCUREMENT
1011HG3167911-149-5-1,MS1,INV-000259,SERVICE_PROCUREMENT
1011HG3167911-149-3-1,MS1,INV-000259,SERVICE_PROCUREMENT
1011HG3167911-149-2-1,MS1,INV-000259,SERVICE_PROCUREMENT
1011HG3068809-1704-4-1,MS1,INV-000260,SERVICE_PROCUREMENT
1011HG3068809-1907-1-1,MS1,INV-000260,SERVICE_PROCUREMENT
1011HG3068809-1762-1-1,MS1,INV-000260,SERVICE_PROCUREMENT
1011HG3068809-1976-2-1,MS1,INV-000260,SERVICE_PROCUREMENT
1011HG3068809-2237-1-1,MS1,INV-000260,SERVICE_PROCUREMENT
1011HG3068810-5-3-1,MS1,INV-000260,SERVICE_PROCUREMENT
1011HG3068809-1978-2-1,MS1,INV-000260,SERVICE_PROCUREMENT
1011HG3068809-1902-1-1,MS1,INV-000260,SERVICE_PROCUREMENT
1011HG3068809-2235-1-1,MS1,INV-000260,SERVICE_PROCUREMENT
1011HG3167912-158-1-1,MS1,INV-000260,SERVICE_PROCUREMENT
1011HG3068809-1912-1-1,MS1,INV-000260,SERVICE_PROCUREMENT
1011HG3167912-164-1-1,MS1,INV-000260,SERVICE_PROCUREMENT
1011HG3068810-4-2-1,MS1,INV-000260,SERVICE_PROCUREMENT
1011HG3068810-3-2-1,MS1,INV-000260,SERVICE_PROCUREMENT
1011HG3068810-6-3-1,MS1,INV-000260,SERVICE_PROCUREMENT
1011HG3068809-1704-1-1,MS1,INV-000260,SERVICE_PROCUREMENT
1011HG3167911-120-1-1,MS2,INV-000260,SERVICE_PROCUREMENT
1011HG3068809-2326-1-1,MS1,INV-000260,SERVICE_PROCUREMENT
1011HG3068809-1986-1-1,MS1,INV-000260,SERVICE_PROCUREMENT
1011HG3167912-158-2-1,MS1,INV-000260,SERVICE_PROCUREMENT
1011HG3068809-1902-3-1,MS1,INV-000260,SERVICE_PROCUREMENT
1011HG3068809-2238-1-1,MS1,INV-000260,SERVICE_PROCUREMENT
1011HG3068809-1976-5-1,MS1,INV-000260,SERVICE_PROCUREMENT
1011HG3068809-1978-5-1,MS1,INV-000260,SERVICE_PROCUREMENT
1011HG3068809-2322-1-1,MS1,INV-000260,SERVICE_PROCUREMENT
1011HG3068809-2149-1-1,MS1,INV-000260,SERVICE_PROCUREMENT
1011HG3068809-1911-1-1,MS1,INV-000260,SERVICE_PROCUREMENT
1011HG3068809-1911-2-1,MS1,INV-000260,SERVICE_PROCUREMENT
1011HG3068809-2236-1-1,MS1,INV-000260,SERVICE_PROCUREMENT
1011HG3068809-1912-3-1,MS1,INV-000260,SERVICE_PROCUREMENT
1011HG3068809-1635-1-1,MS1,INV-000261,SERVICE_PROCUREMENT
1011HG3068809-2167-4-1,MS1,INV-000261,SERVICE_PROCUREMENT
1011HG3167912-103-3-1,MS1,INV-000261,SERVICE_PROCUREMENT
1011HG3068809-2188-4-1,MS1,INV-000261,SERVICE_PROCUREMENT
1011HG3068809-2167-5-1,MS1,INV-000261,SERVICE_PROCUREMENT
1011HG3068809-2188-3-1,MS1,INV-000261,SERVICE_PROCUREMENT
1011HG3068809-2145-1-1,MS1,INV-000261,SERVICE_PROCUREMENT
1011HG3068810-853-1-1,MS1,INV-000261,SERVICE_PROCUREMENT
1011HG3068809-2223-1-1,MS1,INV-000261,SERVICE_PROCUREMENT
1011HG3068809-2247-3-1,MS1,INV-000261,SERVICE_PROCUREMENT
1011HG3068809-2195-1-1,MS1,INV-000261,SERVICE_PROCUREMENT
1011HG3068809-2281-3-1,MS1,INV-000261,SERVICE_PROCUREMENT
1011HG3068809-2036-1-1,MS1,INV-000261,SERVICE_PROCUREMENT
1011HG3167912-103-1-1,MS1,INV-000261,SERVICE_PROCUREMENT
1011HG3068809-1632-2-1,MS1,INV-000261,SERVICE_PROCUREMENT
1011HG3068809-2109-8-1,MS1,INV-000261,SERVICE_PROCUREMENT
1011HG3068809-1632-1-1,MS1,INV-000261,SERVICE_PROCUREMENT
1011HG3068809-1982-1-1,MS1,INV-000261,SERVICE_PROCUREMENT
1011HG3068809-2317-1-1,MS1,INV-000261,SERVICE_PROCUREMENT
1011HG3068810-396-1-1,MS1,INV-000261,SERVICE_PROCUREMENT
1011HG3068809-2106-1-1,MS1,INV-000261,SERVICE_PROCUREMENT
1011HG3068809-1633-1-1,MS1,INV-000261,SERVICE_PROCUREMENT
1011HG3068809-1634-1-1,MS1,INV-000261,SERVICE_PROCUREMENT
1011HG3068809-1629-2-1,MS1,INV-000261,SERVICE_PROCUREMENT
1011HG3068809-2223-2-1,MS1,INV-000261,SERVICE_PROCUREMENT
1011HG3068809-2167-2-1,MS1,INV-000261,SERVICE_PROCUREMENT
1011HG3068809-1639-1-1,MS1,INV-000261,SERVICE_PROCUREMENT
1011HG3068809-1819-1-1,MS1,INV-000261,SERVICE_PROCUREMENT
1011HG3068809-1640-1-1,MS1,INV-000261,SERVICE_PROCUREMENT
1011HG3068809-1636-1-1,MS1,INV-000261,SERVICE_PROCUREMENT
1011HG3068810-395-1-1,MS1,INV-000261,SERVICE_PROCUREMENT
1011HG3167912-103-2-1,MS1,INV-000261,SERVICE_PROCUREMENT
1011HG3068809-2109-2-1,MS1,INV-000261,SERVICE_PROCUREMENT
1011HG3068809-2167-1-1,MS1,INV-000261,SERVICE_PROCUREMENT
1011HG3068810-393-1-1,MS1,INV-000261,SERVICE_PROCUREMENT
1011HG3068809-2124-1-1,MS1,INV-000261,SERVICE_PROCUREMENT
1011HG3068809-2200-1-1,MS1,INV-000261,SERVICE_PROCUREMENT
1011HG3068809-2188-1-1,MS1,INV-000261,SERVICE_PROCUREMENT
1011HG3068809-2199-1-1,MS1,INV-000261,SERVICE_PROCUREMENT
1011HG3068809-1638-1-1,MS1,INV-000261,SERVICE_PROCUREMENT
1011HG3068809-2109-6-1,MS1,INV-000261,SERVICE_PROCUREMENT
1011HG3068809-2109-7-1,MS1,INV-000261,SERVICE_PROCUREMENT
1011HG3068809-1681-1-1,MS1,INV-000261,SERVICE_PROCUREMENT
1011HG3068809-1629-1-1,MS1,INV-000261,SERVICE_PROCUREMENT
1011HG3068809-2123-3-1,MS1,INV-000261,SERVICE_PROCUREMENT
1011HG3068809-2139-1-1,MS1,INV-000261,SERVICE_PROCUREMENT
1011HG3068809-2106-3-1,MS1,INV-000261,SERVICE_PROCUREMENT
1011HG3068809-2109-4-1,MS1,INV-000261,SERVICE_PROCUREMENT
1011HG3068810-852-1-1,MS1,INV-000261,SERVICE_PROCUREMENT
1011HG3167912-103-4-1,MS1,INV-000261,SERVICE_PROCUREMENT
1011HG3068809-2123-2-1,MS1,INV-000261,SERVICE_PROCUREMENT
1011HG3167912-103-5-1,MS1,INV-000261,SERVICE_PROCUREMENT
1011HG3068809-2124-3-1,MS1,INV-000261,SERVICE_PROCUREMENT
1011HG3068809-2196-1-1,MS1,INV-000261,SERVICE_PROCUREMENT
1011HG3167912-126-1-1,MS1,INV-000261,SERVICE_PROCUREMENT
1011HG3068809-1637-1-1,MS1,INV-000261,SERVICE_PROCUREMENT
1011HG3068809-2247-2-1,MS1,INV-000261,SERVICE_PROCUREMENT
1011HG3068809-2191-1-1,MS1,INV-000261,SERVICE_PROCUREMENT
1011HG3068809-2316-1-1,MS1,INV-000261,SERVICE_PROCUREMENT
1011HG3068809-2281-2-1,MS1,INV-000261,SERVICE_PROCUREMENT
1011HG3068809-2192-1-1,MS1,INV-000261,SERVICE_PROCUREMENT
1011HG3167911-118-3-1,MS1,INV-000263,SERVICE_PROCUREMENT
1011HG3167911-129-1-1,MS1,INV-000263,SERVICE_PROCUREMENT
1011HG3167911-168-3-1,MS1,INV-000263,SERVICE_PROCUREMENT
1011HG3167912-221-2-1,MS1,INV-000263,SERVICE_PROCUREMENT
1011HG3167912-221-3-1,MS1,INV-000263,SERVICE_PROCUREMENT
1011HG3167912-222-2-1,MS1,INV-000263,SERVICE_PROCUREMENT
1011HG3167911-139-2-1,MS1,INV-000263,SERVICE_PROCUREMENT
1011HG3167911-127-1-1,MS1,INV-000263,SERVICE_PROCUREMENT
1011HG3167911-126-2-1,MS1,INV-000263,SERVICE_PROCUREMENT
1011HG3068809-1928-1-1,MS1,INV-000263,SERVICE_PROCUREMENT
1011HG3068809-1926-3-1,MS1,INV-000263,SERVICE_PROCUREMENT
1011HG3068809-1903-2-1,MS1,INV-000263,SERVICE_PROCUREMENT
1011HG3068809-1923-2-1,MS1,INV-000263,SERVICE_PROCUREMENT
1011HG3068809-1903-1-1,MS1,INV-000263,SERVICE_PROCUREMENT
1011HG3167911-129-2-1,MS1,INV-000263,SERVICE_PROCUREMENT
1011HG3167912-222-1-1,MS1,INV-000263,SERVICE_PROCUREMENT
1011HG3167911-126-1-1,MS1,INV-000263,SERVICE_PROCUREMENT
1011HG3068809-1909-1-1,MS1,INV-000263,SERVICE_PROCUREMENT
1011HG3068809-1968-4-1,MS1,INV-000263,SERVICE_PROCUREMENT
1011HG3068809-1952-1-1,MS1,INV-000263,SERVICE_PROCUREMENT
1011HG3068809-1948-1-1,MS1,INV-000263,SERVICE_PROCUREMENT
1011HG3068809-1927-2-1,MS1,INV-000263,SERVICE_PROCUREMENT
1011HG3068809-1924-2-1,MS1,INV-000263,SERVICE_PROCUREMENT
1011HG3068809-1946-1-1,MS1,INV-000263,SERVICE_PROCUREMENT
1011HG3068809-2166-1-1,MS1,INV-000263,SERVICE_PROCUREMENT
1011HG3068809-2166-3-1,MS1,INV-000263,SERVICE_PROCUREMENT
1011HG3167911-129-3-1,MS1,INV-000263,SERVICE_PROCUREMENT
1011HG3167911-135-3-1,MS1,INV-000263,SERVICE_PROCUREMENT
1011HG3167911-135-2-1,MS1,INV-000263,SERVICE_PROCUREMENT
1011HG3167911-118-2-1,MS1,INV-000263,SERVICE_PROCUREMENT
1011HG3167911-168-4-1,MS1,INV-000263,SERVICE_PROCUREMENT
1011HG3167911-168-2-1,MS1,INV-000263,SERVICE_PROCUREMENT
1011HG3167911-139-1-1,MS1,INV-000263,SERVICE_PROCUREMENT
1011HG3167911-139-3-1,MS1,INV-000263,SERVICE_PROCUREMENT
1011HG3068809-1953-1-1,MS1,INV-000263,SERVICE_PROCUREMENT
1011HG3068809-2002-1-1,MS1,INV-000263,SERVICE_PROCUREMENT
1011HG3068809-1926-1-1,MS1,INV-000263,SERVICE_PROCUREMENT
1011HG3068809-1950-1-1,MS1,INV-000263,SERVICE_PROCUREMENT
1011HG3068809-1949-1-1,MS1,INV-000263,SERVICE_PROCUREMENT
1011HG3068809-1924-3-1,MS1,INV-000263,SERVICE_PROCUREMENT
1011HG3068809-1947-1-1,MS1,INV-000263,SERVICE_PROCUREMENT
1011HG3068809-2165-1-1,MS1,INV-000263,SERVICE_PROCUREMENT
1011HG3068809-2166-2-1,MS1,INV-000263,SERVICE_PROCUREMENT
1011HG3167911-135-1-1,MS1,INV-000263,SERVICE_PROCUREMENT
1011HG3167911-118-1-1,MS1,INV-000263,SERVICE_PROCUREMENT
1011HG3167911-98-2-1,MS1,INV-000263,SERVICE_PROCUREMENT
1011HG3167911-168-1-1,MS1,INV-000263,SERVICE_PROCUREMENT
1011HG3167912-221-1-1,MS1,INV-000263,SERVICE_PROCUREMENT
1011HG3167912-222-3-1,MS1,INV-000263,SERVICE_PROCUREMENT
1011HG3068809-1968-2-1,MS1,INV-000263,SERVICE_PROCUREMENT
1011HG3068809-1951-1-1,MS1,INV-000263,SERVICE_PROCUREMENT
1011HG3068809-1925-2-1,MS1,INV-000263,SERVICE_PROCUREMENT
1011HG3068810-544-1-1,MS1,INV-000264,SERVICE_PROCUREMENT
1011HG3068809-1192-1-1,MS1,INV-000264,SERVICE_PROCUREMENT
1011HG3068809-2344-1-1,MS1,INV-000264,SERVICE_PROCUREMENT
1011HG3068809-1192-4-1,MS1,INV-000264,SERVICE_PROCUREMENT
1011HG3068809-2288-1-1,MS1,INV-000264,SERVICE_PROCUREMENT
1011HG3068809-1192-3-1,MS1,INV-000264,SERVICE_PROCUREMENT
1011HG3068809-1406-2-1,MS1,INV-000264,SERVICE_PROCUREMENT
1011HG3068810-545-1-1,MS1,INV-000264,SERVICE_PROCUREMENT
1011HG3068809-1192-2-1,MS1,INV-000264,SERVICE_PROCUREMENT
1011HG3068809-2363-2-1,MS1,INV-000265,SERVICE_PROCUREMENT
1011HG3068809-2121-1-1,MS1,INV-000265,SERVICE_PROCUREMENT
1011HG3068809-2193-1-1,MS1,INV-000265,SERVICE_PROCUREMENT
1011HG3068809-2198-1-1,MS1,INV-000265,SERVICE_PROCUREMENT
1011HG3068810-606-2-1,MS1,INV-000265,SERVICE_PROCUREMENT
1011HG3068810-603-4-1,MS1,INV-000265,SERVICE_PROCUREMENT
1011HG3068809-2376-1-1,MS1,INV-000265,SERVICE_PROCUREMENT
1011HG3068809-2364-1-1,MS1,INV-000265,SERVICE_PROCUREMENT
1011HG3068809-2247-1-1,MS1,INV-000265,SERVICE_PROCUREMENT
1011HG3068809-1804-3-1,MS1,INV-000265,SERVICE_PROCUREMENT
1011HG3068809-2401-3-1,MS1,INV-000265,SERVICE_PROCUREMENT
1011HG3068810-535-1-1,MS1,INV-000265,SERVICE_PROCUREMENT
1011HG3068809-2197-1-1,MS1,INV-000265,SERVICE_PROCUREMENT
1011HG3068809-2189-1-1,MS1,INV-000265,SERVICE_PROCUREMENT
1011HG3068810-604-4-1,MS1,INV-000265,SERVICE_PROCUREMENT
1011HG3068809-2190-1-1,MS1,INV-000265,SERVICE_PROCUREMENT
1011HG3068809-2122-1-1,MS1,INV-000265,SERVICE_PROCUREMENT
1011HG3068809-2364-2-1,MS1,INV-000265,SERVICE_PROCUREMENT
1011HG3068810-849-2-1,MS1,INV-000265,SERVICE_PROCUREMENT
1011HG3068809-2334-1-1,MS1,INV-000265,SERVICE_PROCUREMENT
1011HG3068809-2338-1-1,MS1,INV-000265,SERVICE_PROCUREMENT
1011HG3068810-617-3-1,MS1,INV-000265,SERVICE_PROCUREMENT
1011HG3068810-606-3-1,MS1,INV-000265,SERVICE_PROCUREMENT
1011HG3068809-2363-1-1,MS1,INV-000265,SERVICE_PROCUREMENT
1011HG3068810-771-1-1,MS1,INV-000265,SERVICE_PROCUREMENT
1011HG3068809-2194-1-1,MS1,INV-000265,SERVICE_PROCUREMENT
1011HG3068810-711-4-1,MS1,INV-000265,SERVICE_PROCUREMENT
1011HG3068809-2401-1-1,MS1,INV-000265,SERVICE_PROCUREMENT
1011HG3068809-1805-2-1,MS1,INV-000265,SERVICE_PROCUREMENT
1011HG3068810-604-2-1,MS1,INV-000265,SERVICE_PROCUREMENT
1011HG3068810-605-2-1,MS1,INV-000265,SERVICE_PROCUREMENT
1011HG3068810-616-1-1,MS1,INV-000265,SERVICE_PROCUREMENT
1011HG3068809-2363-3-1,MS1,INV-000265,SERVICE_PROCUREMENT
1011HG3068809-2375-2-1,MS1,INV-000265,SERVICE_PROCUREMENT
1011HG3068809-2376-2-1,MS1,INV-000265,SERVICE_PROCUREMENT
1011HG3068809-2401-2-1,MS1,INV-000265,SERVICE_PROCUREMENT
1011HG3068809-2375-1-1,MS1,INV-000265,SERVICE_PROCUREMENT
1011HG3068810-849-1-1,MS1,INV-000265,SERVICE_PROCUREMENT
1011HG3068810-603-2-1,MS1,INV-000265,SERVICE_PROCUREMENT
1011HG3068809-2121-3-1,MS1,INV-000265,SERVICE_PROCUREMENT
1011HG3068809-2223-3-1,MS1,INV-000265,SERVICE_PROCUREMENT
1011HG3068809-2122-3-1,MS1,INV-000265,SERVICE_PROCUREMENT
1011HG3167911-195-1-1,MS1,INV-000266,SERVICE_PROCUREMENT
1011HG3167912-254-1-1,MS1,INV-000266,SERVICE_PROCUREMENT
1011HG3167911-171-3-1,MS1,INV-000266,SERVICE_PROCUREMENT
1011HG3167911-171-2-1,MS1,INV-000266,SERVICE_PROCUREMENT
1011HG3068809-1769-1-1,MS1,INV-000266,SERVICE_PROCUREMENT
1011HG3068809-1777-1-1,MS1,INV-000266,SERVICE_PROCUREMENT
1011HG3068809-1991-1-1,MS1,INV-000266,SERVICE_PROCUREMENT
1011HG3068809-1309-1-1,MS1,INV-000266,SERVICE_PROCUREMENT
1011HG3068809-2353-1-1,MS1,INV-000266,SERVICE_PROCUREMENT
1011HG3068809-2351-1-1,MS1,INV-000266,SERVICE_PROCUREMENT
1011HG3068809-2358-1-1,MS1,INV-000266,SERVICE_PROCUREMENT
1011HG3068809-2006-1-1,MS1,INV-000266,SERVICE_PROCUREMENT
1011HG3068809-2361-1-1,MS1,INV-000266,SERVICE_PROCUREMENT
1011HG3068809-2435-1-1,MS1,INV-000266,SERVICE_PROCUREMENT
1011HG3068810-895-1-1,MS1,INV-000266,SERVICE_PROCUREMENT
1011HG3068810-893-1-1,MS1,INV-000266,SERVICE_PROCUREMENT
1011HG3068809-2262-1-1,MS1,INV-000266,SERVICE_PROCUREMENT
1011HG3167911-195-3-1,MS1,INV-000266,SERVICE_PROCUREMENT
1011HG3167911-171-5-1,MS1,INV-000266,SERVICE_PROCUREMENT
1011HG3167911-171-4-1,MS1,INV-000266,SERVICE_PROCUREMENT
1011HG3068809-1959-3-1,MS1,INV-000266,SERVICE_PROCUREMENT
1011HG3068809-2352-1-1,MS1,INV-000266,SERVICE_PROCUREMENT
1011HG3068809-2354-1-1,MS1,INV-000266,SERVICE_PROCUREMENT
1011HG3068809-2350-1-1,MS1,INV-000266,SERVICE_PROCUREMENT
1011HG3068809-2359-1-1,MS1,INV-000266,SERVICE_PROCUREMENT
1011HG3068809-1772-1-1,MS1,INV-000266,SERVICE_PROCUREMENT
1011HG3068809-1967-1-1,MS1,INV-000266,SERVICE_PROCUREMENT
1011HG3068810-894-1-1,MS1,INV-000266,SERVICE_PROCUREMENT
1011HG3167911-252-1-1,MS1,INV-000266,SERVICE_PROCUREMENT
1011HG3167911-188-1-1,MS1,INV-000266,SERVICE_PROCUREMENT
1011HG3068809-2356-1-1,MS1,INV-000266,SERVICE_PROCUREMENT
1011HG3068809-1989-1-1,MS1,INV-000266,SERVICE_PROCUREMENT
1011HG3068809-1967-3-1,MS1,INV-000266,SERVICE_PROCUREMENT
1011HG3167912-153-1-1,MS1,INV-000266,SERVICE_PROCUREMENT
1011HG3406093-1-1-1,MS1,INV-000266,SERVICE_PROCUREMENT
1011HG3068810-892-1-1,MS1,INV-000266,SERVICE_PROCUREMENT
1011HG3068809-2402-1-1,MS1,INV-000266,SERVICE_PROCUREMENT
1011HG3167911-229-1-1,MS1,INV-000266,SERVICE_PROCUREMENT
1011HG3167911-195-2-1,MS1,INV-000266,SERVICE_PROCUREMENT
1011HG3167911-195-4-1,MS1,INV-000266,SERVICE_PROCUREMENT
1011HG3167912-254-2-1,MS1,INV-000266,SERVICE_PROCUREMENT
1011HG3167911-171-1-1,MS1,INV-000266,SERVICE_PROCUREMENT
1011HG3167912-262-1-1,MS1,INV-000266,SERVICE_PROCUREMENT
1011HG3068809-1900-1-1,MS1,INV-000266,SERVICE_PROCUREMENT
1011HG3068809-1990-1-1,MS1,INV-000266,SERVICE_PROCUREMENT
1011HG3068809-2355-1-1,MS1,INV-000266,SERVICE_PROCUREMENT
1011HG3068809-2357-1-1,MS1,INV-000266,SERVICE_PROCUREMENT
1011HG3068809-1770-1-1,MS1,INV-000266,SERVICE_PROCUREMENT
1011HG3167911-192-1-1,MS1,INV-000266,SERVICE_PROCUREMENT
1011HG3068809-2403-2-1,MS1,INV-000266,SERVICE_PROCUREMENT
1011HG3068809-2388-1-1,MS1,INV-000266,SERVICE_PROCUREMENT
1011HG3068809-1376-6-1,MS1,INV-000266,SERVICE_PROCUREMENT
1011HG3068809-2392-1-1,MS1,INV-000273,SERVICE_PROCUREMENT
1011HG3068809-1987-2-1,MS1,INV-000273,SERVICE_PROCUREMENT
1011HG3167911-228-1-1,MS1,INV-000273,SERVICE_PROCUREMENT
1011HG3068809-1992-1-1,MS1,INV-000273,SERVICE_PROCUREMENT
1011HG3068809-2098-4-1,MS1,INV-000273,SERVICE_PROCUREMENT
1011HG3068809-1855-1-1,MS1,INV-000273,SERVICE_PROCUREMENT
1011HG3068809-1977-1-1,MS1,INV-000273,SERVICE_PROCUREMENT
1011HG3167912-158-3-1,MS1,INV-000273,SERVICE_PROCUREMENT
1011HG3068809-1546-1-1,MS1,INV-000273,SERVICE_PROCUREMENT
1011HG3167912-324-1-1,MS1,INV-000273,SERVICE_PROCUREMENT
1011HG3068809-30-3-1,MS1,INV-000273,SERVICE_PROCUREMENT
1011HG3068809-2510-1-1,MS1,INV-000273,SERVICE_PROCUREMENT
1011HG3167912-264-2-1,MS1,INV-000273,SERVICE_PROCUREMENT
1011HG3068810-870-1-1,MS1,INV-000273,SERVICE_PROCUREMENT
1011HG3167912-183-4-1,MS2,INV-000273,SERVICE_PROCUREMENT
1011HG3068809-2439-1-1,MS1,INV-000273,SERVICE_PROCUREMENT
1011HG3167911-228-3-1,MS1,INV-000273,SERVICE_PROCUREMENT
1011HG3167911-264-1-1,MS1,INV-000273,SERVICE_PROCUREMENT
1011HG3068809-1444-3-1,MS1,INV-000273,SERVICE_PROCUREMENT
1011HG3167911-262-1-1,MS1,INV-000273,SERVICE_PROCUREMENT
1011HG3167911-228-2-1,MS1,INV-000273,SERVICE_PROCUREMENT
1011HG3068809-2150-1-1,MS1,INV-000273,SERVICE_PROCUREMENT
1011HG3068809-1644-2-1,MS1,INV-000273,SERVICE_PROCUREMENT
1011HG3068809-1425-1-1,MS1,INV-000273,SERVICE_PROCUREMENT
1011HG3068809-2305-1-1,MS1,INV-000273,SERVICE_PROCUREMENT
1011HG3167911-236-1-1,MS1,INV-000273,SERVICE_PROCUREMENT
1011HG3068809-2440-1-1,MS1,INV-000273,SERVICE_PROCUREMENT
1011HG3167912-301-2-1,MS1,INV-000273,SERVICE_PROCUREMENT
1011HG3167912-183-1-1,MS2,INV-000273,SERVICE_PROCUREMENT
1011HG3068809-2441-1-1,MS1,INV-000273,SERVICE_PROCUREMENT
1011HG3068809-2501-4-1,MS1,INV-000273,SERVICE_PROCUREMENT
1011HG3068809-31-3-1,MS1,INV-000273,SERVICE_PROCUREMENT
1011HG3068809-1981-1-1,MS1,INV-000273,SERVICE_PROCUREMENT
1011HG3068809-2510-3-1,MS1,INV-000273,SERVICE_PROCUREMENT
1011HG3167912-264-1-1,MS1,INV-000273,SERVICE_PROCUREMENT
1011HG3068809-2501-1-1,MS1,INV-000273,SERVICE_PROCUREMENT
1011HG3167911-228-6-1,MS1,INV-000273,SERVICE_PROCUREMENT
1011HG3068809-2120-2-1,MS1,INV-000273,SERVICE_PROCUREMENT
1011HG3068809-2098-3-1,MS1,INV-000273,SERVICE_PROCUREMENT
1011HG3167912-183-2-1,MS2,INV-000273,SERVICE_PROCUREMENT
1011HG3068809-2187-3-1,MS1,INV-000273,SERVICE_PROCUREMENT
1011HG3068809-2501-2-1,MS1,INV-000273,SERVICE_PROCUREMENT
1011HG3167912-301-3-1,MS1,INV-000273,SERVICE_PROCUREMENT
1011HG3167911-228-5-1,MS1,INV-000273,SERVICE_PROCUREMENT
1011HG3167912-183-5-1,MS2,INV-000273,SERVICE_PROCUREMENT
1011HG3068810-869-1-1,MS1,INV-000273,SERVICE_PROCUREMENT
1011HG3167912-301-4-1,MS1,INV-000273,SERVICE_PROCUREMENT
1011HG3167912-259-1-1,MS1,INV-000273,SERVICE_PROCUREMENT
1011HG3068809-1606-1-1,MS1,INV-000273,SERVICE_PROCUREMENT
1011HG3167912-301-1-1,MS1,INV-000273,SERVICE_PROCUREMENT
1011HG3068809-1830-1-1,MS1,INV-000273,SERVICE_PROCUREMENT
1011HG3068810-871-1-1,MS1,INV-000273,SERVICE_PROCUREMENT
1011HG3068809-2362-1-1,MS1,INV-000273,SERVICE_PROCUREMENT
1011HG3068809-1859-1-1,MS1,INV-000273,SERVICE_PROCUREMENT
1011HG3068809-1605-1-1,MS1,INV-000273,SERVICE_PROCUREMENT
1011HG3068809-2501-5-1,MS1,INV-000273,SERVICE_PROCUREMENT
1011HG3167911-263-1-1,MS1,INV-000273,SERVICE_PROCUREMENT
1011HG3068809-2098-2-1,MS1,INV-000273,SERVICE_PROCUREMENT
1011HG3167911-247-1-1,MS1,INV-000273,SERVICE_PROCUREMENT
1011HG3167912-183-3-1,MS2,INV-000273,SERVICE_PROCUREMENT
1011HG3167911-265-1-1,MS1,INV-000273,SERVICE_PROCUREMENT
1011HG3167911-249-1-1,MS1,INV-000273,SERVICE_PROCUREMENT
1011HG3068809-1912-2-1,MS1,INV-000273,SERVICE_PROCUREMENT
1011HG3068809-2505-1-1,MS1,INV-000273,SERVICE_PROCUREMENT
1011HG3068809-2297-1-1,MS1,INV-000273,SERVICE_PROCUREMENT
1011HG3068809-2281-4-1,MS1,INV-000273,SERVICE_PROCUREMENT
1011HG3068809-1643-2-1,MS1,INV-000273,SERVICE_PROCUREMENT
1011HG3068809-1987-1-1,MS1,INV-000273,SERVICE_PROCUREMENT
1011HG3167911-228-4-1,MS1,INV-000273,SERVICE_PROCUREMENT
1011HG3167912-184-1-1,MS1,INV-000273,SERVICE_PROCUREMENT
1011HG3068809-1975-1-1,MS1,INV-000273,SERVICE_PROCUREMENT
1011HG3068809-1649-1-1,MS1,INV-000274,SERVICE_PROCUREMENT
1011HG3068809-2499-2-1,MS1,INV-000274,SERVICE_PROCUREMENT
1011HG3068810-866-1-1,MS1,INV-000274,SERVICE_PROCUREMENT
1011HG3068810-867-1-1,MS1,INV-000274,SERVICE_PROCUREMENT
1011HG3068810-887-1-1,MS1,INV-000274,SERVICE_PROCUREMENT
1011HG3068810-804-1-1,MS1,INV-000274,SERVICE_PROCUREMENT
1011HG3068810-833-1-1,MS1,INV-000274,SERVICE_PROCUREMENT
1011HG3068810-831-1-1,MS1,INV-000274,SERVICE_PROCUREMENT
1011HG3068809-1781-3-1,MS1,INV-000274,SERVICE_PROCUREMENT
1011HG3068809-2140-1-1,MS1,INV-000274,SERVICE_PROCUREMENT
1011HG3068809-2205-6-1,MS1,INV-000274,SERVICE_PROCUREMENT
1011HG3068809-2269-1-1,MS1,INV-000274,SERVICE_PROCUREMENT
1011HG3068809-2268-2-1,MS1,INV-000274,SERVICE_PROCUREMENT
1011HG3068810-838-3-1,MS1,INV-000274,SERVICE_PROCUREMENT
1011HG3068810-399-1-1,MS1,INV-000274,SERVICE_PROCUREMENT
1011HG3068809-2000-2-1,MS1,INV-000274,SERVICE_PROCUREMENT
1011HG3068809-1054-1-1,MS1,INV-000274,SERVICE_PROCUREMENT
1011HG3068810-404-1-1,MS1,INV-000274,SERVICE_PROCUREMENT
1011HG3068810-720-2-1,MS1,INV-000274,SERVICE_PROCUREMENT
1011HG3068809-1646-1-1,MS1,INV-000274,SERVICE_PROCUREMENT
1011HG3068809-2374-1-1,MS1,INV-000274,SERVICE_PROCUREMENT
1011HG3068810-865-1-1,MS1,INV-000274,SERVICE_PROCUREMENT
1011HG3068809-2425-1-1,MS1,INV-000274,SERVICE_PROCUREMENT
1011HG3068810-634-3-1,MS1,INV-000274,SERVICE_PROCUREMENT
1011HG3068810-790-6-1,MS1,INV-000274,SERVICE_PROCUREMENT
1011HG3068809-1782-4-1,MS1,INV-000274,SERVICE_PROCUREMENT
1011HG3068809-1685-1-1,MS1,INV-000274,SERVICE_PROCUREMENT
1011HG3068810-839-3-1,MS1,INV-000274,SERVICE_PROCUREMENT
1011HG3068809-2268-3-1,MS1,INV-000274,SERVICE_PROCUREMENT
1011HG3068809-2302-2-1,MS1,INV-000274,SERVICE_PROCUREMENT
1011HG3068810-407-1-1,MS1,INV-000274,SERVICE_PROCUREMENT
1011HG3068809-1997-1-1,MS1,INV-000274,SERVICE_PROCUREMENT
1011HG3068810-400-1-1,MS1,INV-000274,SERVICE_PROCUREMENT
1011HG3068809-1052-1-1,MS1,INV-000274,SERVICE_PROCUREMENT
1011HG3068809-1056-1-1,MS1,INV-000274,SERVICE_PROCUREMENT
1011HG3068810-565-2-1,MS1,INV-000274,SERVICE_PROCUREMENT
1011HG3068809-2500-3-1,MS1,INV-000274,SERVICE_PROCUREMENT
1011HG3068809-2372-1-1,MS1,INV-000274,SERVICE_PROCUREMENT
1011HG3068809-2371-1-1,MS1,INV-000274,SERVICE_PROCUREMENT
1011HG3068809-2426-1-1,MS1,INV-000274,SERVICE_PROCUREMENT
1011HG3068810-890-1-1,MS1,INV-000274,SERVICE_PROCUREMENT
1011HG3068809-2428-1-1,MS1,INV-000274,SERVICE_PROCUREMENT
1011HG3068809-2429-1-1,MS1,INV-000274,SERVICE_PROCUREMENT
1011HG3068810-891-1-1,MS1,INV-000274,SERVICE_PROCUREMENT
1011HG3068809-1787-2-1,MS1,INV-000274,SERVICE_PROCUREMENT
1011HG3068809-1544-3-1,MS1,INV-000274,SERVICE_PROCUREMENT
1011HG3068809-2205-3-1,MS1,INV-000274,SERVICE_PROCUREMENT
1011HG3068810-839-2-1,MS1,INV-000274,SERVICE_PROCUREMENT
1011HG3068809-2267-1-1,MS1,INV-000274,SERVICE_PROCUREMENT
1011HG3068809-2267-3-1,MS1,INV-000274,SERVICE_PROCUREMENT
1011HG3068810-401-1-1,MS1,INV-000274,SERVICE_PROCUREMENT
1011HG3068810-405-1-1,MS1,INV-000274,SERVICE_PROCUREMENT
1011HG3068810-566-4-1,MS1,INV-000274,SERVICE_PROCUREMENT
1011HG3068809-2373-1-1,MS1,INV-000274,SERVICE_PROCUREMENT
1011HG3068810-888-1-1,MS1,INV-000274,SERVICE_PROCUREMENT
1011HG3068809-2427-1-1,MS1,INV-000274,SERVICE_PROCUREMENT
1011HG3068810-889-1-1,MS1,INV-000274,SERVICE_PROCUREMENT
1011HG3068810-790-5-1,MS1,INV-000274,SERVICE_PROCUREMENT
1011HG3068809-1686-1-1,MS1,INV-000274,SERVICE_PROCUREMENT
1011HG3068809-1780-1-1,MS1,INV-000274,SERVICE_PROCUREMENT
1011HG3068810-784-1-1,MS1,INV-000274,SERVICE_PROCUREMENT
1011HG3068810-838-2-1,MS1,INV-000274,SERVICE_PROCUREMENT
1011HG3068809-2302-1-1,MS1,INV-000274,SERVICE_PROCUREMENT
1011HG3068810-398-1-1,MS1,INV-000274,SERVICE_PROCUREMENT
1011HG3068810-402-1-1,MS1,INV-000274,SERVICE_PROCUREMENT
1011HG3068809-1055-1-1,MS1,INV-000274,SERVICE_PROCUREMENT
1011HG3068810-403-1-1,MS1,INV-000274,SERVICE_PROCUREMENT
1011HG3068809-1053-1-1,MS1,INV-000274,SERVICE_PROCUREMENT
1011HG3068809-1057-1-1,MS1,INV-000274,SERVICE_PROCUREMENT
1011HG3068809-1059-1-1,MS1,INV-000274,SERVICE_PROCUREMENT
1011HG3068810-551-1-1,MS1,INV-000275,SERVICE_PROCUREMENT
1011HG3068809-1644-1-1,MS1,INV-000275,SERVICE_PROCUREMENT
1011HG3167911-191-1-1,MS1,INV-000275,SERVICE_PROCUREMENT
1011HG3068809-2459-3-1,MS1,INV-000275,SERVICE_PROCUREMENT
1011HG3068809-1786-1-1,MS1,INV-000275,SERVICE_PROCUREMENT
1011HG3068809-2598-1-1,MS1,INV-000275,SERVICE_PROCUREMENT
1011HG3068810-835-1-1,MS1,INV-000275,SERVICE_PROCUREMENT
1011HG3068810-812-5-1,MS1,INV-000275,SERVICE_PROCUREMENT
1011HG3068810-847-1-1,MS1,INV-000275,SERVICE_PROCUREMENT
1011HG3068810-813-5-1,MS1,INV-000275,SERVICE_PROCUREMENT
1011HG3068810-844-1-1,MS1,INV-000275,SERVICE_PROCUREMENT
1011HG3068809-2539-2-1,MS1,INV-000275,SERVICE_PROCUREMENT
1011HG3068810-551-2-1,MS1,INV-000275,SERVICE_PROCUREMENT
1011HG3068809-2187-4-1,MS1,INV-000275,SERVICE_PROCUREMENT
1011HG3068809-2120-5-1,MS1,INV-000275,SERVICE_PROCUREMENT
1011HG3068809-2120-3-1,MS1,INV-000275,SERVICE_PROCUREMENT
1011HG3068809-2287-1-1,MS1,INV-000275,SERVICE_PROCUREMENT
1011HG3167911-202-1-1,MS1,INV-000275,SERVICE_PROCUREMENT
1011HG3167911-190-1-1,MS1,INV-000275,SERVICE_PROCUREMENT
1011HG3167911-202-4-1,MS1,INV-000275,SERVICE_PROCUREMENT
1011HG3167911-202-7-1,MS1,INV-000275,SERVICE_PROCUREMENT
1011HG3167911-202-5-1,MS1,INV-000275,SERVICE_PROCUREMENT
1011HG3167911-170-1-1,MS1,INV-000275,SERVICE_PROCUREMENT
1011HG3068809-2459-2-1,MS1,INV-000275,SERVICE_PROCUREMENT
1011HG3068809-2596-1-1,MS1,INV-000275,SERVICE_PROCUREMENT
1011HG3068809-2594-1-1,MS1,INV-000275,SERVICE_PROCUREMENT
1011HG3068809-2597-1-1,MS1,INV-000275,SERVICE_PROCUREMENT
1011HG3068810-812-1-1,MS1,INV-000275,SERVICE_PROCUREMENT
1011HG3068810-836-1-1,MS1,INV-000275,SERVICE_PROCUREMENT
1011HG3068810-845-1-1,MS1,INV-000275,SERVICE_PROCUREMENT
1011HG3068809-2345-1-1,MS1,INV-000275,SERVICE_PROCUREMENT
1011HG3068809-2560-1-1,MS1,INV-000275,SERVICE_PROCUREMENT
1011HG3068809-2539-4-1,MS1,INV-000275,SERVICE_PROCUREMENT
1011HG3068809-1643-1-1,MS1,INV-000275,SERVICE_PROCUREMENT
1011HG3068810-907-1-1,MS1,INV-000275,SERVICE_PROCUREMENT
1011HG3167911-232-1-1,MS1,INV-000275,SERVICE_PROCUREMENT
1011HG3167911-202-2-1,MS1,INV-000275,SERVICE_PROCUREMENT
1011HG3068809-2506-1-1,MS1,INV-000275,SERVICE_PROCUREMENT
1011HG3068810-9-3-1,MS1,INV-000275,SERVICE_PROCUREMENT
1011HG3068810-8-3-1,MS1,INV-000275,SERVICE_PROCUREMENT
1011HG3068810-846-1-1,MS1,INV-000275,SERVICE_PROCUREMENT
1011HG3068810-813-2-1,MS1,INV-000275,SERVICE_PROCUREMENT
1011HG3068810-817-1-1,MS1,INV-000275,SERVICE_PROCUREMENT
1011HG3068809-2305-2-1,MS1,INV-000275,SERVICE_PROCUREMENT
1011HG3068809-2539-3-1,MS1,INV-000275,SERVICE_PROCUREMENT
1011HG3068809-2539-1-1,MS1,INV-000275,SERVICE_PROCUREMENT
1011HG3068809-1471-2-1,MS1,INV-000275,SERVICE_PROCUREMENT
1011HG3068810-550-1-1,MS1,INV-000275,SERVICE_PROCUREMENT
1011HG3068809-1471-1-1,MS1,INV-000275,SERVICE_PROCUREMENT
1011HG3068809-2508-1-1,MS1,INV-000275,SERVICE_PROCUREMENT
1011HG3068810-550-2-1,MS1,INV-000275,SERVICE_PROCUREMENT
1011HG3068809-2187-1-1,MS1,INV-000275,SERVICE_PROCUREMENT
1011HG3068809-2120-1-1,MS1,INV-000275,SERVICE_PROCUREMENT
1011HG3167911-202-3-1,MS1,INV-000275,SERVICE_PROCUREMENT
1011HG3167911-202-6-1,MS1,INV-000275,SERVICE_PROCUREMENT
1011HG3167911-189-1-1,MS1,INV-000275,SERVICE_PROCUREMENT
1011HG3167911-174-1-1,MS1,INV-000275,SERVICE_PROCUREMENT
1011HG3167912-336-1-1,MS1,INV-000275,SERVICE_PROCUREMENT
1011HG3068809-1587-1-1,MS1,INV-000275,SERVICE_PROCUREMENT
1011HG3068809-1584-3-1,MS1,INV-000275,SERVICE_PROCUREMENT
1011HG3068809-1588-1-1,MS1,INV-000275,SERVICE_PROCUREMENT
1011HG3068809-2599-1-1,MS1,INV-000275,SERVICE_PROCUREMENT
1011HG3068809-2595-1-1,MS1,INV-000275,SERVICE_PROCUREMENT
1011HG3068809-1784-1-1,MS1,INV-000275,SERVICE_PROCUREMENT
1011HG3068810-812-3-1,MS1,INV-000275,SERVICE_PROCUREMENT
1011HG3068810-813-3-1,MS1,INV-000275,SERVICE_PROCUREMENT
1011HG3068810-818-1-1,MS1,INV-000275,SERVICE_PROCUREMENT
1011HG3068809-2346-1-1,MS1,INV-000275,SERVICE_PROCUREMENT
1011HG3068809-2449-2-1,MS1,INV-000276,SERVICE_PROCUREMENT
1011HG3068809-2213-2-1,MS1,INV-000276,SERVICE_PROCUREMENT
1011HG3068809-2407-1-1,MS1,INV-000276,SERVICE_PROCUREMENT
1011HG3068809-2416-2-1,MS1,INV-000276,SERVICE_PROCUREMENT
1011HG3068809-2468-1-1,MS1,INV-000276,SERVICE_PROCUREMENT
1011HG3068809-2421-1-1,MS1,INV-000276,SERVICE_PROCUREMENT
1011HG3068809-1807-1-1,MS1,INV-000276,SERVICE_PROCUREMENT
1011HG3167911-109-1-1,MS1,INV-000276,SERVICE_PROCUREMENT
1011HG3068809-2212-1-1,MS1,INV-000276,SERVICE_PROCUREMENT
1011HG3068809-2212-2-1,MS1,INV-000276,SERVICE_PROCUREMENT
1011HG3068809-2406-1-1,MS1,INV-000276,SERVICE_PROCUREMENT
1011HG3068809-2417-1-1,MS1,INV-000276,SERVICE_PROCUREMENT
1011HG3068809-2417-2-1,MS1,INV-000276,SERVICE_PROCUREMENT
1011HG3068809-2421-2-1,MS1,INV-000276,SERVICE_PROCUREMENT
1011HG3068809-2411-1-1,MS1,INV-000276,SERVICE_PROCUREMENT
1011HG3167912-182-1-1,MS2,INV-000276,SERVICE_PROCUREMENT
1011HG3068809-2212-3-1,MS1,INV-000276,SERVICE_PROCUREMENT
1011HG3068809-2468-2-1,MS1,INV-000276,SERVICE_PROCUREMENT
1011HG3167912-182-3-1,MS2,INV-000276,SERVICE_PROCUREMENT
1011HG3167912-182-2-1,MS2,INV-000276,SERVICE_PROCUREMENT
1011HG3167911-109-2-1,MS1,INV-000276,SERVICE_PROCUREMENT
1011HG3068809-2509-2-1,MS1,INV-000276,SERVICE_PROCUREMENT
1011HG3068809-2509-1-1,MS1,INV-000276,SERVICE_PROCUREMENT
1011HG3068809-2535-1-1,MS1,INV-000276,SERVICE_PROCUREMENT
1011HG3068809-2443-1-1,MS1,INV-000276,SERVICE_PROCUREMENT
1011HG3068809-2213-1-1,MS1,INV-000276,SERVICE_PROCUREMENT
1011HG3068809-2406-2-1,MS1,INV-000276,SERVICE_PROCUREMENT
1011HG3068809-2416-1-1,MS1,INV-000276,SERVICE_PROCUREMENT
1011HG3068809-1988-1-1,MS1,INV-000276,SERVICE_PROCUREMENT
1011HG3068809-1936-1-1,MS1,INV-000283,SERVICE_PROCUREMENT
1011HG3068809-1904-1-1,MS1,INV-000283,SERVICE_PROCUREMENT
1011HG3068809-2331-1-1,MS1,INV-000283,SERVICE_PROCUREMENT
1011HG3068809-2432-2-1,MS1,INV-000283,SERVICE_PROCUREMENT
1011HG3068809-2431-3-1,MS1,INV-000283,SERVICE_PROCUREMENT
1011HG3068809-2454-1-1,MS1,INV-000283,SERVICE_PROCUREMENT
1011HG3167911-266-1-1,MS1,INV-000283,SERVICE_PROCUREMENT
1011HG3068809-1926-2-1,MS1,INV-000283,SERVICE_PROCUREMENT
1011HG3068809-1977-2-1,MS1,INV-000283,SERVICE_PROCUREMENT
1011HG3068809-1925-1-1,MS1,INV-000283,SERVICE_PROCUREMENT
1011HG3068809-1924-1-1,MS1,INV-000283,SERVICE_PROCUREMENT
1011HG3068809-2330-1-1,MS1,INV-000283,SERVICE_PROCUREMENT
1011HG3068809-2432-3-1,MS1,INV-000283,SERVICE_PROCUREMENT
1011HG3068809-2457-1-1,MS1,INV-000283,SERVICE_PROCUREMENT
1011HG3068809-2452-1-1,MS1,INV-000283,SERVICE_PROCUREMENT
1011HG3068809-2296-4-1,MS1,INV-000283,SERVICE_PROCUREMENT
1011HG3068809-2349-2-1,MS1,INV-000283,SERVICE_PROCUREMENT
1011HG3068809-2432-4-1,MS1,INV-000283,SERVICE_PROCUREMENT
1011HG3068809-2431-2-1,MS1,INV-000283,SERVICE_PROCUREMENT
1011HG3068809-2296-1-1,MS1,INV-000283,SERVICE_PROCUREMENT
1011HG3068809-2296-3-1,MS1,INV-000283,SERVICE_PROCUREMENT
1011HG3068809-2349-1-1,MS1,INV-000283,SERVICE_PROCUREMENT
1011HG3068809-1927-1-1,MS1,INV-000283,SERVICE_PROCUREMENT
1011HG3068809-2385-1-1,MS1,INV-000283,SERVICE_PROCUREMENT
1011HG3068809-1923-1-1,MS1,INV-000283,SERVICE_PROCUREMENT
1011HG3068809-2453-1-1,MS1,INV-000283,SERVICE_PROCUREMENT
1011HG3068809-2432-1-1,MS1,INV-000283,SERVICE_PROCUREMENT
1011HG3068809-2360-1-1,MS1,INV-000283,SERVICE_PROCUREMENT
1011HG3068809-2456-1-1,MS1,INV-000283,SERVICE_PROCUREMENT
1011HG3068809-2431-1-1,MS1,INV-000283,SERVICE_PROCUREMENT
1011HG3068809-2431-4-1,MS1,INV-000283,SERVICE_PROCUREMENT
1011HG3068809-50-1-1,MS1,INV-000283,SERVICE_PROCUREMENT
1011HG3068809-2527-1-1,MS1,INV-000283,SERVICE_PROCUREMENT
1011HG3068809-2296-2-1,MS1,INV-000283,SERVICE_PROCUREMENT
1011HG3068809-2347-1-1,MS1,INV-000283,SERVICE_PROCUREMENT
1011HG2894715-93-1-1,MS1,INV-000284,SERVICE_PROCUREMENT
1011HG3068809-2210-1-1,MS1,INV-000284,SERVICE_PROCUREMENT
1011HG3068809-2448-1-1,MS1,INV-000284,SERVICE_PROCUREMENT
1011HG3068809-1910-3-1,MS1,INV-000284,SERVICE_PROCUREMENT
1011HG3068809-1909-3-1,MS1,INV-000284,SERVICE_PROCUREMENT
1011HG3068809-2410-2-1,MS1,INV-000284,SERVICE_PROCUREMENT
1011HG3068809-1981-2-1,MS1,INV-000284,SERVICE_PROCUREMENT
1011HG3068809-2216-1-1,MS1,INV-000284,SERVICE_PROCUREMENT
1011HG3068810-816-2-1,MS1,INV-000284,SERVICE_PROCUREMENT
1011HG3068810-883-1-1,MS1,INV-000284,SERVICE_PROCUREMENT
1011HG3068810-884-1-1,MS1,INV-000284,SERVICE_PROCUREMENT
1011HG3068810-886-1-1,MS1,INV-000284,SERVICE_PROCUREMENT
1011HG3068809-2286-1-1,MS1,INV-000284,SERVICE_PROCUREMENT
1011HG3068809-2268-4-1,MS1,INV-000284,SERVICE_PROCUREMENT
1011HG3068809-1406-1-1,MS1,INV-000284,SERVICE_PROCUREMENT
1011HG3068809-2325-1-1,MS1,INV-000284,SERVICE_PROCUREMENT
1011HG3068809-2438-2-1,MS1,INV-000284,SERVICE_PROCUREMENT
1011HG3068809-2437-1-1,MS1,INV-000284,SERVICE_PROCUREMENT
1011HG3068809-2323-1-1,MS1,INV-000284,SERVICE_PROCUREMENT
1011HG3068809-1910-4-1,MS1,INV-000284,SERVICE_PROCUREMENT
1011HG3068809-1910-1-1,MS1,INV-000284,SERVICE_PROCUREMENT
1011HG3068809-2410-1-1,MS1,INV-000284,SERVICE_PROCUREMENT
1011HG3068809-2633-1-1,MS1,INV-000284,SERVICE_PROCUREMENT
1011HG3068810-816-3-1,MS1,INV-000284,SERVICE_PROCUREMENT
1011HG3068810-885-1-1,MS1,INV-000284,SERVICE_PROCUREMENT
1011HG3068809-2268-1-1,MS1,INV-000284,SERVICE_PROCUREMENT
1011HG3068809-1659-3-1,MS1,INV-000284,SERVICE_PROCUREMENT
1011HG3068809-2436-2-1,MS1,INV-000284,SERVICE_PROCUREMENT
1011HG3068809-2451-1-1,MS1,INV-000284,SERVICE_PROCUREMENT
1011HG2894717-124-1-1,MS1,INV-000284,SERVICE_PROCUREMENT
1011HG3068809-41-1-1,MS1,INV-000284,SERVICE_PROCUREMENT
1011HG3068809-2581-2-1,MS1,INV-000284,SERVICE_PROCUREMENT
1011HG3068809-2581-1-1,MS1,INV-000284,SERVICE_PROCUREMENT
1011HG3068810-879-1-1,MS1,INV-000284,SERVICE_PROCUREMENT
1011HG3068809-2499-4-1,MS1,INV-000284,SERVICE_PROCUREMENT
1011HG3068810-877-1-1,MS1,INV-000284,SERVICE_PROCUREMENT
1011HG3068810-882-1-1,MS1,INV-000284,SERVICE_PROCUREMENT
1011HG3068809-1659-5-1,MS1,INV-000284,SERVICE_PROCUREMENT
1011HG3068809-2436-1-1,MS1,INV-000284,SERVICE_PROCUREMENT
1011HG3068809-2438-1-1,MS1,INV-000284,SERVICE_PROCUREMENT
1011HG3068809-2437-2-1,MS1,INV-000284,SERVICE_PROCUREMENT
1011HG2894717-9-1-1,MS1,INV-000284,SERVICE_PROCUREMENT
1011HG3068809-2414-2-1,MS1,INV-000284,SERVICE_PROCUREMENT
1011HG3068809-2210-2-1,MS1,INV-000284,SERVICE_PROCUREMENT
1011HG3068809-2448-2-1,MS1,INV-000284,SERVICE_PROCUREMENT
1011HG3068809-1911-3-1,MS1,INV-000284,SERVICE_PROCUREMENT
1011HG3068810-878-1-1,MS1,INV-000284,SERVICE_PROCUREMENT
1011HG3068810-881-1-1,MS1,INV-000284,SERVICE_PROCUREMENT
1011HG3068810-880-1-1,MS1,INV-000284,SERVICE_PROCUREMENT
1011HG3068810-415-1-1,MS1,INV-000284,SERVICE_PROCUREMENT
1011HG3068809-2285-1-1,MS1,INV-000284,SERVICE_PROCUREMENT
1011HG3068809-2140-2-1,MS1,INV-000284,SERVICE_PROCUREMENT
1011HG3068809-1821-1-1,MS1,INV-000285,SERVICE_PROCUREMENT
1011HG3068809-2119-3-1,MS1,INV-000285,SERVICE_PROCUREMENT
1011HG3068809-2114-2-1,MS1,INV-000285,SERVICE_PROCUREMENT
1011HG3068809-2034-2-1,MS1,INV-000285,SERVICE_PROCUREMENT
1011HG3068810-708-1-1,MS1,INV-000285,SERVICE_PROCUREMENT
1011HG3167912-38-4-1,MS1,INV-000285,SERVICE_PROCUREMENT
1011HG3167912-321-1-1,MS1,INV-000285,SERVICE_PROCUREMENT
1011HG3167912-325-3-1,MS1,INV-000285,SERVICE_PROCUREMENT
1011HG3167912-325-6-1,MS1,INV-000285,SERVICE_PROCUREMENT
1011HG3167911-257-3-1,MS1,INV-000285,SERVICE_PROCUREMENT
1011HG3068809-2381-1-1,MS1,INV-000285,SERVICE_PROCUREMENT
1011HG3068809-2088-1-1,MS1,INV-000285,SERVICE_PROCUREMENT
1011HG3068809-2032-2-1,MS1,INV-000285,SERVICE_PROCUREMENT
1011HG3068809-2116-3-1,MS1,INV-000285,SERVICE_PROCUREMENT
1011HG3068809-2021-1-1,MS1,INV-000285,SERVICE_PROCUREMENT
1011HG3068810-709-1-1,MS1,INV-000285,SERVICE_PROCUREMENT
1011HG3068810-710-1-1,MS1,INV-000285,SERVICE_PROCUREMENT
1011HG3068809-2624-1-1,MS1,INV-000285,SERVICE_PROCUREMENT
1011HG3068809-1975-2-1,MS1,INV-000285,SERVICE_PROCUREMENT
1011HG3167912-317-5-1,MS1,INV-000285,SERVICE_PROCUREMENT
1011HG3167912-38-2-1,MS1,INV-000285,SERVICE_PROCUREMENT
1011HG3167912-325-2-1,MS1,INV-000285,SERVICE_PROCUREMENT
1011HG3167911-186-1-1,MS1,INV-000285,SERVICE_PROCUREMENT
1011HG3167911-257-4-1,MS1,INV-000285,SERVICE_PROCUREMENT
1011HG3167911-257-5-1,MS1,INV-000285,SERVICE_PROCUREMENT
1011HG3167911-257-6-1,MS1,INV-000285,SERVICE_PROCUREMENT
1011HG3167911-257-2-1,MS1,INV-000285,SERVICE_PROCUREMENT
1011HG3068809-2492-2-1,MS1,INV-000285,SERVICE_PROCUREMENT
1011HG3068809-2533-1-1,MS1,INV-000285,SERVICE_PROCUREMENT
1011HG3068809-538-1-1,MS1,INV-000285,SERVICE_PROCUREMENT
1011HG3068809-2229-4-1,MS1,INV-000285,SERVICE_PROCUREMENT
1011HG3068809-2120-4-1,MS1,INV-000285,SERVICE_PROCUREMENT
1011HG3068809-2625-1-1,MS1,INV-000285,SERVICE_PROCUREMENT
1011HG3068809-2625-2-1,MS1,INV-000285,SERVICE_PROCUREMENT
1011HG3167912-38-1-1,MS1,INV-000285,SERVICE_PROCUREMENT
1011HG3167912-38-3-1,MS1,INV-000285,SERVICE_PROCUREMENT
1011HG3167912-317-1-1,MS1,INV-000285,SERVICE_PROCUREMENT
1011HG3167912-317-3-1,MS1,INV-000285,SERVICE_PROCUREMENT
1011HG3167912-37-2-1,MS1,INV-000285,SERVICE_PROCUREMENT
1011HG3167912-37-1-1,MS1,INV-000285,SERVICE_PROCUREMENT
1011HG3068809-36-1-1,MS1,INV-000285,SERVICE_PROCUREMENT
1011HG2894718-24-1-1,MS1,INV-000285,SERVICE_PROCUREMENT
1011HG3167912-337-1-1,MS1,INV-000285,SERVICE_PROCUREMENT
1011HG3167912-325-5-1,MS1,INV-000285,SERVICE_PROCUREMENT
1011HG3167911-261-1-1,MS1,INV-000285,SERVICE_PROCUREMENT
1011HG3068809-2430-1-1,MS1,INV-000285,SERVICE_PROCUREMENT
1011HG3167912-38-5-1,MS1,INV-000285,SERVICE_PROCUREMENT
1011HG3167912-40-1-1,MS1,INV-000285,SERVICE_PROCUREMENT
1011HG3167912-317-4-1,MS1,INV-000285,SERVICE_PROCUREMENT
1011HG3167912-317-2-1,MS1,INV-000285,SERVICE_PROCUREMENT
1011HG3068810-735-5-1,MS1,INV-000285,SERVICE_PROCUREMENT
1011HG3068809-2021-4-1,MS1,INV-000285,SERVICE_PROCUREMENT
1011HG3068810-709-2-1,MS1,INV-000285,SERVICE_PROCUREMENT
1011HG3068809-2245-3-1,MS1,INV-000285,SERVICE_PROCUREMENT
1011HG3068809-2624-2-1,MS1,INV-000285,SERVICE_PROCUREMENT
1011HG3167911-317-1-1,MS1,INV-000285,SERVICE_PROCUREMENT
1011HG3167912-330-1-1,MS1,INV-000285,SERVICE_PROCUREMENT
1011HG3167912-37-3-1,MS1,INV-000285,SERVICE_PROCUREMENT
1011HG3167912-325-1-1,MS1,INV-000285,SERVICE_PROCUREMENT
1011HG3167912-325-4-1,MS1,INV-000285,SERVICE_PROCUREMENT
1011HG3167911-257-1-1,MS1,INV-000285,SERVICE_PROCUREMENT
1011HG3068809-2541-1-1,MS1,INV-000285,SERVICE_PROCUREMENT
1011HG3068810-215-1-1,MS1,INV-000285,SERVICE_PROCUREMENT
1011HG3068809-2430-2-1,MS1,INV-000285,SERVICE_PROCUREMENT
1011HG3068809-2690-1-1,MS1,INV-000286,SERVICE_PROCUREMENT
1011HG3167912-22-5-1,MS1,INV-000286,SERVICE_PROCUREMENT
1011HG3167912-22-2-1,MS1,INV-000286,SERVICE_PROCUREMENT
1011HG3167912-331-1-1,MS1,INV-000286,SERVICE_PROCUREMENT
1011HG3167912-19-2-1,MS1,INV-000286,SERVICE_PROCUREMENT
1011HG3068809-2507-1-1,MS1,INV-000286,SERVICE_PROCUREMENT
1011HG3068809-2368-1-1,MS1,INV-000286,SERVICE_PROCUREMENT
1011HG3167911-319-1-1,MS1,INV-000286,SERVICE_PROCUREMENT
1011HG3167911-270-3-1,MS1,INV-000286,SERVICE_PROCUREMENT
1011HG3167911-270-1-1,MS1,INV-000286,SERVICE_PROCUREMENT
1011HG3167912-349-1-1,MS1,INV-000286,SERVICE_PROCUREMENT
1011HG3068809-2706-1-1,MS1,INV-000286,SERVICE_PROCUREMENT
1011HG3167912-306-1-1,MS1,INV-000286,SERVICE_PROCUREMENT
1011HG3167912-41-1-1,MS1,INV-000286,SERVICE_PROCUREMENT
1011HG3167912-319-1-1,MS1,INV-000286,SERVICE_PROCUREMENT
1011HG3068809-2301-1-1,MS1,INV-000286,SERVICE_PROCUREMENT
1011HG3068810-956-1-1,MS1,INV-000286,SERVICE_PROCUREMENT
1011HG3068809-2709-1-1,MS1,INV-000286,SERVICE_PROCUREMENT
1011HG3167911-271-1-1,MS1,INV-000286,SERVICE_PROCUREMENT
1011HG3167911-271-4-1,MS1,INV-000286,SERVICE_PROCUREMENT
1011HG3167912-350-1-1,MS1,INV-000286,SERVICE_PROCUREMENT
1011HG3068809-2682-1-1,MS1,INV-000286,SERVICE_PROCUREMENT
1011HG3068809-2691-1-1,MS1,INV-000286,SERVICE_PROCUREMENT
1011HG3068809-2697-1-1,MS1,INV-000286,SERVICE_PROCUREMENT
1011HG3167912-22-4-1,MS1,INV-000286,SERVICE_PROCUREMENT
1011HG3167912-36-1-1,MS1,INV-000286,SERVICE_PROCUREMENT
1011HG3167912-19-3-1,MS1,INV-000286,SERVICE_PROCUREMENT
1011HG3068809-2669-1-1,MS1,INV-000286,SERVICE_PROCUREMENT
1011HG3068809-2710-1-1,MS1,INV-000286,SERVICE_PROCUREMENT
1011HG3068809-2713-1-1,MS1,INV-000286,SERVICE_PROCUREMENT
1011HG3167911-271-2-1,MS1,INV-000286,SERVICE_PROCUREMENT
1011HG3167911-270-2-1,MS1,INV-000286,SERVICE_PROCUREMENT
1011HG3068809-2525-1-1,MS1,INV-000286,SERVICE_PROCUREMENT
1011HG3167912-24-1-1,MS1,INV-000286,SERVICE_PROCUREMENT
1011HG3167912-22-3-1,MS1,INV-000286,SERVICE_PROCUREMENT
1011HG3167912-22-1-1,MS1,INV-000286,SERVICE_PROCUREMENT
1011HG3167912-19-1-1,MS1,INV-000286,SERVICE_PROCUREMENT
1011HG3068809-2507-2-1,MS1,INV-000286,SERVICE_PROCUREMENT
1011HG3068809-2711-1-1,MS1,INV-000286,SERVICE_PROCUREMENT
1011HG3167911-318-1-1,MS1,INV-000286,SERVICE_PROCUREMENT
1011HG3167911-270-4-1,MS1,INV-000286,SERVICE_PROCUREMENT
1011HG3167911-271-3-1,MS1,INV-000286,SERVICE_PROCUREMENT
1011HG3068809-2298-2-1,MS1,INV-000287,SERVICE_PROCUREMENT
1011HG3068810-713-2-1,MS1,INV-000287,SERVICE_PROCUREMENT
1011HG3068809-2767-1-1,MS1,INV-000287,SERVICE_PROCUREMENT
1011HG3068810-863-1-1,MS1,INV-000287,SERVICE_PROCUREMENT
1011HG3068810-864-1-1,MS1,INV-000287,SERVICE_PROCUREMENT
1011HG3068809-2387-1-1,MS1,INV-000287,SERVICE_PROCUREMENT
1011HG3068810-862-1-1,MS1,INV-000287,SERVICE_PROCUREMENT
1011HG3068809-2023-1-1,MS1,INV-000287,SERVICE_PROCUREMENT
1011HG3068809-2023-3-1,MS1,INV-000287,SERVICE_PROCUREMENT
1011HG3068809-2046-1-1,MS1,INV-000287,SERVICE_PROCUREMENT
1011HG3068809-2294-1-1,MS1,INV-000287,SERVICE_PROCUREMENT
1011HG3068810-535-2-1,MS1,INV-000287,SERVICE_PROCUREMENT
1011HG3068809-2020-3-1,MS1,INV-000287,SERVICE_PROCUREMENT
1011HG3068810-605-3-1,MS1,INV-000287,SERVICE_PROCUREMENT
1011HG3068810-617-1-1,MS1,INV-000287,SERVICE_PROCUREMENT
1011HG3068810-616-3-1,MS1,INV-000287,SERVICE_PROCUREMENT
1011HG3068809-2022-3-1,MS1,INV-000287,SERVICE_PROCUREMENT
1011HG3068809-2680-1-1,MS1,INV-000287,SERVICE_PROCUREMENT
1011HG3068809-1920-1-1,MS1,INV-000287,SERVICE_PROCUREMENT
1011HG3068810-743-1-1,MS1,INV-000287,SERVICE_PROCUREMENT
1011HG3068810-913-1-1,MS1,INV-000287,SERVICE_PROCUREMENT
1011HG3068809-1691-3-1,MS1,INV-000287,SERVICE_PROCUREMENT
1011HG3068810-943-1-1,MS1,INV-000287,SERVICE_PROCUREMENT
1011HG3068810-719-2-1,MS1,INV-000287,SERVICE_PROCUREMENT
1011HG3068809-2702-1-1,MS1,INV-000287,SERVICE_PROCUREMENT
1011HG3068809-2289-1-1,MS1,INV-000287,SERVICE_PROCUREMENT
1011HG3068809-2094-2-1,MS1,INV-000287,SERVICE_PROCUREMENT
1011HG3068809-2182-3-1,MS1,INV-000287,SERVICE_PROCUREMENT
1011HG3068810-868-1-1,MS1,INV-000287,SERVICE_PROCUREMENT
1011HG3068809-2033-1-1,MS1,INV-000287,SERVICE_PROCUREMENT
1011HG3068809-2117-1-1,MS1,INV-000287,SERVICE_PROCUREMENT
1011HG3068809-2046-2-1,MS1,INV-000287,SERVICE_PROCUREMENT
1011HG3068809-2046-4-1,MS1,INV-000287,SERVICE_PROCUREMENT
1011HG3068809-2562-1-1,MS1,INV-000287,SERVICE_PROCUREMENT
1011HG3068809-2293-1-1,MS1,INV-000287,SERVICE_PROCUREMENT
1011HG3068809-2294-4-1,MS1,INV-000287,SERVICE_PROCUREMENT
1011HG3068809-2164-3-1,MS1,INV-000287,SERVICE_PROCUREMENT
1011HG3068809-2187-2-1,MS1,INV-000287,SERVICE_PROCUREMENT
1011HG3068809-2678-1-1,MS1,INV-000287,SERVICE_PROCUREMENT
1011HG3068809-2501-3-1,MS1,INV-000287,SERVICE_PROCUREMENT
1011HG3068809-1816-5-1,MS1,INV-000287,SERVICE_PROCUREMENT
1011HG3068810-944-1-1,MS1,INV-000287,SERVICE_PROCUREMENT
1011HG3068809-1669-3-1,MS1,INV-000287,SERVICE_PROCUREMENT
1011HG3068810-581-2-1,MS1,INV-000287,SERVICE_PROCUREMENT
1011HG3068810-733-3-1,MS1,INV-000287,SERVICE_PROCUREMENT
1011HG3068810-723-2-1,MS1,INV-000287,SERVICE_PROCUREMENT
1011HG3068810-954-1-1,MS1,INV-000287,SERVICE_PROCUREMENT
1011HG3068809-1779-4-1,MS1,INV-000287,SERVICE_PROCUREMENT
1011HG3068809-1687-1-1,MS1,INV-000287,SERVICE_PROCUREMENT
1011HG3068810-822-1-1,MS1,INV-000287,SERVICE_PROCUREMENT
1011HG3068809-2290-1-1,MS1,INV-000287,SERVICE_PROCUREMENT
1011HG3068809-2291-4-1,MS1,INV-000287,SERVICE_PROCUREMENT
1011HG3068809-2095-1-1,MS1,INV-000287,SERVICE_PROCUREMENT
1011HG3068809-2757-1-1,MS1,INV-000287,SERVICE_PROCUREMENT
1011HG3068809-2765-1-1,MS1,INV-000287,SERVICE_PROCUREMENT
1011HG3068809-2764-1-1,MS1,INV-000287,SERVICE_PROCUREMENT
1011HG3068809-2391-1-1,MS1,INV-000287,SERVICE_PROCUREMENT
1011HG3068809-2386-2-1,MS1,INV-000287,SERVICE_PROCUREMENT
1011HG3068810-471-1-1,MS1,INV-000287,SERVICE_PROCUREMENT
1011HG3068809-2245-1-1,MS1,INV-000287,SERVICE_PROCUREMENT
1011HG3068809-2245-2-1,MS1,INV-000287,SERVICE_PROCUREMENT
1011HG3068809-2343-2-1,MS1,INV-000287,SERVICE_PROCUREMENT
1011HG3068809-2343-1-1,MS1,INV-000287,SERVICE_PROCUREMENT
1011HG3068809-2096-3-1,MS1,INV-000287,SERVICE_PROCUREMENT
1011HG3068810-537-1-1,MS1,INV-000287,SERVICE_PROCUREMENT
1011HG3068809-2299-4-1,MS1,INV-000287,SERVICE_PROCUREMENT
1011HG3068810-532-2-1,MS1,INV-000287,SERVICE_PROCUREMENT
1011HG3068809-2024-1-1,MS1,INV-000287,SERVICE_PROCUREMENT
1011HG3068809-2020-4-1,MS1,INV-000287,SERVICE_PROCUREMENT
1011HG3068809-2246-3-1,MS1,INV-000287,SERVICE_PROCUREMENT
1011HG3068809-2022-2-1,MS1,INV-000287,SERVICE_PROCUREMENT
1011HG3167912-333-1-1,MS1,INV-000287,SERVICE_PROCUREMENT
1011HG3167912-323-1-1,MS1,INV-000287,SERVICE_PROCUREMENT
1011HG3068809-2734-1-1,MS1,INV-000287,SERVICE_PROCUREMENT
1011HG3068809-2586-4-1,MS1,INV-000287,SERVICE_PROCUREMENT
1011HG3068809-2604-1-1,MS1,INV-000287,SERVICE_PROCUREMENT
1011HG3068810-955-1-1,MS1,INV-000287,SERVICE_PROCUREMENT
1011HG3068809-1779-5-1,MS1,INV-000287,SERVICE_PROCUREMENT
1011HG3068810-726-4-1,MS1,INV-000287,SERVICE_PROCUREMENT
1011HG3068809-2239-1-1,MS1,INV-000287,SERVICE_PROCUREMENT
1011HG3068810-798-4-1,MS1,INV-000287,SERVICE_PROCUREMENT
1011HG2894715-102-1-1,MS1,INV-000287,SERVICE_PROCUREMENT
1011HG3068809-2701-1-1,MS1,INV-000287,SERVICE_PROCUREMENT
1011HG3068810-714-2-1,MS1,INV-000287,SERVICE_PROCUREMENT
1011HG3068809-2298-1-1,MS1,INV-000287,SERVICE_PROCUREMENT
1011HG3068809-2756-1-1,MS1,INV-000287,SERVICE_PROCUREMENT
1011HG3068809-2766-1-1,MS1,INV-000287,SERVICE_PROCUREMENT
1011HG3068809-2662-1-1,MS1,INV-000287,SERVICE_PROCUREMENT
1011HG3068810-862-2-1,MS1,INV-000287,SERVICE_PROCUREMENT
1011HG3068809-2386-1-1,MS1,INV-000287,SERVICE_PROCUREMENT
1011HG3068809-2391-2-1,MS1,INV-000287,SERVICE_PROCUREMENT
1011HG3068809-2118-5-1,MS1,INV-000287,SERVICE_PROCUREMENT
1011HG3068809-2031-1-1,MS1,INV-000287,SERVICE_PROCUREMENT
1011HG3068809-2046-3-1,MS1,INV-000287,SERVICE_PROCUREMENT
1011HG3068809-2561-1-1,MS1,INV-000287,SERVICE_PROCUREMENT
1011HG3068809-2163-3-1,MS1,INV-000287,SERVICE_PROCUREMENT
1011HG3068810-532-1-1,MS1,INV-000287,SERVICE_PROCUREMENT
1011HG3068809-2293-3-1,MS1,INV-000287,SERVICE_PROCUREMENT
1011HG3068809-2018-1-1,MS1,INV-000287,SERVICE_PROCUREMENT
1011HG3068809-2019-2-1,MS1,INV-000287,SERVICE_PROCUREMENT
1011HG3068809-2025-1-1,MS1,INV-000287,SERVICE_PROCUREMENT
1011HG3068809-2017-2-1,MS1,INV-000287,SERVICE_PROCUREMENT
1011HG3068809-2016-1-1,MS1,INV-000287,SERVICE_PROCUREMENT
1011HG3068809-2563-1-1,MS1,INV-000287,SERVICE_PROCUREMENT
1011HG3068809-2026-1-1,MS1,INV-000287,SERVICE_PROCUREMENT
1011HG3068809-2712-1-1,MS1,INV-000287,SERVICE_PROCUREMENT
1011HG3068809-2586-3-1,MS1,INV-000287,SERVICE_PROCUREMENT
1011HG3068810-721-2-1,MS1,INV-000287,SERVICE_PROCUREMENT
1011HG3068809-1664-2-1,MS1,INV-000287,SERVICE_PROCUREMENT
1011HG3068810-912-1-1,MS1,INV-000287,SERVICE_PROCUREMENT
1011HG3068810-945-1-1,MS1,INV-000287,SERVICE_PROCUREMENT
1011HG3068809-1690-3-1,MS1,INV-000287,SERVICE_PROCUREMENT
1011HG3068809-1688-4-1,MS1,INV-000287,SERVICE_PROCUREMENT
1011HG3068809-2227-4-1,MS1,INV-000287,SERVICE_PROCUREMENT
1011HG3068809-2227-1-1,MS1,INV-000287,SERVICE_PROCUREMENT
1011HG3068809-2319-1-1,MS1,INV-000287,SERVICE_PROCUREMENT
1011HG3068810-854-1-1,MS1,INV-000287,SERVICE_PROCUREMENT
1011HG3068810-798-3-1,MS1,INV-000287,SERVICE_PROCUREMENT
1011HG2894715-460-1-1,MS1,INV-000287,SERVICE_PROCUREMENT
1011HG3068809-2714-1-1,MS1,INV-000287,SERVICE_PROCUREMENT
1011HG3068809-2579-1-1,MS1,INV-000288,SERVICE_PROCUREMENT
1011HG3068809-2747-1-1,MS1,INV-000288,SERVICE_PROCUREMENT
1011HG3068810-923-1-1,MS1,INV-000288,SERVICE_PROCUREMENT
1011HG3068809-2578-1-1,MS1,INV-000288,SERVICE_PROCUREMENT
1011HG3068809-2514-2-1,MS1,INV-000288,SERVICE_PROCUREMENT
1011HG3068809-2514-1-1,MS1,INV-000288,SERVICE_PROCUREMENT
1011HG3068809-2580-1-1,MS1,INV-000288,SERVICE_PROCUREMENT
1011HG3068809-2575-1-1,MS1,INV-000288,SERVICE_PROCUREMENT
1011HG3068810-918-1-1,MS1,INV-000288,SERVICE_PROCUREMENT
1011HG3068810-919-1-1,MS1,INV-000288,SERVICE_PROCUREMENT
1011HG3068810-917-1-1,MS1,INV-000288,SERVICE_PROCUREMENT
1011HG3068810-921-1-1,MS1,INV-000288,SERVICE_PROCUREMENT
1011HG3068809-2667-1-1,MS1,INV-000288,SERVICE_PROCUREMENT
1011HG3167912-21-1-1,MS1,INV-000288,SERVICE_PROCUREMENT
1011HG3068809-1965-1-1,MS1,INV-000288,SERVICE_PROCUREMENT
1011HG3068809-2571-2-1,MS1,INV-000288,SERVICE_PROCUREMENT
1011HG3068810-924-1-1,MS1,INV-000288,SERVICE_PROCUREMENT
1011HG3068809-2747-4-1,MS1,INV-000288,SERVICE_PROCUREMENT
1011HG3167912-34-1-1,MS1,INV-000288,SERVICE_PROCUREMENT
1011HG3167912-308-2-1,MS1,INV-000288,SERVICE_PROCUREMENT
1011HG3167912-308-1-1,MS1,INV-000288,SERVICE_PROCUREMENT
1011HG3167912-318-1-1,MS1,INV-000288,SERVICE_PROCUREMENT
1011HG3068809-2576-1-1,MS1,INV-000288,SERVICE_PROCUREMENT
1011HG3068809-2747-3-1,MS1,INV-000288,SERVICE_PROCUREMENT
1011HG3068809-2747-2-1,MS1,INV-000288,SERVICE_PROCUREMENT
1011HG3068810-922-1-1,MS1,INV-000288,SERVICE_PROCUREMENT
1011HG3167912-308-3-1,MS1,INV-000288,SERVICE_PROCUREMENT
1011HG3068809-1806-2-1,MS1,INV-000290,SERVICE_PROCUREMENT
1011HG3068810-666-2-1,MS1,INV-000290,SERVICE_PROCUREMENT
1011HG3068810-664-1-1,MS1,INV-000290,SERVICE_PROCUREMENT
1011HG3068810-662-1-1,MS1,INV-000290,SERVICE_PROCUREMENT
1011HG3068809-1453-1-1,MS1,INV-000290,SERVICE_PROCUREMENT
1011HG3068810-419-1-1,MS1,INV-000290,SERVICE_PROCUREMENT
1011HG3068810-418-1-1,MS1,INV-000290,SERVICE_PROCUREMENT
1011HG3068809-2369-1-1,MS1,INV-000290,SERVICE_PROCUREMENT
1011HG3068809-2188-2-1,MS1,INV-000290,SERVICE_PROCUREMENT
1011HG3068810-815-3-1,MS1,INV-000290,SERVICE_PROCUREMENT
1011HG3068810-663-1-1,MS1,INV-000290,SERVICE_PROCUREMENT
1011HG3068809-2621-1-1,MS1,INV-000290,SERVICE_PROCUREMENT
1011HG3068809-2571-1-1,MS1,INV-000290,SERVICE_PROCUREMENT
1011HG3068809-2569-1-1,MS1,INV-000290,SERVICE_PROCUREMENT
1011HG3068809-1348-1-1,MS1,INV-000290,SERVICE_PROCUREMENT
1011HG3068810-426-1-1,MS1,INV-000290,SERVICE_PROCUREMENT
1011HG2894717-198-1-1,MS1,INV-000290,SERVICE_PROCUREMENT
1011HG3068810-815-4-1,MS1,INV-000290,SERVICE_PROCUREMENT
1011HG3068810-665-1-1,MS1,INV-000290,SERVICE_PROCUREMENT
1011HG3167912-84-1-1,MS1,INV-000290,SERVICE_PROCUREMENT
1011HG3068809-2621-2-1,MS1,INV-000290,SERVICE_PROCUREMENT
1011HG3068809-2013-2-1,MS1,INV-000290,SERVICE_PROCUREMENT
1011HG3068810-431-1-1,MS1,INV-000290,SERVICE_PROCUREMENT
1011HG3068810-422-1-1,MS1,INV-000290,SERVICE_PROCUREMENT
1011HG3068810-430-1-1,MS1,INV-000290,SERVICE_PROCUREMENT
1011HG3068810-816-4-1,MS1,INV-000290,SERVICE_PROCUREMENT
1011HG3068810-816-1-1,MS1,INV-000290,SERVICE_PROCUREMENT
1011HG3068810-661-2-1,MS1,INV-000290,SERVICE_PROCUREMENT
1011HG3167912-351-1-1,MS1,INV-000290,SERVICE_PROCUREMENT
1011HG3068809-2623-1-1,MS1,INV-000290,SERVICE_PROCUREMENT
1011HG3068809-2571-5-1,MS1,INV-000290,SERVICE_PROCUREMENT
1011HG3068809-2571-4-1,MS1,INV-000290,SERVICE_PROCUREMENT
1011HG3068809-2014-2-1,MS1,INV-000290,SERVICE_PROCUREMENT
1011HG3068810-416-1-1,MS1,INV-000290,SERVICE_PROCUREMENT
1011HG3167912-346-1-1,MS1,INV-000290,SERVICE_PROCUREMENT
1011HG3167912-268-1-1,MS1,INV-000292,SERVICE_PROCUREMENT
1011HG3068809-2626-1-1,MS1,INV-000292,SERVICE_PROCUREMENT
1011HG3068809-2517-3-1,MS1,INV-000292,SERVICE_PROCUREMENT
1011HG3068809-2490-2-1,MS1,INV-000292,SERVICE_PROCUREMENT
1011HG3068809-2675-2-1,MS1,INV-000292,SERVICE_PROCUREMENT
1011HG3068809-2598-2-1,MS1,INV-000292,SERVICE_PROCUREMENT
1011HG3068809-2650-4-1,MS1,INV-000292,SERVICE_PROCUREMENT
1011HG3068809-2762-1-1,MS1,INV-000292,SERVICE_PROCUREMENT
1011HG3167912-332-1-1,MS1,INV-000292,SERVICE_PROCUREMENT
1011HG3167912-322-1-1,MS1,INV-000292,SERVICE_PROCUREMENT
1011HG3068809-2516-1-1,MS1,INV-000292,SERVICE_PROCUREMENT
1011HG3068809-2516-2-1,MS1,INV-000292,SERVICE_PROCUREMENT
1011HG3167911-320-1-1,MS1,INV-000292,SERVICE_PROCUREMENT
1011HG3068809-2488-1-1,MS1,INV-000292,SERVICE_PROCUREMENT
1011HG3068809-2566-1-1,MS1,INV-000292,SERVICE_PROCUREMENT
1011HG3068809-2445-2-1,MS1,INV-000292,SERVICE_PROCUREMENT
1011HG3068809-2567-1-1,MS1,INV-000292,SERVICE_PROCUREMENT
1011HG3068809-2760-1-1,MS1,INV-000292,SERVICE_PROCUREMENT
1011HG3068809-2476-1-1,MS1,INV-000292,SERVICE_PROCUREMENT
1011HG3068809-2675-1-1,MS1,INV-000292,SERVICE_PROCUREMENT
1011HG3068809-2650-1-1,MS1,INV-000292,SERVICE_PROCUREMENT
1011HG3068809-2650-5-1,MS1,INV-000292,SERVICE_PROCUREMENT
1011HG3068809-2651-1-1,MS1,INV-000292,SERVICE_PROCUREMENT
1011HG3068809-2651-4-1,MS1,INV-000292,SERVICE_PROCUREMENT
1011HG3068809-2570-2-1,MS1,INV-000292,SERVICE_PROCUREMENT
1011HG3068809-2568-1-1,MS1,INV-000292,SERVICE_PROCUREMENT
1011HG3068809-2836-1-1,MS1,INV-000292,SERVICE_PROCUREMENT
1011HG3068809-2838-1-1,MS1,INV-000292,SERVICE_PROCUREMENT
1011HG3068809-2130-2-1,MS1,INV-000292,SERVICE_PROCUREMENT
1011HG3068809-2532-1-1,MS1,INV-000292,SERVICE_PROCUREMENT
1011HG3068809-2758-1-1,MS1,INV-000292,SERVICE_PROCUREMENT
1011HG3068809-2487-2-1,MS1,INV-000292,SERVICE_PROCUREMENT
1011HG3068809-2761-1-1,MS1,INV-000292,SERVICE_PROCUREMENT
1011HG3068809-2476-2-1,MS1,INV-000292,SERVICE_PROCUREMENT
1011HG3068809-2475-2-1,MS1,INV-000292,SERVICE_PROCUREMENT
1011HG3068809-1588-3-1,MS1,INV-000292,SERVICE_PROCUREMENT
1011HG3068809-1785-2-1,MS1,INV-000292,SERVICE_PROCUREMENT
1011HG3068809-2763-1-1,MS1,INV-000292,SERVICE_PROCUREMENT
1011HG3167912-339-1-1,MS1,INV-000292,SERVICE_PROCUREMENT
1011HG3068809-2517-1-1,MS1,INV-000292,SERVICE_PROCUREMENT
1011HG3068809-2559-1-1,MS1,INV-000292,SERVICE_PROCUREMENT
1011HG3167911-320-2-1,MS1,INV-000292,SERVICE_PROCUREMENT
1011HG3068809-1177-1-1,MS1,INV-000292,SERVICE_PROCUREMENT
1011HG3068809-2445-1-1,MS1,INV-000292,SERVICE_PROCUREMENT
1011HG3068809-2487-1-1,MS1,INV-000292,SERVICE_PROCUREMENT
1011HG3068809-2759-1-1,MS1,INV-000292,SERVICE_PROCUREMENT
1011HG3068809-2475-1-1,MS1,INV-000292,SERVICE_PROCUREMENT
1011HG3068809-2651-5-1,MS1,INV-000292,SERVICE_PROCUREMENT
1011HG3068809-1586-2-1,MS1,INV-000294,SERVICE_PROCUREMENT
1011HG3167911-381-5-1,MS1,INV-000294,SERVICE_PROCUREMENT
1011HG3068809-2498-2-1,MS1,INV-000294,SERVICE_PROCUREMENT
1011HG3068809-1886-6-1,MS1,INV-000294,SERVICE_PROCUREMENT
1011HG3068810-795-2-1,MS1,INV-000294,SERVICE_PROCUREMENT
1011HG3068810-757-1-1,MS1,INV-000294,SERVICE_PROCUREMENT
1011HG3068809-1587-2-1,MS1,INV-000294,SERVICE_PROCUREMENT
1011HG3068809-2749-4-1,MS1,INV-000294,SERVICE_PROCUREMENT
1011HG3068809-2752-4-1,MS1,INV-000294,SERVICE_PROCUREMENT
1011HG3068809-2634-2-1,MS1,INV-000294,SERVICE_PROCUREMENT
1011HG3068809-2748-4-1,MS1,INV-000294,SERVICE_PROCUREMENT
1011HG3068809-2754-1-1,MS1,INV-000294,SERVICE_PROCUREMENT
1011HG3068809-2754-2-1,MS1,INV-000294,SERVICE_PROCUREMENT
1011HG3068809-2497-1-1,MS1,INV-000294,SERVICE_PROCUREMENT
1011HG3068809-2497-2-1,MS1,INV-000294,SERVICE_PROCUREMENT
1011HG3068809-2486-2-1,MS1,INV-000294,SERVICE_PROCUREMENT
1011HG3068809-2750-1-1,MS1,INV-000294,SERVICE_PROCUREMENT
1011HG3167911-381-4-1,MS1,INV-000294,SERVICE_PROCUREMENT
1011HG3167911-381-3-1,MS1,INV-000294,SERVICE_PROCUREMENT
1011HG3167911-382-3-1,MS1,INV-000294,SERVICE_PROCUREMENT
1011HG3068809-2587-3-1,MS1,INV-000294,SERVICE_PROCUREMENT
1011HG3068809-2592-1-1,MS1,INV-000294,SERVICE_PROCUREMENT
1011HG3068810-925-1-1,MS1,INV-000294,SERVICE_PROCUREMENT
1011HG3167911-386-1-1,MS1,INV-000294,SERVICE_PROCUREMENT
1011HG3068809-2510-2-1,MS1,INV-000294,SERVICE_PROCUREMENT
1011HG3068809-2749-2-1,MS1,INV-000294,SERVICE_PROCUREMENT
1011HG3068809-2835-1-1,MS1,INV-000294,SERVICE_PROCUREMENT
1011HG3068809-2752-3-1,MS1,INV-000294,SERVICE_PROCUREMENT
1011HG3068809-2834-1-1,MS1,INV-000294,SERVICE_PROCUREMENT
1011HG3068809-2569-3-1,MS1,INV-000294,SERVICE_PROCUREMENT
1011HG3068809-2754-4-1,MS1,INV-000294,SERVICE_PROCUREMENT
1011HG3068809-2748-3-1,MS1,INV-000294,SERVICE_PROCUREMENT
1011HG3068809-2754-3-1,MS1,INV-000294,SERVICE_PROCUREMENT
1011HG3068809-2753-3-1,MS1,INV-000294,SERVICE_PROCUREMENT
1011HG3068809-2491-2-1,MS1,INV-000294,SERVICE_PROCUREMENT
1011HG3068809-2292-1-1,MS1,INV-000294,SERVICE_PROCUREMENT
1011HG3167911-381-1-1,MS1,INV-000294,SERVICE_PROCUREMENT
1011HG3167911-382-2-1,MS1,INV-000294,SERVICE_PROCUREMENT
1011HG3167911-382-1-1,MS1,INV-000294,SERVICE_PROCUREMENT
1011HG3068809-2585-2-1,MS1,INV-000294,SERVICE_PROCUREMENT
1011HG3068809-2587-4-1,MS1,INV-000294,SERVICE_PROCUREMENT
1011HG3068810-941-1-1,MS1,INV-000294,SERVICE_PROCUREMENT
1011HG3068809-1886-5-1,MS1,INV-000294,SERVICE_PROCUREMENT
1011HG3068809-2053-1-1,MS1,INV-000294,SERVICE_PROCUREMENT
1011HG3068809-2044-2-1,MS1,INV-000294,SERVICE_PROCUREMENT
1011HG3068810-795-1-1,MS1,INV-000294,SERVICE_PROCUREMENT
1011HG3068809-2342-1-1,MS1,INV-000294,SERVICE_PROCUREMENT
1011HG3068809-2619-1-1,MS1,INV-000294,SERVICE_PROCUREMENT
1011HG3068809-2265-3-1,MS1,INV-000294,SERVICE_PROCUREMENT
1011HG3068810-757-4-1,MS1,INV-000294,SERVICE_PROCUREMENT
1011HG3068809-2593-1-1,MS1,INV-000294,SERVICE_PROCUREMENT
1011HG3068810-757-3-1,MS1,INV-000294,SERVICE_PROCUREMENT
1011HG3068809-2315-1-1,MS1,INV-000294,SERVICE_PROCUREMENT
1011HG3068809-2749-1-1,MS1,INV-000294,SERVICE_PROCUREMENT
1011HG3068809-2749-3-1,MS1,INV-000294,SERVICE_PROCUREMENT
1011HG3068809-2837-1-1,MS1,INV-000294,SERVICE_PROCUREMENT
1011HG3068809-2634-1-1,MS1,INV-000294,SERVICE_PROCUREMENT
1011HG3068809-2753-1-1,MS1,INV-000294,SERVICE_PROCUREMENT
1011HG3068809-2753-4-1,MS1,INV-000294,SERVICE_PROCUREMENT
1011HG3068809-2755-4-1,MS1,INV-000294,SERVICE_PROCUREMENT
1011HG3068809-2755-3-1,MS1,INV-000294,SERVICE_PROCUREMENT
1011HG3068809-2755-1-1,MS1,INV-000294,SERVICE_PROCUREMENT
1011HG3068809-2491-1-1,MS1,INV-000294,SERVICE_PROCUREMENT
1011HG3068810-707-1-1,MS1,INV-000294,SERVICE_PROCUREMENT
1011HG3068810-707-2-1,MS1,INV-000294,SERVICE_PROCUREMENT
1011HG3068809-2751-1-1,MS1,INV-000294,SERVICE_PROCUREMENT
1011HG3167911-400-1-1,MS1,INV-000294,SERVICE_PROCUREMENT
1011HG3167911-381-2-1,MS1,INV-000294,SERVICE_PROCUREMENT
1011HG3167912-82-5-1,MS1,INV-000294,SERVICE_PROCUREMENT
1011HG3167911-404-1-1,MS1,INV-000294,SERVICE_PROCUREMENT
1011HG3167911-382-4-1,MS1,INV-000294,SERVICE_PROCUREMENT
1011HG3068809-2603-1-1,MS1,INV-000294,SERVICE_PROCUREMENT
1011HG3068809-2605-1-1,MS1,INV-000294,SERVICE_PROCUREMENT
1011HG3068809-2585-3-1,MS1,INV-000294,SERVICE_PROCUREMENT
1011HG3068809-2816-1-1,MS1,INV-000294,SERVICE_PROCUREMENT
1011HG3068810-820-1-1,MS1,INV-000294,SERVICE_PROCUREMENT
1011HG3068809-2333-1-1,MS1,INV-000294,SERVICE_PROCUREMENT
1011HG3068809-2813-1-1,MS1,INV-000294,SERVICE_PROCUREMENT
1011HG3068810-926-1-1,MS1,INV-000294,SERVICE_PROCUREMENT
1011HG3068810-533-2-1,MS1,INV-000294,SERVICE_PROCUREMENT
1011HG3068809-2752-2-1,MS1,INV-000294,SERVICE_PROCUREMENT
1011HG3068809-2752-1-1,MS1,INV-000294,SERVICE_PROCUREMENT
1011HG3068809-2599-2-1,MS1,INV-000294,SERVICE_PROCUREMENT
1011HG3068809-2748-1-1,MS1,INV-000294,SERVICE_PROCUREMENT
1011HG3068809-2748-2-1,MS1,INV-000294,SERVICE_PROCUREMENT
1011HG3068809-2755-2-1,MS1,INV-000294,SERVICE_PROCUREMENT
1011HG3068809-2753-2-1,MS1,INV-000294,SERVICE_PROCUREMENT
1011HG3068809-2486-1-1,MS1,INV-000294,SERVICE_PROCUREMENT
1011HG3068809-2582-1-1,MS1,INV-000294,SERVICE_PROCUREMENT
1011HG3068809-2873-1-1,MS1,INV-000295,SERVICE_PROCUREMENT
1011HG3068809-2534-1-1,MS1,INV-000295,SERVICE_PROCUREMENT
1011HG3068809-2707-1-1,MS1,INV-000295,SERVICE_PROCUREMENT
1011HG3068809-2693-1-1,MS1,INV-000295,SERVICE_PROCUREMENT
1011HG3068809-2815-1-1,MS1,INV-000295,SERVICE_PROCUREMENT
1011HG3068809-2183-4-1,MS1,INV-000295,SERVICE_PROCUREMENT
1011HG3068809-2583-1-1,MS1,INV-000295,SERVICE_PROCUREMENT
1011HG3167912-352-1-1,MS1,INV-000295,SERVICE_PROCUREMENT
1011HG3167912-342-2-1,MS1,INV-000295,SERVICE_PROCUREMENT
1011HG3167912-342-1-1,MS1,INV-000295,SERVICE_PROCUREMENT
1011HG3167911-138-3-1,MS1,INV-000295,SERVICE_PROCUREMENT
1011HG3167911-138-5-1,MS1,INV-000295,SERVICE_PROCUREMENT
1011HG3068810-815-2-1,MS1,INV-000295,SERVICE_PROCUREMENT
1011HG3068809-2869-1-1,MS1,INV-000295,SERVICE_PROCUREMENT
1011HG3068809-2864-1-1,MS1,INV-000295,SERVICE_PROCUREMENT
1011HG3068809-2418-1-1,MS1,INV-000295,SERVICE_PROCUREMENT
1011HG3068809-2672-2-1,MS1,INV-000295,SERVICE_PROCUREMENT
1011HG3068809-2212-4-1,MS1,INV-000295,SERVICE_PROCUREMENT
1011HG3068809-2449-1-1,MS1,INV-000295,SERVICE_PROCUREMENT
1011HG3068809-2186-4-1,MS1,INV-000295,SERVICE_PROCUREMENT
1011HG3068809-2583-2-1,MS1,INV-000295,SERVICE_PROCUREMENT
1011HG3068809-2822-1-1,MS1,INV-000295,SERVICE_PROCUREMENT
1011HG3068809-2814-1-1,MS1,INV-000295,SERVICE_PROCUREMENT
1011HG3167912-347-1-1,MS1,INV-000295,SERVICE_PROCUREMENT
1011HG3167912-342-5-1,MS1,INV-000295,SERVICE_PROCUREMENT
1011HG3167912-342-6-1,MS1,INV-000295,SERVICE_PROCUREMENT
1011HG3167911-138-2-1,MS1,INV-000295,SERVICE_PROCUREMENT
1011HG3068809-2870-1-1,MS1,INV-000295,SERVICE_PROCUREMENT
1011HG3068809-2415-1-1,MS1,INV-000295,SERVICE_PROCUREMENT
1011HG3068809-2415-2-1,MS1,INV-000295,SERVICE_PROCUREMENT
1011HG3068809-2418-2-1,MS1,INV-000295,SERVICE_PROCUREMENT
1011HG3068809-2415-4-1,MS1,INV-000295,SERVICE_PROCUREMENT
1011HG3068809-2725-1-1,MS1,INV-000295,SERVICE_PROCUREMENT
1011HG3068809-2637-1-1,MS1,INV-000295,SERVICE_PROCUREMENT
1011HG3068809-2183-1-1,MS1,INV-000295,SERVICE_PROCUREMENT
1011HG3068809-2186-3-1,MS1,INV-000295,SERVICE_PROCUREMENT
1011HG3167912-342-4-1,MS1,INV-000295,SERVICE_PROCUREMENT
1011HG3167911-138-4-1,MS1,INV-000295,SERVICE_PROCUREMENT
1011HG3167912-342-7-1,MS1,INV-000295,SERVICE_PROCUREMENT
1011HG3167911-145-1-1,MS1,INV-000295,SERVICE_PROCUREMENT
1011HG3167911-138-1-1,MS1,INV-000295,SERVICE_PROCUREMENT
1011HG3167911-259-1-1,MS1,INV-000295,SERVICE_PROCUREMENT
1011HG3068809-2872-1-1,MS1,INV-000295,SERVICE_PROCUREMENT
1011HG3068809-2869-2-1,MS1,INV-000295,SERVICE_PROCUREMENT
1011HG3068809-1625-1-1,MS1,INV-000295,SERVICE_PROCUREMENT
1011HG3068809-2672-1-1,MS1,INV-000295,SERVICE_PROCUREMENT
1011HG3068809-2415-3-1,MS1,INV-000295,SERVICE_PROCUREMENT
1011HG3068809-2717-1-1,MS1,INV-000295,SERVICE_PROCUREMENT
1011HG3068809-2211-1-1,MS1,INV-000295,SERVICE_PROCUREMENT
1011HG3068809-2348-1-1,MS1,INV-000295,SERVICE_PROCUREMENT
1011HG3068809-2901-2-1,MS1,INV-000295,SERVICE_PROCUREMENT
1011HG3068809-2814-4-1,MS1,INV-000295,SERVICE_PROCUREMENT
1011HG3068809-2814-3-1,MS1,INV-000295,SERVICE_PROCUREMENT
1011HG3167912-342-3-1,MS1,INV-000295,SERVICE_PROCUREMENT
1011HG3068809-2901-1-1,MS1,INV-000296,SERVICE_PROCUREMENT
1011HG3068809-2871-1-1,MS1,INV-000296,SERVICE_PROCUREMENT
1011HG3068809-2668-1-1,MS1,INV-000296,SERVICE_PROCUREMENT
1011HG3068809-2423-1-1,MS1,INV-000296,SERVICE_PROCUREMENT
1011HG3068809-2689-1-1,MS1,INV-000296,SERVICE_PROCUREMENT
1011HG3068809-2473-2-1,MS1,INV-000296,SERVICE_PROCUREMENT
1011HG3068809-2424-3-1,MS1,INV-000296,SERVICE_PROCUREMENT
1011HG3068809-2423-2-1,MS1,INV-000296,SERVICE_PROCUREMENT
1011HG3068809-2444-1-1,MS1,INV-000296,SERVICE_PROCUREMENT
1011HG3068809-2424-1-1,MS1,INV-000296,SERVICE_PROCUREMENT
1011HG3068809-2424-4-1,MS1,INV-000296,SERVICE_PROCUREMENT
1011HG3068809-2424-2-1,MS1,INV-000296,SERVICE_PROCUREMENT
1011HG3068809-2900-2-1,MS1,INV-000296,SERVICE_PROCUREMENT
1011HG3068809-2722-1-1,MS1,INV-000296,SERVICE_PROCUREMENT
1011HG3068809-2434-1-1,MS1,INV-000296,SERVICE_PROCUREMENT
1011HG3068809-2182-1-1,MS1,INV-000298,SERVICE_PROCUREMENT
1011HG3068809-2341-1-1,MS1,INV-000298,SERVICE_PROCUREMENT
1011HG3068809-2339-1-1,MS1,INV-000298,SERVICE_PROCUREMENT
1011HG3068809-2590-1-1,MS1,INV-000298,SERVICE_PROCUREMENT
1011HG3068809-2393-1-1,MS1,INV-000298,SERVICE_PROCUREMENT
1011HG3068809-2828-1-1,MS1,INV-000298,SERVICE_PROCUREMENT
1011HG3068809-2664-2-1,MS1,INV-000298,SERVICE_PROCUREMENT
1011HG3068809-2643-1-1,MS1,INV-000298,SERVICE_PROCUREMENT
1011HG3068809-2645-1-1,MS1,INV-000298,SERVICE_PROCUREMENT
1011HG3068809-2825-3-1,MS1,INV-000298,SERVICE_PROCUREMENT
1011HG3068810-665-2-1,MS1,INV-000298,SERVICE_PROCUREMENT
1011HG3068809-21-1-1,MS1,INV-000298,SERVICE_PROCUREMENT
1011HG3167911-358-1-1,MS1,INV-000298,SERVICE_PROCUREMENT
1011HG3167911-331-2-1,MS1,INV-000298,SERVICE_PROCUREMENT
1011HG3068809-2600-1-1,MS1,INV-000298,SERVICE_PROCUREMENT
1011HG3068809-2600-2-1,MS1,INV-000298,SERVICE_PROCUREMENT
1011HG3068809-1806-4-1,MS1,INV-000298,SERVICE_PROCUREMENT
1011HG3068809-2110-2-1,MS1,INV-000298,SERVICE_PROCUREMENT
1011HG3068809-2148-1-1,MS1,INV-000298,SERVICE_PROCUREMENT
1011HG3068809-2589-1-1,MS1,INV-000298,SERVICE_PROCUREMENT
1011HG3068809-2396-1-1,MS1,INV-000298,SERVICE_PROCUREMENT
1011HG3068809-2665-1-1,MS1,INV-000298,SERVICE_PROCUREMENT
1011HG3068809-2641-1-1,MS1,INV-000298,SERVICE_PROCUREMENT
1011HG3068809-2824-3-1,MS1,INV-000298,SERVICE_PROCUREMENT
1011HG3068810-663-2-1,MS1,INV-000298,SERVICE_PROCUREMENT
1011HG3167911-331-1-1,MS1,INV-000298,SERVICE_PROCUREMENT
1011HG3068809-2661-1-1,MS1,INV-000298,SERVICE_PROCUREMENT
1011HG3068809-2588-1-1,MS1,INV-000298,SERVICE_PROCUREMENT
1011HG3068809-1994-1-1,MS1,INV-000298,SERVICE_PROCUREMENT
1011HG3068809-2591-1-1,MS1,INV-000298,SERVICE_PROCUREMENT
1011HG3068809-2394-1-1,MS1,INV-000298,SERVICE_PROCUREMENT
1011HG3068809-2664-1-1,MS1,INV-000298,SERVICE_PROCUREMENT
1011HG3068809-2665-2-1,MS1,INV-000298,SERVICE_PROCUREMENT
1011HG3068809-2827-1-1,MS1,INV-000298,SERVICE_PROCUREMENT
1011HG3068809-2642-1-1,MS1,INV-000298,SERVICE_PROCUREMENT
1011HG3068809-2646-1-1,MS1,INV-000298,SERVICE_PROCUREMENT
1011HG3167911-354-1-1,MS1,INV-000298,SERVICE_PROCUREMENT
1011HG3068809-2825-1-1,MS1,INV-000298,SERVICE_PROCUREMENT
1011HG3068809-2186-1-1,MS1,INV-000298,SERVICE_PROCUREMENT
1011HG3068809-2182-4-1,MS1,INV-000298,SERVICE_PROCUREMENT
1011HG3068809-2096-2-1,MS1,INV-000298,SERVICE_PROCUREMENT
1011HG3068809-2306-1-1,MS1,INV-000298,SERVICE_PROCUREMENT
1011HG3068809-2217-4-1,MS1,INV-000298,SERVICE_PROCUREMENT
1011HG3068809-2217-3-1,MS1,INV-000298,SERVICE_PROCUREMENT
1011HG3167911-358-2-1,MS1,INV-000298,SERVICE_PROCUREMENT
1011HG3068809-2824-2-1,MS1,INV-000298,SERVICE_PROCUREMENT
1011HG3068809-2306-5-1,MS1,INV-000298,SERVICE_PROCUREMENT
1011HG3068809-2306-2-1,MS1,INV-000298,SERVICE_PROCUREMENT
1011HG3068809-2663-2-1,MS1,INV-000298,SERVICE_PROCUREMENT
1011HG3068809-2663-1-1,MS1,INV-000298,SERVICE_PROCUREMENT
1011HG3068809-2865-1-1,MS1,INV-000298,SERVICE_PROCUREMENT
1011HG3068809-2148-2-1,MS1,INV-000298,SERVICE_PROCUREMENT
1011HG3068809-1995-1-1,MS1,INV-000298,SERVICE_PROCUREMENT
1011HG3068809-2340-1-1,MS1,INV-000298,SERVICE_PROCUREMENT
1011HG3068809-1993-1-1,MS1,INV-000298,SERVICE_PROCUREMENT
1011HG3068809-2395-1-1,MS1,INV-000298,SERVICE_PROCUREMENT
1011HG3068809-2644-1-1,MS1,INV-000298,SERVICE_PROCUREMENT
1011HG3068809-2648-1-1,MS1,INV-000298,SERVICE_PROCUREMENT
1011HG3068810-815-1-1,MS1,INV-000298,SERVICE_PROCUREMENT
1011HG3068809-2823-4-1,MS1,INV-000298,SERVICE_PROCUREMENT
1011HG3068809-2823-1-1,MS1,INV-000298,SERVICE_PROCUREMENT
1011HG3167911-331-3-1,MS1,INV-000298,SERVICE_PROCUREMENT
1011HG3167911-336-1-1,MS1,INV-000298,SERVICE_PROCUREMENT
1011HG3167911-331-4-1,MS1,INV-000298,SERVICE_PROCUREMENT
1011HG3068809-2824-1-1,MS1,INV-000298,SERVICE_PROCUREMENT
1011HG3068809-2515-1-1,MS1,INV-000299,SERVICE_PROCUREMENT
1011HG3167911-337-5-1,MS1,INV-000299,SERVICE_PROCUREMENT
1011HG3167911-378-5-1,MS1,INV-000299,SERVICE_PROCUREMENT
1011HG3167911-378-2-1,MS1,INV-000299,SERVICE_PROCUREMENT
1011HG3068809-2044-3-1,MS1,INV-000299,SERVICE_PROCUREMENT
1011HG3068810-733-4-1,MS1,INV-000299,SERVICE_PROCUREMENT
1011HG3167911-343-2-1,MS1,INV-000299,SERVICE_PROCUREMENT
1011HG3167911-337-2-1,MS1,INV-000299,SERVICE_PROCUREMENT
1011HG3068809-2666-1-1,MS1,INV-000299,SERVICE_PROCUREMENT
1011HG3068809-1657-1-1,MS1,INV-000299,SERVICE_PROCUREMENT
1011HG3068809-2183-3-1,MS1,INV-000299,SERVICE_PROCUREMENT
1011HG3068810-757-2-1,MS1,INV-000299,SERVICE_PROCUREMENT
1011HG3068810-704-1-1,MS1,INV-000299,SERVICE_PROCUREMENT
1011HG3068810-811-3-1,MS1,INV-000299,SERVICE_PROCUREMENT
1011HG3068810-811-5-1,MS1,INV-000299,SERVICE_PROCUREMENT
1011HG3167911-343-1-1,MS1,INV-000299,SERVICE_PROCUREMENT
1011HG3167911-403-1-1,MS1,INV-000299,SERVICE_PROCUREMENT
1011HG3167911-378-3-1,MS1,INV-000299,SERVICE_PROCUREMENT
1011HG3068809-2515-2-1,MS1,INV-000299,SERVICE_PROCUREMENT
1011HG3068809-1783-2-1,MS1,INV-000299,SERVICE_PROCUREMENT
1011HG3068809-1783-5-1,MS1,INV-000299,SERVICE_PROCUREMENT
1011HG3068809-1656-1-1,MS1,INV-000299,SERVICE_PROCUREMENT
1011HG3068810-567-1-1,MS1,INV-000299,SERVICE_PROCUREMENT
1011HG3068810-811-2-1,MS1,INV-000299,SERVICE_PROCUREMENT
1011HG3167911-356-1-1,MS1,INV-000299,SERVICE_PROCUREMENT
1011HG3167911-337-4-1,MS1,INV-000299,SERVICE_PROCUREMENT
1011HG3167911-378-4-1,MS1,INV-000299,SERVICE_PROCUREMENT
1011HG3167911-337-3-1,MS1,INV-000299,SERVICE_PROCUREMENT
1011HG3167911-337-1-1,MS1,INV-000299,SERVICE_PROCUREMENT
1011HG3167911-378-1-1,MS1,INV-000299,SERVICE_PROCUREMENT
1011HG3068809-2202-2-1,MS1,INV-000299,SERVICE_PROCUREMENT
1011HG3068810-810-5-1,MS1,INV-000299,SERVICE_PROCUREMENT
1011HG3068810-810-3-1,MS1,INV-000299,SERVICE_PROCUREMENT
1011HG3068810-810-2-1,MS1,INV-000299,SERVICE_PROCUREMENT
1011HG3068809-2983-1-1,MS1,INV-000300,SERVICE_PROCUREMENT
1011HG3068809-2899-4-1,MS1,INV-000300,SERVICE_PROCUREMENT
1011HG3167911-389-2-1,MS1,INV-000300,SERVICE_PROCUREMENT
1011HG3167911-389-4-1,MS1,INV-000300,SERVICE_PROCUREMENT
1011HG3068809-2673-2-1,MS1,INV-000300,SERVICE_PROCUREMENT
1011HG3068809-2673-1-1,MS1,INV-000300,SERVICE_PROCUREMENT
1011HG3068809-2379-2-1,MS1,INV-000300,SERVICE_PROCUREMENT
1011HG3068809-2895-1-1,MS1,INV-000300,SERVICE_PROCUREMENT
1011HG3068809-2564-1-1,MS1,INV-000300,SERVICE_PROCUREMENT
1011HG3068809-2880-3-1,MS1,INV-000300,SERVICE_PROCUREMENT
1011HG3068809-2903-1-1,MS1,INV-000300,SERVICE_PROCUREMENT
1011HG3068809-2916-1-1,MS1,INV-000300,SERVICE_PROCUREMENT
1011HG3068809-2894-1-1,MS1,INV-000300,SERVICE_PROCUREMENT
1011HG3068809-2880-1-1,MS1,INV-000300,SERVICE_PROCUREMENT
1011HG3068809-2984-1-1,MS1,INV-000300,SERVICE_PROCUREMENT
1011HG3068809-2967-2-1,MS1,INV-000300,SERVICE_PROCUREMENT
1011HG3167911-389-3-1,MS1,INV-000300,SERVICE_PROCUREMENT
1011HG3167911-390-1-1,MS1,INV-000300,SERVICE_PROCUREMENT
1011HG3167911-390-3-1,MS1,INV-000300,SERVICE_PROCUREMENT
1011HG3068809-2743-2-1,MS1,INV-000300,SERVICE_PROCUREMENT
1011HG3068809-2903-3-1,MS1,INV-000300,SERVICE_PROCUREMENT
1011HG3068809-2434-2-1,MS1,INV-000300,SERVICE_PROCUREMENT
1011HG3068809-2778-1-1,MS1,INV-000300,SERVICE_PROCUREMENT
1011HG3068809-2899-3-1,MS1,INV-000300,SERVICE_PROCUREMENT
1011HG3167911-402-1-1,MS1,INV-000300,SERVICE_PROCUREMENT
1011HG3167911-390-2-1,MS1,INV-000300,SERVICE_PROCUREMENT
1011HG3167911-389-1-1,MS1,INV-000300,SERVICE_PROCUREMENT
1011HG3167911-390-4-1,MS1,INV-000300,SERVICE_PROCUREMENT
1011HG3068809-2891-1-1,MS1,INV-000300,SERVICE_PROCUREMENT
1011HG3068809-2674-1-1,MS1,INV-000300,SERVICE_PROCUREMENT
1011HG3068809-2745-2-1,MS1,INV-000300,SERVICE_PROCUREMENT
1011HG3068809-2745-1-1,MS1,INV-000300,SERVICE_PROCUREMENT
1011HG3068809-2868-1-1,MS1,INV-000300,SERVICE_PROCUREMENT
1011HG3068809-2793-1-1,MS1,INV-000300,SERVICE_PROCUREMENT
1011HG3068809-2773-1-1,MS1,INV-000300,SERVICE_PROCUREMENT
1011HG3068809-2778-2-1,MS1,INV-000300,SERVICE_PROCUREMENT
1011HG3068809-2896-1-1,MS1,INV-000300,SERVICE_PROCUREMENT
1011HG3068809-2746-1-1,MS1,INV-000300,SERVICE_PROCUREMENT
1011HG3068809-2985-1-1,MS1,INV-000300,SERVICE_PROCUREMENT
1011HG3068809-2898-2-1,MS1,INV-000300,SERVICE_PROCUREMENT
1011HG3167911-397-1-1,MS1,INV-000300,SERVICE_PROCUREMENT
1011HG3167911-390-6-1,MS1,INV-000300,SERVICE_PROCUREMENT
1011HG3167911-390-5-1,MS1,INV-000300,SERVICE_PROCUREMENT
1011HG3068809-2674-2-1,MS1,INV-000300,SERVICE_PROCUREMENT
1011HG3068809-2565-1-1,MS1,INV-000300,SERVICE_PROCUREMENT
1011HG3068809-2888-1-1,MS1,INV-000300,SERVICE_PROCUREMENT
1011HG3068809-2893-1-1,MS1,INV-000301,SERVICE_PROCUREMENT
1011HG3068809-2889-1-1,MS1,INV-000301,SERVICE_PROCUREMENT
1011HG3068809-2890-1-1,MS1,INV-000301,SERVICE_PROCUREMENT
1011HG3068809-2705-1-1,MS1,INV-000301,SERVICE_PROCUREMENT
1011HG3068809-2651-3-1,MS1,INV-000301,SERVICE_PROCUREMENT
1011HG3068810-976-1-1,MS1,INV-000301,SERVICE_PROCUREMENT
1011HG3068809-2414-1-1,MS1,INV-000301,SERVICE_PROCUREMENT
1011HG3068809-2483-2-1,MS1,INV-000301,SERVICE_PROCUREMENT
1011HG3068809-2485-1-1,MS1,INV-000301,SERVICE_PROCUREMENT
1011HG3068809-2469-2-1,MS1,INV-000301,SERVICE_PROCUREMENT
1011HG3068809-2696-1-1,MS1,INV-000301,SERVICE_PROCUREMENT
1011HG3068809-2488-2-1,MS1,INV-000301,SERVICE_PROCUREMENT
1011HG3068809-2883-1-1,MS1,INV-000301,SERVICE_PROCUREMENT
1011HG3068809-2542-2-1,MS1,INV-000301,SERVICE_PROCUREMENT
1011HG3068809-2537-1-1,MS1,INV-000301,SERVICE_PROCUREMENT
1011HG3068809-2866-1-1,MS1,INV-000301,SERVICE_PROCUREMENT
1011HG3068809-2772-1-1,MS1,INV-000301,SERVICE_PROCUREMENT
1011HG3068809-2676-1-1,MS1,INV-000301,SERVICE_PROCUREMENT
1011HG3068809-2912-2-1,MS1,INV-000301,SERVICE_PROCUREMENT
1011HG3068809-2742-1-1,MS1,INV-000301,SERVICE_PROCUREMENT
1011HG3068809-2744-2-1,MS1,INV-000301,SERVICE_PROCUREMENT
1011HG3068810-976-3-1,MS1,INV-000301,SERVICE_PROCUREMENT
1011HG3068809-2874-1-1,MS1,INV-000301,SERVICE_PROCUREMENT
1011HG3068809-2650-2-1,MS1,INV-000301,SERVICE_PROCUREMENT
1011HG3068809-2282-3-1,MS1,INV-000301,SERVICE_PROCUREMENT
1011HG3068809-2282-4-1,MS1,INV-000301,SERVICE_PROCUREMENT
1011HG3068809-2480-2-1,MS1,INV-000301,SERVICE_PROCUREMENT
1011HG3068809-2480-1-1,MS1,INV-000301,SERVICE_PROCUREMENT
1011HG3068809-2867-1-1,MS1,INV-000301,SERVICE_PROCUREMENT
1011HG3068809-2652-1-1,MS1,INV-000301,SERVICE_PROCUREMENT
1011HG3068809-2652-2-1,MS1,INV-000301,SERVICE_PROCUREMENT
1011HG3068809-2912-1-1,MS1,INV-000301,SERVICE_PROCUREMENT
1011HG3068809-2742-2-1,MS1,INV-000301,SERVICE_PROCUREMENT
1011HG3068809-2708-1-1,MS1,INV-000301,SERVICE_PROCUREMENT
1011HG3068809-2744-1-1,MS1,INV-000301,SERVICE_PROCUREMENT
1011HG3068809-1905-1-1,MS1,INV-000301,SERVICE_PROCUREMENT
1011HG3068809-2282-1-1,MS1,INV-000301,SERVICE_PROCUREMENT
1011HG3068809-2775-1-1,MS1,INV-000301,SERVICE_PROCUREMENT
1011HG3068809-2775-2-1,MS1,INV-000301,SERVICE_PROCUREMENT
1011HG3068809-2470-2-1,MS1,INV-000301,SERVICE_PROCUREMENT
1011HG3068809-2542-1-1,MS1,INV-000301,SERVICE_PROCUREMENT
1011HG3068809-2483-1-1,MS1,INV-000301,SERVICE_PROCUREMENT
1011HG3068809-2732-1-1,MS1,INV-000301,SERVICE_PROCUREMENT
1011HG3068809-2495-2-1,MS1,INV-000301,SERVICE_PROCUREMENT
1011HG3068809-2772-2-1,MS1,INV-000301,SERVICE_PROCUREMENT
1011HG3068809-2882-2-1,MS1,INV-000301,SERVICE_PROCUREMENT
1011HG3068809-2905-1-1,MS1,INV-000301,SERVICE_PROCUREMENT
1011HG3068809-2892-1-1,MS1,INV-000301,SERVICE_PROCUREMENT
1011HG3068809-2650-3-1,MS1,INV-000301,SERVICE_PROCUREMENT
1011HG3068809-1585-3-1,MS1,INV-000301,SERVICE_PROCUREMENT
1011HG3068809-2282-2-1,MS1,INV-000301,SERVICE_PROCUREMENT
1011HG3068809-2469-1-1,MS1,INV-000301,SERVICE_PROCUREMENT
1011HG3068809-2470-1-1,MS1,INV-000301,SERVICE_PROCUREMENT
1011HG3167912-327-4-1,MS1,INV-000302,SERVICE_PROCUREMENT
1011HG3068809-2830-1-1,MS1,INV-000302,SERVICE_PROCUREMENT
1011HG3068809-1836-1-1,MS1,INV-000302,SERVICE_PROCUREMENT
1011HG3068809-1873-1-1,MS1,INV-000302,SERVICE_PROCUREMENT
1011HG3167912-327-5-1,MS1,INV-000302,SERVICE_PROCUREMENT
1011HG3068810-788-2-1,MS1,INV-000302,SERVICE_PROCUREMENT
1011HG3068810-860-4-1,MS1,INV-000302,SERVICE_PROCUREMENT
1011HG3068809-2203-2-1,MS1,INV-000302,SERVICE_PROCUREMENT
1011HG3068809-2202-3-1,MS1,INV-000302,SERVICE_PROCUREMENT
1011HG3167912-327-2-1,MS1,INV-000302,SERVICE_PROCUREMENT
1011HG3167912-327-1-1,MS1,INV-000302,SERVICE_PROCUREMENT
1011HG3167912-327-6-1,MS1,INV-000302,SERVICE_PROCUREMENT
1011HG3167912-327-3-1,MS1,INV-000302,SERVICE_PROCUREMENT
1011HG3167912-345-1-1,MS1,INV-000302,SERVICE_PROCUREMENT
1011HG3068809-2182-2-1,MS1,INV-000302,SERVICE_PROCUREMENT
1011HG3068809-2183-2-1,MS1,INV-000302,SERVICE_PROCUREMENT
1011HG3068810-786-3-1,MS1,INV-000302,SERVICE_PROCUREMENT
1011HG3068809-2830-2-1,MS1,INV-000302,SERVICE_PROCUREMENT
1011HG3068809-2662-2-1,MS1,INV-000302,SERVICE_PROCUREMENT
1011HG3068809-2814-2-1,MS1,INV-000302,SERVICE_PROCUREMENT
1011HG3068809-2661-2-1,MS1,INV-000302,SERVICE_PROCUREMENT
1011HG3068809-1872-1-1,MS1,INV-000302,SERVICE_PROCUREMENT
1011HG3068810-785-1-1,MS1,INV-000302,SERVICE_PROCUREMENT
1011HG3068810-782-3-1,MS1,INV-000302,SERVICE_PROCUREMENT
1011HG3068809-2204-1-1,MS1,INV-000302,SERVICE_PROCUREMENT
1011HG3068810-783-2-1,MS1,INV-000302,SERVICE_PROCUREMENT
1011HG3068809-2900-3-1,MS1,INV-000304,SERVICE_PROCUREMENT
1011HG3068809-2900-1-1,MS1,INV-000304,SERVICE_PROCUREMENT
1011HG3167911-440-1-1,MS1,INV-000304,SERVICE_PROCUREMENT
1011HG3167911-418-3-1,MS1,INV-000304,SERVICE_PROCUREMENT
1011HG3068809-2898-3-1,MS1,INV-000304,SERVICE_PROCUREMENT
1011HG3068809-2899-1-1,MS1,INV-000304,SERVICE_PROCUREMENT
1011HG3167911-418-1-1,MS1,INV-000304,SERVICE_PROCUREMENT
1011HG3167911-393-1-1,MS1,INV-000304,SERVICE_PROCUREMENT
1011HG3167911-360-3-1,MS1,INV-000304,SERVICE_PROCUREMENT
1011HG3167911-416-1-1,MS1,INV-000304,SERVICE_PROCUREMENT
1011HG3167911-395-2-1,MS1,INV-000304,SERVICE_PROCUREMENT
1011HG3167911-401-1-1,MS1,INV-000304,SERVICE_PROCUREMENT
1011HG3167911-395-5-1,MS1,INV-000304,SERVICE_PROCUREMENT
1011HG3068809-2433-1-1,MS1,INV-000304,SERVICE_PROCUREMENT
1011HG3068809-2455-1-1,MS1,INV-000304,SERVICE_PROCUREMENT
1011HG3068809-1756-2-1,MS1,INV-000304,SERVICE_PROCUREMENT
1011HG3068809-2647-1-1,MS1,INV-000304,SERVICE_PROCUREMENT
1011HG3068809-2898-4-1,MS1,INV-000304,SERVICE_PROCUREMENT
1011HG3167911-360-6-1,MS1,INV-000304,SERVICE_PROCUREMENT
1011HG3167911-418-2-1,MS1,INV-000304,SERVICE_PROCUREMENT
1011HG3167911-360-1-1,MS1,INV-000304,SERVICE_PROCUREMENT
1011HG3167911-395-4-1,MS1,INV-000304,SERVICE_PROCUREMENT
1011HG3068809-1775-1-1,MS1,INV-000304,SERVICE_PROCUREMENT
1011HG3068809-1756-1-1,MS1,INV-000304,SERVICE_PROCUREMENT
1011HG3068809-429-2-1,MS1,INV-000304,SERVICE_PROCUREMENT
1011HG3068809-2898-1-1,MS1,INV-000304,SERVICE_PROCUREMENT
1011HG3068809-2899-5-1,MS1,INV-000304,SERVICE_PROCUREMENT
1011HG3068809-2899-2-1,MS1,INV-000304,SERVICE_PROCUREMENT
1011HG3167911-418-6-1,MS1,INV-000304,SERVICE_PROCUREMENT
1011HG3167911-360-2-1,MS1,INV-000304,SERVICE_PROCUREMENT
1011HG3167911-416-6-1,MS1,INV-000304,SERVICE_PROCUREMENT
1011HG3167911-416-2-1,MS1,INV-000304,SERVICE_PROCUREMENT
1011HG3167911-416-3-1,MS1,INV-000304,SERVICE_PROCUREMENT
1011HG3167911-438-1-1,MS1,INV-000304,SERVICE_PROCUREMENT
1011HG3167911-395-6-1,MS1,INV-000304,SERVICE_PROCUREMENT
1011HG3167911-433-2-1,MS1,INV-000305,SERVICE_PROCUREMENT
1011HG3068809-2602-1-1,MS1,INV-000305,SERVICE_PROCUREMENT
1011HG3068809-2461-1-1,MS1,INV-000305,SERVICE_PROCUREMENT
1011HG3068809-2462-1-1,MS1,INV-000305,SERVICE_PROCUREMENT
1011HG3068809-2866-4-1,MS1,INV-000305,SERVICE_PROCUREMENT
1011HG3167911-443-3-1,MS1,INV-000305,SERVICE_PROCUREMENT
1011HG3167911-298-1-1,MS1,INV-000305,SERVICE_PROCUREMENT
1011HG3167911-425-3-1,MS1,INV-000305,SERVICE_PROCUREMENT
1011HG3167911-302-5-1,MS1,INV-000305,SERVICE_PROCUREMENT
1011HG3167911-478-4-1,MS1,INV-000305,SERVICE_PROCUREMENT
1011HG3167911-485-1-1,MS1,INV-000305,SERVICE_PROCUREMENT
1011HG3167911-478-3-1,MS1,INV-000305,SERVICE_PROCUREMENT
1011HG3167911-478-1-1,MS1,INV-000305,SERVICE_PROCUREMENT
1011HG3167911-411-1-1,MS1,INV-000305,SERVICE_PROCUREMENT
1011HG3167911-410-4-1,MS1,INV-000305,SERVICE_PROCUREMENT
1011HG3167911-417-1-1,MS1,INV-000305,SERVICE_PROCUREMENT
1011HG3167911-413-2-1,MS1,INV-000305,SERVICE_PROCUREMENT
1011HG3068809-2964-3-1,MS1,INV-000305,SERVICE_PROCUREMENT
1011HG3068809-2186-2-1,MS1,INV-000305,SERVICE_PROCUREMENT
1011HG3068809-3030-2-1,MS1,INV-000305,SERVICE_PROCUREMENT
1011HG3068809-3041-1-1,MS1,INV-000305,SERVICE_PROCUREMENT
1011HG3068809-3098-2-1,MS1,INV-000305,SERVICE_PROCUREMENT
1011HG3068809-3033-1-1,MS1,INV-000305,SERVICE_PROCUREMENT
1011HG3068809-3031-1-1,MS1,INV-000305,SERVICE_PROCUREMENT
1011HG3068809-3030-1-1,MS1,INV-000305,SERVICE_PROCUREMENT
1011HG3068809-2968-1-1,MS1,INV-000305,SERVICE_PROCUREMENT
1011HG3068809-3031-3-1,MS1,INV-000305,SERVICE_PROCUREMENT
1011HG3068809-2968-2-1,MS1,INV-000305,SERVICE_PROCUREMENT
1011HG3068809-3022-2-1,MS1,INV-000305,SERVICE_PROCUREMENT
1011HG3068809-3034-1-1,MS1,INV-000305,SERVICE_PROCUREMENT
1011HG3068809-3030-3-1,MS1,INV-000305,SERVICE_PROCUREMENT
1011HG3068809-2957-1-1,MS1,INV-000305,SERVICE_PROCUREMENT
1011HG3068809-2493-1-1,MS1,INV-000305,SERVICE_PROCUREMENT
1011HG3068809-2927-2-1,MS1,INV-000305,SERVICE_PROCUREMENT
1011HG3167911-509-1-1,MS1,INV-000305,SERVICE_PROCUREMENT
1011HG3068809-2531-1-1,MS1,INV-000305,SERVICE_PROCUREMENT
1011HG3068809-2530-1-1,MS1,INV-000305,SERVICE_PROCUREMENT
1011HG3068809-2584-1-1,MS1,INV-000305,SERVICE_PROCUREMENT
1011HG3068809-2584-4-1,MS1,INV-000305,SERVICE_PROCUREMENT
1011HG3068809-2965-1-1,MS1,INV-000305,SERVICE_PROCUREMENT
1011HG3167912-341-2-1,MS1,INV-000305,SERVICE_PROCUREMENT
1011HG3167912-341-1-1,MS1,INV-000305,SERVICE_PROCUREMENT
1011HG3167912-344-1-1,MS1,INV-000305,SERVICE_PROCUREMENT
1011HG3167912-341-3-1,MS1,INV-000305,SERVICE_PROCUREMENT
1011HG3167912-341-4-1,MS1,INV-000305,SERVICE_PROCUREMENT
1011HG3167911-470-1-1,MS1,INV-000305,SERVICE_PROCUREMENT
1011HG3167911-443-2-1,MS1,INV-000305,SERVICE_PROCUREMENT
1011HG3167911-302-2-1,MS1,INV-000305,SERVICE_PROCUREMENT
1011HG3167911-302-6-1,MS1,INV-000305,SERVICE_PROCUREMENT
1011HG3167911-425-1-1,MS1,INV-000305,SERVICE_PROCUREMENT
1011HG3167911-325-1-1,MS1,INV-000305,SERVICE_PROCUREMENT
1011HG3167911-321-4-1,MS1,INV-000305,SERVICE_PROCUREMENT
1011HG3167911-321-2-1,MS1,INV-000305,SERVICE_PROCUREMENT
1011HG3167911-417-4-1,MS1,INV-000305,SERVICE_PROCUREMENT
1011HG3068809-698-1-1,MS1,INV-000305,SERVICE_PROCUREMENT
1011HG3068809-2124-2-1,MS1,INV-000305,SERVICE_PROCUREMENT
1011HG3068809-2121-2-1,MS1,INV-000305,SERVICE_PROCUREMENT
1011HG3068809-3033-2-1,MS1,INV-000305,SERVICE_PROCUREMENT
1011HG3068809-2122-2-1,MS1,INV-000305,SERVICE_PROCUREMENT
1011HG3068809-2964-1-1,MS1,INV-000305,SERVICE_PROCUREMENT
1011HG3068809-3034-3-1,MS1,INV-000305,SERVICE_PROCUREMENT
1011HG3068809-2972-2-1,MS1,INV-000305,SERVICE_PROCUREMENT
1011HG3068809-2924-2-1,MS1,INV-000305,SERVICE_PROCUREMENT
1011HG3068809-2493-2-1,MS1,INV-000305,SERVICE_PROCUREMENT
1011HG3068809-2971-2-1,MS1,INV-000305,SERVICE_PROCUREMENT
1011HG3068809-2917-1-1,MS1,INV-000305,SERVICE_PROCUREMENT
1011HG3068809-2146-4-1,MS1,INV-000305,SERVICE_PROCUREMENT
1011HG3068809-2927-1-1,MS1,INV-000305,SERVICE_PROCUREMENT
1011HG3068809-2377-1-1,MS1,INV-000305,SERVICE_PROCUREMENT
1011HG3167911-447-1-1,MS1,INV-000305,SERVICE_PROCUREMENT
1011HG3068809-2503-1-1,MS1,INV-000305,SERVICE_PROCUREMENT
1011HG3068809-2572-1-1,MS1,INV-000305,SERVICE_PROCUREMENT
1011HG3068809-2151-1-1,MS1,INV-000305,SERVICE_PROCUREMENT
1011HG3167912-341-5-1,MS1,INV-000305,SERVICE_PROCUREMENT
1011HG3167911-443-5-1,MS1,INV-000305,SERVICE_PROCUREMENT
1011HG3167911-443-4-1,MS1,INV-000305,SERVICE_PROCUREMENT
1011HG3167911-306-1-1,MS1,INV-000305,SERVICE_PROCUREMENT
1011HG3167911-298-2-1,MS1,INV-000305,SERVICE_PROCUREMENT
1011HG3167911-364-6-1,MS1,INV-000305,SERVICE_PROCUREMENT
1011HG3167911-298-4-1,MS1,INV-000305,SERVICE_PROCUREMENT
1011HG3167911-298-5-1,MS1,INV-000305,SERVICE_PROCUREMENT
1011HG3167911-364-3-1,MS1,INV-000305,SERVICE_PROCUREMENT
1011HG3167911-364-2-1,MS1,INV-000305,SERVICE_PROCUREMENT
1011HG3167911-364-1-1,MS1,INV-000305,SERVICE_PROCUREMENT
1011HG3167911-307-1-1,MS1,INV-000305,SERVICE_PROCUREMENT
1011HG3167911-425-2-1,MS1,INV-000305,SERVICE_PROCUREMENT
1011HG3167911-425-5-1,MS1,INV-000305,SERVICE_PROCUREMENT
1011HG3167911-321-3-1,MS1,INV-000305,SERVICE_PROCUREMENT
1011HG3167911-410-2-1,MS1,INV-000305,SERVICE_PROCUREMENT
1011HG3167911-478-2-1,MS1,INV-000305,SERVICE_PROCUREMENT
1011HG3167911-410-1-1,MS1,INV-000305,SERVICE_PROCUREMENT
1011HG3167911-422-1-1,MS1,INV-000305,SERVICE_PROCUREMENT
1011HG3167911-413-6-1,MS1,INV-000305,SERVICE_PROCUREMENT
1011HG3167911-439-1-1,MS1,INV-000305,SERVICE_PROCUREMENT
1011HG3068809-2969-1-1,MS1,INV-000305,SERVICE_PROCUREMENT
1011HG3068809-2123-1-1,MS1,INV-000305,SERVICE_PROCUREMENT
1011HG3068809-3097-1-1,MS1,INV-000305,SERVICE_PROCUREMENT
1011HG3068809-3031-2-1,MS1,INV-000305,SERVICE_PROCUREMENT
1011HG3068809-3097-4-1,MS1,INV-000305,SERVICE_PROCUREMENT
1011HG3068809-3097-2-1,MS1,INV-000305,SERVICE_PROCUREMENT
1011HG3068809-3072-1-1,MS1,INV-000305,SERVICE_PROCUREMENT
1011HG3068809-3031-4-1,MS1,INV-000305,SERVICE_PROCUREMENT
1011HG3068809-3097-3-1,MS1,INV-000305,SERVICE_PROCUREMENT
1011HG3068809-3022-1-1,MS1,INV-000305,SERVICE_PROCUREMENT
1011HG3068809-3034-2-1,MS1,INV-000305,SERVICE_PROCUREMENT
1011HG3068809-3030-4-1,MS1,INV-000305,SERVICE_PROCUREMENT
1011HG3068809-2915-1-1,MS1,INV-000305,SERVICE_PROCUREMENT
1011HG3068809-2973-2-1,MS1,INV-000305,SERVICE_PROCUREMENT
1011HG3068809-2970-2-1,MS1,INV-000305,SERVICE_PROCUREMENT
1011HG3068809-2970-1-1,MS1,INV-000305,SERVICE_PROCUREMENT
1011HG3068809-2933-1-1,MS1,INV-000305,SERVICE_PROCUREMENT
1011HG3068809-2913-1-1,MS1,INV-000305,SERVICE_PROCUREMENT
1011HG3068809-2504-1-1,MS1,INV-000305,SERVICE_PROCUREMENT
1011HG3068809-2867-4-1,MS1,INV-000305,SERVICE_PROCUREMENT
1011HG3167912-341-6-1,MS1,INV-000305,SERVICE_PROCUREMENT
1011HG3167911-443-1-1,MS1,INV-000305,SERVICE_PROCUREMENT
1011HG3167911-308-1-1,MS1,INV-000305,SERVICE_PROCUREMENT
1011HG3167911-412-1-1,MS1,INV-000305,SERVICE_PROCUREMENT
1011HG3167911-437-1-1,MS1,INV-000305,SERVICE_PROCUREMENT
1011HG3167911-425-4-1,MS1,INV-000305,SERVICE_PROCUREMENT
1011HG3167911-302-3-1,MS1,INV-000305,SERVICE_PROCUREMENT
1011HG3167911-321-1-1,MS1,INV-000305,SERVICE_PROCUREMENT
1011HG3167911-410-5-1,MS1,INV-000305,SERVICE_PROCUREMENT
1011HG3167911-413-1-1,MS1,INV-000305,SERVICE_PROCUREMENT
1011HG3167911-417-2-1,MS1,INV-000305,SERVICE_PROCUREMENT
1011HG3167911-413-3-1,MS1,INV-000305,SERVICE_PROCUREMENT
1011HG3167911-417-3-1,MS1,INV-000305,SERVICE_PROCUREMENT
1011HG3068809-3098-1-1,MS1,INV-000305,SERVICE_PROCUREMENT
1011HG3068809-2919-2-1,MS1,INV-000305,SERVICE_PROCUREMENT
1011HG3068809-2914-1-1,MS1,INV-000305,SERVICE_PROCUREMENT
1011HG3068809-2971-1-1,MS1,INV-000305,SERVICE_PROCUREMENT
1011HG3068809-2959-1-1,MS1,INV-000305,SERVICE_PROCUREMENT
1011HG3167911-291-2-1,MS1,INV-000307,SERVICE_PROCUREMENT
1011HG3167911-293-1-1,MS1,INV-000307,SERVICE_PROCUREMENT
1011HG3167911-525-2-1,MS1,INV-000307,SERVICE_PROCUREMENT
1011HG3167911-525-1-1,MS1,INV-000307,SERVICE_PROCUREMENT
1011HG3167912-414-1-1,MS1,INV-000307,SERVICE_PROCUREMENT
1011HG3068810-874-1-1,MS1,INV-000307,SERVICE_PROCUREMENT
1011HG3068809-2553-1-1,MS1,INV-000307,SERVICE_PROCUREMENT
1011HG3068809-2558-1-1,MS1,INV-000307,SERVICE_PROCUREMENT
1011HG3167911-275-1-1,MS1,INV-000307,SERVICE_PROCUREMENT
1011HG3167911-294-2-1,MS1,INV-000307,SERVICE_PROCUREMENT
1011HG3167911-508-1-1,MS1,INV-000307,SERVICE_PROCUREMENT
1011HG3167911-525-4-1,MS1,INV-000307,SERVICE_PROCUREMENT
1011HG3068810-876-1-1,MS1,INV-000307,SERVICE_PROCUREMENT
1011HG3167911-280-1-1,MS1,INV-000307,SERVICE_PROCUREMENT
1011HG3068809-2556-3-1,MS1,INV-000307,SERVICE_PROCUREMENT
1011HG3068809-3032-2-1,MS1,INV-000307,SERVICE_PROCUREMENT
1011HG3068809-3032-1-1,MS1,INV-000307,SERVICE_PROCUREMENT
1011HG3167911-434-1-1,MS1,INV-000307,SERVICE_PROCUREMENT
1011HG3167911-291-1-1,MS1,INV-000307,SERVICE_PROCUREMENT
1011HG3167911-507-1-1,MS1,INV-000307,SERVICE_PROCUREMENT
1011HG3167911-562-1-1,MS1,INV-000307,SERVICE_PROCUREMENT
1011HG3167911-525-3-1,MS1,INV-000307,SERVICE_PROCUREMENT
1011HG3068810-873-1-1,MS1,INV-000307,SERVICE_PROCUREMENT
1011HG3068809-2557-2-1,MS1,INV-000307,SERVICE_PROCUREMENT
1011HG3167911-276-1-1,MS1,INV-000307,SERVICE_PROCUREMENT
1011HG3167911-530-1-1,MS1,INV-000307,SERVICE_PROCUREMENT
1011HG3167911-528-1-1,MS1,INV-000307,SERVICE_PROCUREMENT
1011HG3167911-528-2-1,MS1,INV-000307,SERVICE_PROCUREMENT
1011HG3167911-293-2-1,MS1,INV-000307,SERVICE_PROCUREMENT
1011HG3167911-294-1-1,MS1,INV-000307,SERVICE_PROCUREMENT
1011HG3167912-413-1-1,MS1,INV-000307,SERVICE_PROCUREMENT
1011HG3068809-2812-1-1,MS1,INV-000307,SERVICE_PROCUREMENT
1011HG3068809-2555-3-1,MS1,INV-000307,SERVICE_PROCUREMENT
1011HG3167911-279-1-1,MS1,INV-000307,SERVICE_PROCUREMENT
1011HG3167911-281-1-1,MS1,INV-000307,SERVICE_PROCUREMENT
1011HG3068809-2875-1-1,MS1,INV-000308,SERVICE_PROCUREMENT
1011HG3068809-3073-1-1,MS1,INV-000308,SERVICE_PROCUREMENT
1011HG3167911-358-2-1,MS2,INV-000308,SERVICE_PROCUREMENT
1011HG3167911-317-1-1,MS2,INV-000308,SERVICE_PROCUREMENT
1011HG3167911-320-1-1,MS2,INV-000308,SERVICE_PROCUREMENT
1011HG3167911-320-2-1,MS2,INV-000308,SERVICE_PROCUREMENT
1011HG3167911-358-1-1,MS2,INV-000308,SERVICE_PROCUREMENT
1011HG3167911-552-1-1,MS1,INV-000308,SERVICE_PROCUREMENT
1011HG3167911-521-2-1,MS1,INV-000308,SERVICE_PROCUREMENT
1011HG3167911-604-1-1,MS1,INV-000308,SERVICE_PROCUREMENT
1011HG3068809-2963-1-1,MS1,INV-000308,SERVICE_PROCUREMENT
1011HG3068809-3000-1-1,MS1,INV-000308,SERVICE_PROCUREMENT
1011HG3068809-3035-1-1,MS1,INV-000308,SERVICE_PROCUREMENT
1011HG3167911-521-1-1,MS1,INV-000308,SERVICE_PROCUREMENT
1011HG3068809-2963-3-1,MS1,INV-000308,SERVICE_PROCUREMENT
1011HG3068809-2651-2-1,MS1,INV-000308,SERVICE_PROCUREMENT
1011HG3068809-2460-1-1,MS1,INV-000308,SERVICE_PROCUREMENT
1011HG3167911-521-4-1,MS1,INV-000308,SERVICE_PROCUREMENT
1011HG3167911-521-3-1,MS1,INV-000308,SERVICE_PROCUREMENT
1011HG3167911-499-2-1,MS1,INV-000309,SERVICE_PROCUREMENT
1011HG3167911-499-4-1,MS1,INV-000309,SERVICE_PROCUREMENT
1011HG3167911-547-1-1,MS1,INV-000309,SERVICE_PROCUREMENT
1011HG3167911-501-5-1,MS1,INV-000309,SERVICE_PROCUREMENT
1011HG3167911-501-4-1,MS1,INV-000309,SERVICE_PROCUREMENT
1011HG3167911-501-3-1,MS1,INV-000309,SERVICE_PROCUREMENT
1011HG3167911-444-1-1,MS1,INV-000309,SERVICE_PROCUREMENT
1011HG3167911-503-1-1,MS1,INV-000309,SERVICE_PROCUREMENT
1011HG3167911-594-1-1,MS1,INV-000309,SERVICE_PROCUREMENT
1011HG3167911-324-2-1,MS1,INV-000309,SERVICE_PROCUREMENT
1011HG3167911-444-5-1,MS1,INV-000309,SERVICE_PROCUREMENT
1011HG3167911-471-1-1,MS1,INV-000309,SERVICE_PROCUREMENT
1011HG3167911-503-2-1,MS1,INV-000309,SERVICE_PROCUREMENT
1011HG3167911-444-3-1,MS1,INV-000309,SERVICE_PROCUREMENT
1011HG3167911-549-1-1,MS1,INV-000309,SERVICE_PROCUREMENT
1011HG3167911-561-1-1,MS1,INV-000309,SERVICE_PROCUREMENT
1011HG3068809-2997-2-1,MS1,INV-000309,SERVICE_PROCUREMENT
1011HG3167911-324-1-1,MS1,INV-000309,SERVICE_PROCUREMENT
1011HG3167911-304-2-1,MS1,INV-000309,SERVICE_PROCUREMENT
1011HG3167911-499-5-1,MS1,INV-000309,SERVICE_PROCUREMENT
1011HG3167911-548-1-1,MS1,INV-000309,SERVICE_PROCUREMENT
1011HG3167911-503-3-1,MS1,INV-000309,SERVICE_PROCUREMENT
1011HG3167911-435-1-1,MS1,INV-000309,SERVICE_PROCUREMENT
1011HG3167911-600-1-1,MS1,INV-000309,SERVICE_PROCUREMENT
1011HG3167911-560-1-1,MS1,INV-000309,SERVICE_PROCUREMENT
1011HG3167911-584-1-1,MS1,INV-000309,SERVICE_PROCUREMENT
1011HG3167911-304-1-1,MS1,INV-000309,SERVICE_PROCUREMENT
1011HG3167911-533-1-1,MS1,INV-000309,SERVICE_PROCUREMENT
1011HG3167911-499-1-1,MS1,INV-000309,SERVICE_PROCUREMENT
1011HG3167911-499-3-1,MS1,INV-000309,SERVICE_PROCUREMENT
1011HG3167911-503-4-1,MS1,INV-000309,SERVICE_PROCUREMENT
1011HG3167911-503-5-1,MS1,INV-000309,SERVICE_PROCUREMENT
1011HG3167911-501-1-1,MS1,INV-000309,SERVICE_PROCUREMENT
1011HG3167911-501-2-1,MS1,INV-000309,SERVICE_PROCUREMENT
1011HG3167911-444-2-1,MS1,INV-000309,SERVICE_PROCUREMENT
1011HG3167911-444-4-1,MS1,INV-000309,SERVICE_PROCUREMENT
1011HG3167911-529-1-1,MS1,INV-000309,SERVICE_PROCUREMENT
1011HG3167911-601-1-1,MS1,INV-000309,SERVICE_PROCUREMENT
1011HG3167911-599-1-1,MS1,INV-000309,SERVICE_PROCUREMENT
1011HG3167911-355-1-1,MS1,INV-000309,SERVICE_PROCUREMENT
1011HG3167911-227-2-1,MS1,INV-000310,SERVICE_PROCUREMENT
1011HG3068809-2492-1-1,MS1,INV-000310,SERVICE_PROCUREMENT
1011HG3068810-1009-3-1,MS1,INV-000310,SERVICE_PROCUREMENT
1011HG3068809-2980-1-1,MS1,INV-000310,SERVICE_PROCUREMENT
1011HG3068809-2876-1-1,MS1,INV-000310,SERVICE_PROCUREMENT
1011HG3068809-3038-2-1,MS1,INV-000310,SERVICE_PROCUREMENT
1011HG3167912-185-1-1,MS1,INV-000310,SERVICE_PROCUREMENT
1011HG3167911-227-1-1,MS1,INV-000310,SERVICE_PROCUREMENT
1011HG3167911-227-4-1,MS1,INV-000310,SERVICE_PROCUREMENT
1011HG3068809-3026-1-1,MS1,INV-000310,SERVICE_PROCUREMENT
1011HG3068809-2736-1-1,MS1,INV-000310,SERVICE_PROCUREMENT
1011HG3068809-2136-3-1,MS1,INV-000310,SERVICE_PROCUREMENT
1011HG3068810-1017-1-1,MS1,INV-000310,SERVICE_PROCUREMENT
1011HG3068809-2981-1-1,MS1,INV-000310,SERVICE_PROCUREMENT
1011HG3068810-975-1-1,MS1,INV-000310,SERVICE_PROCUREMENT
1011HG3167912-326-3-1,MS1,INV-000310,SERVICE_PROCUREMENT
1011HG3068809-1846-1-1,MS1,INV-000310,SERVICE_PROCUREMENT
1011HG3068809-2627-1-1,MS1,INV-000310,SERVICE_PROCUREMENT
1011HG3167912-236-2-1,MS1,INV-000310,SERVICE_PROCUREMENT
1011HG3167911-582-1-1,MS1,INV-000310,SERVICE_PROCUREMENT
1011HG3068809-2490-1-1,MS1,INV-000310,SERVICE_PROCUREMENT
1011HG3068809-2964-2-1,MS1,INV-000310,SERVICE_PROCUREMENT
1011HG3068809-3040-1-1,MS1,INV-000310,SERVICE_PROCUREMENT
1011HG3068810-563-1-1,MS1,INV-000310,SERVICE_PROCUREMENT
1011HG3068810-1026-1-1,MS1,INV-000310,SERVICE_PROCUREMENT
1011HG3068809-2997-1-1,MS1,INV-000310,SERVICE_PROCUREMENT
1011HG3167912-236-3-1,MS1,INV-000310,SERVICE_PROCUREMENT
1011HG3068809-2733-1-1,MS1,INV-000310,SERVICE_PROCUREMENT
1011HG3068810-909-1-1,MS1,INV-000310,SERVICE_PROCUREMENT
1011HG3068810-1009-1-1,MS1,INV-000310,SERVICE_PROCUREMENT
1011HG3068809-2879-1-1,MS1,INV-000310,SERVICE_PROCUREMENT
1011HG3068809-2877-1-1,MS1,INV-000310,SERVICE_PROCUREMENT
1011HG3068810-974-1-1,MS1,INV-000310,SERVICE_PROCUREMENT
1011HG3167912-326-4-1,MS1,INV-000310,SERVICE_PROCUREMENT
1011HG3167912-326-2-1,MS1,INV-000310,SERVICE_PROCUREMENT
1011HG3068810-988-1-1,MS1,INV-000310,SERVICE_PROCUREMENT
1011HG3068810-562-1-1,MS1,INV-000310,SERVICE_PROCUREMENT
1011HG3167912-398-1-1,MS1,INV-000310,SERVICE_PROCUREMENT
1011HG3068810-1024-3-1,MS1,INV-000310,SERVICE_PROCUREMENT
1011HG3167912-186-1-1,MS2,INV-000310,SERVICE_PROCUREMENT
1011HG3068809-2998-1-1,MS1,INV-000310,SERVICE_PROCUREMENT
1011HG3068809-2333-2-1,MS1,INV-000312,SERVICE_PROCUREMENT
1011HG3068810-810-4-1,MS1,INV-000312,SERVICE_PROCUREMENT
1011HG3068809-2138-2-1,MS1,INV-000312,SERVICE_PROCUREMENT
1011HG3068809-2398-1-1,MS1,INV-000312,SERVICE_PROCUREMENT
1011HG3167911-462-1-1,MS1,INV-000312,SERVICE_PROCUREMENT
1011HG3167912-362-1-1,MS1,INV-000312,SERVICE_PROCUREMENT
1011HG3167911-370-1-1,MS1,INV-000312,SERVICE_PROCUREMENT
1011HG3167912-368-1-1,MS1,INV-000312,SERVICE_PROCUREMENT
1011HG3167912-396-1-1,MS1,INV-000312,SERVICE_PROCUREMENT
1011HG3167911-449-1-1,MS1,INV-000312,SERVICE_PROCUREMENT
1011HG3167911-458-1-1,MS1,INV-000312,SERVICE_PROCUREMENT
1011HG3167911-349-1-1,MS1,INV-000312,SERVICE_PROCUREMENT
1011HG3068809-2304-2-1,MS1,INV-000312,SERVICE_PROCUREMENT
1011HG3167911-201-1-1,MS1,INV-000312,SERVICE_PROCUREMENT
1011HG3167912-328-2-1,MS1,INV-000312,SERVICE_PROCUREMENT
1011HG3167912-343-1-1,MS1,INV-000312,SERVICE_PROCUREMENT
1011HG3167911-172-2-1,MS1,INV-000312,SERVICE_PROCUREMENT
1011HG3167911-258-1-1,MS1,INV-000312,SERVICE_PROCUREMENT
1011HG3068809-2979-1-1,MS1,INV-000312,SERVICE_PROCUREMENT
1011HG3068809-2136-2-1,MS1,INV-000312,SERVICE_PROCUREMENT
1011HG3167912-378-1-1,MS1,INV-000312,SERVICE_PROCUREMENT
1011HG3167911-467-1-1,MS1,INV-000312,SERVICE_PROCUREMENT
1011HG3167912-367-1-1,MS1,INV-000312,SERVICE_PROCUREMENT
1011HG3167911-353-1-1,MS1,INV-000312,SERVICE_PROCUREMENT
1011HG3167911-375-1-1,MS1,INV-000312,SERVICE_PROCUREMENT
1011HG3167911-369-1-1,MS1,INV-000312,SERVICE_PROCUREMENT
1011HG3167912-360-1-1,MS1,INV-000312,SERVICE_PROCUREMENT
1011HG3167911-366-1-1,MS1,INV-000312,SERVICE_PROCUREMENT
1011HG3167912-366-1-1,MS1,INV-000312,SERVICE_PROCUREMENT
1011HG3167911-344-1-1,MS1,INV-000312,SERVICE_PROCUREMENT
1011HG3167912-381-1-1,MS1,INV-000312,SERVICE_PROCUREMENT
1011HG3068809-2740-1-1,MS1,INV-000312,SERVICE_PROCUREMENT
1011HG3068809-2137-1-1,MS1,INV-000312,SERVICE_PROCUREMENT
1011HG3167911-201-4-1,MS1,INV-000312,SERVICE_PROCUREMENT
1011HG3167911-201-3-1,MS1,INV-000312,SERVICE_PROCUREMENT
1011HG3167912-328-4-1,MS1,INV-000312,SERVICE_PROCUREMENT
1011HG3167912-437-1-1,MS1,INV-000312,SERVICE_PROCUREMENT
1011HG3068810-812-4-1,MS1,INV-000312,SERVICE_PROCUREMENT
1011HG3068810-813-1-1,MS1,INV-000312,SERVICE_PROCUREMENT
1011HG3068810-811-1-1,MS1,INV-000312,SERVICE_PROCUREMENT
1011HG3068809-2982-1-1,MS1,INV-000312,SERVICE_PROCUREMENT
1011HG3068809-2137-3-1,MS1,INV-000312,SERVICE_PROCUREMENT
1011HG3068809-3037-2-1,MS1,INV-000312,SERVICE_PROCUREMENT
1011HG3167912-386-1-1,MS1,INV-000312,SERVICE_PROCUREMENT
1011HG3167912-410-1-1,MS1,INV-000312,SERVICE_PROCUREMENT
1011HG3167911-348-1-1,MS1,INV-000312,SERVICE_PROCUREMENT
1011HG3167911-365-1-1,MS1,INV-000312,SERVICE_PROCUREMENT
1011HG3167911-367-1-1,MS1,INV-000312,SERVICE_PROCUREMENT
1011HG3167911-459-1-1,MS1,INV-000312,SERVICE_PROCUREMENT
1011HG3167912-391-1-1,MS1,INV-000312,SERVICE_PROCUREMENT
1011HG3068809-2303-2-1,MS1,INV-000312,SERVICE_PROCUREMENT
1011HG3167912-338-1-1,MS1,INV-000312,SERVICE_PROCUREMENT
1011HG3167912-328-1-1,MS1,INV-000312,SERVICE_PROCUREMENT
1011HG3167911-172-1-1,MS1,INV-000312,SERVICE_PROCUREMENT
1011HG3167911-172-5-1,MS1,INV-000312,SERVICE_PROCUREMENT
1011HG3167911-258-2-1,MS1,INV-000312,SERVICE_PROCUREMENT
1011HG3167911-258-3-1,MS1,INV-000312,SERVICE_PROCUREMENT
1011HG3068809-2397-1-1,MS1,INV-000312,SERVICE_PROCUREMENT
1011HG3068809-2135-2-1,MS1,INV-000312,SERVICE_PROCUREMENT
1011HG3068809-2400-1-1,MS1,INV-000312,SERVICE_PROCUREMENT
1011HG3068809-2399-1-1,MS1,INV-000312,SERVICE_PROCUREMENT
1011HG3167911-452-1-1,MS1,INV-000312,SERVICE_PROCUREMENT
1011HG3167911-368-1-1,MS1,INV-000312,SERVICE_PROCUREMENT
1011HG3167911-347-1-1,MS1,INV-000312,SERVICE_PROCUREMENT
1011HG3068809-3080-2-1,MS1,INV-000312,SERVICE_PROCUREMENT
1011HG3068809-2136-1-1,MS1,INV-000312,SERVICE_PROCUREMENT
1011HG3167911-432-1-1,MS1,INV-000312,SERVICE_PROCUREMENT
1011HG3068809-2220-1-1,MS1,INV-000312,SERVICE_PROCUREMENT
1011HG3167911-201-5-1,MS1,INV-000312,SERVICE_PROCUREMENT
1011HG3167912-328-5-1,MS1,INV-000312,SERVICE_PROCUREMENT
1011HG3167912-343-6-1,MS1,INV-000312,SERVICE_PROCUREMENT
1011HG3167912-343-4-1,MS1,INV-000312,SERVICE_PROCUREMENT
1011HG3167912-343-5-1,MS1,INV-000312,SERVICE_PROCUREMENT
1011HG3167911-172-4-1,MS1,INV-000312,SERVICE_PROCUREMENT
1011HG3167911-258-5-1,MS1,INV-000312,SERVICE_PROCUREMENT
1011HG3167911-436-1-1,MS1,INV-000313,SERVICE_PROCUREMENT
1011HG3167911-429-1-1,MS1,INV-000313,SERVICE_PROCUREMENT
1011HG3167911-429-5-1,MS1,INV-000313,SERVICE_PROCUREMENT
1011HG3167911-517-2-1,MS1,INV-000313,SERVICE_PROCUREMENT
1011HG3167911-517-4-1,MS1,INV-000313,SERVICE_PROCUREMENT
1011HG3167912-328-3-1,MS1,INV-000313,SERVICE_PROCUREMENT
1011HG3167912-327-4-1,MS2,INV-000313,SERVICE_PROCUREMENT
1011HG3167912-327-3-1,MS2,INV-000313,SERVICE_PROCUREMENT
1011HG3167912-325-5-1,MS2,INV-000313,SERVICE_PROCUREMENT
1011HG3167912-327-1-1,MS2,INV-000313,SERVICE_PROCUREMENT
1011HG3167911-228-5-1,MS2,INV-000313,SERVICE_PROCUREMENT
1011HG3167911-257-5-1,MS2,INV-000313,SERVICE_PROCUREMENT
1011HG3167911-257-4-1,MS2,INV-000313,SERVICE_PROCUREMENT
1011HG3068809-2845-1-1,MS1,INV-000313,SERVICE_PROCUREMENT
1011HG3068810-972-1-1,MS1,INV-000313,SERVICE_PROCUREMENT
1011HG3068810-911-1-1,MS1,INV-000313,SERVICE_PROCUREMENT
1011HG3068809-3050-1-1,MS1,INV-000313,SERVICE_PROCUREMENT
1011HG3068809-1539-1-1,MS1,INV-000313,SERVICE_PROCUREMENT
1011HG3167911-429-3-1,MS1,INV-000313,SERVICE_PROCUREMENT
1011HG3167911-559-1-1,MS1,INV-000313,SERVICE_PROCUREMENT
1011HG3167911-517-3-1,MS1,INV-000313,SERVICE_PROCUREMENT
1011HG3167912-325-3-1,MS2,INV-000313,SERVICE_PROCUREMENT
1011HG3167912-325-1-1,MS2,INV-000313,SERVICE_PROCUREMENT
1011HG3167911-258-4-1,MS1,INV-000313,SERVICE_PROCUREMENT
1011HG3167911-257-2-1,MS2,INV-000313,SERVICE_PROCUREMENT
1011HG3167912-327-6-1,MS2,INV-000313,SERVICE_PROCUREMENT
1011HG3167911-228-3-1,MS2,INV-000313,SERVICE_PROCUREMENT
1011HG3068809-2844-1-1,MS1,INV-000313,SERVICE_PROCUREMENT
1011HG3068809-2422-1-1,MS1,INV-000313,SERVICE_PROCUREMENT
1011HG3068809-2445-4-1,MS1,INV-000313,SERVICE_PROCUREMENT
1011HG3068809-2731-1-1,MS1,INV-000313,SERVICE_PROCUREMENT
1011HG3068809-3050-3-1,MS1,INV-000313,SERVICE_PROCUREMENT
1011HG3068809-3087-1-1,MS1,INV-000313,SERVICE_PROCUREMENT
1011HG3068809-3213-2-1,MS1,INV-000313,SERVICE_PROCUREMENT
1011HG3068809-3212-2-1,MS1,INV-000313,SERVICE_PROCUREMENT
1011HG3068809-3001-1-1,MS1,INV-000313,SERVICE_PROCUREMENT
1011HG3068809-1538-2-1,MS1,INV-000313,SERVICE_PROCUREMENT
1011HG3068810-1027-3-1,MS1,INV-000313,SERVICE_PROCUREMENT
1011HG3167911-556-1-1,MS1,INV-000313,SERVICE_PROCUREMENT
1011HG3167911-429-4-1,MS1,INV-000313,SERVICE_PROCUREMENT
1011HG3167911-429-2-1,MS1,INV-000313,SERVICE_PROCUREMENT
1011HG3167911-517-1-1,MS1,INV-000313,SERVICE_PROCUREMENT
1011HG3167912-325-4-1,MS2,INV-000313,SERVICE_PROCUREMENT
1011HG3167911-228-6-1,MS2,INV-000313,SERVICE_PROCUREMENT
1011HG3167911-228-4-1,MS2,INV-000313,SERVICE_PROCUREMENT
1011HG3167912-325-6-1,MS2,INV-000313,SERVICE_PROCUREMENT
1011HG3167911-257-3-1,MS2,INV-000313,SERVICE_PROCUREMENT
1011HG3068809-2703-1-1,MS1,INV-000313,SERVICE_PROCUREMENT
1011HG3068809-2447-1-1,MS1,INV-000313,SERVICE_PROCUREMENT
1011HG3068809-2715-1-1,MS1,INV-000313,SERVICE_PROCUREMENT
1011HG3068809-2445-3-1,MS1,INV-000313,SERVICE_PROCUREMENT
1011HG3068809-2990-3-1,MS1,INV-000313,SERVICE_PROCUREMENT
1011HG3068809-3213-1-1,MS1,INV-000313,SERVICE_PROCUREMENT
1011HG3068809-3212-1-1,MS1,INV-000313,SERVICE_PROCUREMENT
1011HG3068809-2404-1-1,MS1,INV-000313,SERVICE_PROCUREMENT
1011HG3167911-550-3-1,MS1,INV-000313,SERVICE_PROCUREMENT
1011HG3167911-550-1-1,MS1,INV-000313,SERVICE_PROCUREMENT
1011HG3167912-327-5-1,MS2,INV-000313,SERVICE_PROCUREMENT
1011HG3167912-327-2-1,MS2,INV-000313,SERVICE_PROCUREMENT
1011HG3167911-227-5-1,MS1,INV-000313,SERVICE_PROCUREMENT
1011HG3167912-326-5-1,MS1,INV-000313,SERVICE_PROCUREMENT
1011HG3167912-325-2-1,MS2,INV-000313,SERVICE_PROCUREMENT
1011HG3167911-257-1-1,MS2,INV-000313,SERVICE_PROCUREMENT
1011HG3167911-228-2-1,MS2,INV-000313,SERVICE_PROCUREMENT
1011HG3167911-228-1-1,MS2,INV-000313,SERVICE_PROCUREMENT
1011HG3167911-257-6-1,MS2,INV-000313,SERVICE_PROCUREMENT
1011HG3068809-2730-1-1,MS1,INV-000313,SERVICE_PROCUREMENT
1011HG3068810-787-1-1,MS1,INV-000313,SERVICE_PROCUREMENT
1011HG3068809-2447-2-1,MS1,INV-000313,SERVICE_PROCUREMENT
1011HG3068809-2719-1-1,MS1,INV-000313,SERVICE_PROCUREMENT
1011HG3068809-2728-1-1,MS1,INV-000313,SERVICE_PROCUREMENT
1011HG3068810-911-3-1,MS1,INV-000313,SERVICE_PROCUREMENT
1011HG3068809-3086-1-1,MS1,INV-000313,SERVICE_PROCUREMENT
1011HG3068809-2990-1-1,MS1,INV-000313,SERVICE_PROCUREMENT
1011HG3068810-1016-1-1,MS1,INV-000313,SERVICE_PROCUREMENT
1011HG3068809-3099-1-1,MS1,INV-000313,SERVICE_PROCUREMENT
1011HG3068809-3055-2-1,MS1,INV-000313,SERVICE_PROCUREMENT
1011HG3068809-3055-1-1,MS1,INV-000313,SERVICE_PROCUREMENT
1011HG3068809-2403-3-1,MS1,INV-000313,SERVICE_PROCUREMENT
1011HG3068810-1018-1-1,MS1,INV-000313,SERVICE_PROCUREMENT
1011HG3167911-537-3-1,MS1,INV-000315,SERVICE_PROCUREMENT
1011HG3068809-1908-1-1,MS1,INV-000315,SERVICE_PROCUREMENT
1011HG3068809-2538-1-1,MS1,INV-000315,SERVICE_PROCUREMENT
1011HG3068809-2652-5-1,MS1,INV-000315,SERVICE_PROCUREMENT
1011HG3068809-2329-1-1,MS1,INV-000315,SERVICE_PROCUREMENT
1011HG3167911-484-2-1,MS1,INV-000315,SERVICE_PROCUREMENT
1011HG3167911-484-4-1,MS1,INV-000315,SERVICE_PROCUREMENT
1011HG3167911-333-4-1,MS1,INV-000315,SERVICE_PROCUREMENT
1011HG3167911-527-4-1,MS1,INV-000315,SERVICE_PROCUREMENT
1011HG3167911-333-3-1,MS1,INV-000315,SERVICE_PROCUREMENT
1011HG3167911-527-2-1,MS1,INV-000315,SERVICE_PROCUREMENT
1011HG3068809-3043-1-1,MS1,INV-000315,SERVICE_PROCUREMENT
1011HG3068809-3044-1-1,MS1,INV-000315,SERVICE_PROCUREMENT
1011HG3068810-968-1-1,MS1,INV-000315,SERVICE_PROCUREMENT
1011HG3068810-992-1-1,MS1,INV-000315,SERVICE_PROCUREMENT
1011HG3068809-3108-2-1,MS1,INV-000315,SERVICE_PROCUREMENT
1011HG3068809-3125-1-1,MS1,INV-000315,SERVICE_PROCUREMENT
1011HG3068809-3112-2-1,MS1,INV-000315,SERVICE_PROCUREMENT
1011HG3068809-3113-2-1,MS1,INV-000315,SERVICE_PROCUREMENT
1011HG3068809-3114-1-1,MS1,INV-000315,SERVICE_PROCUREMENT
1011HG3068809-3132-1-1,MS1,INV-000315,SERVICE_PROCUREMENT
1011HG3068809-3110-2-1,MS1,INV-000315,SERVICE_PROCUREMENT
1011HG3068809-2941-1-1,MS1,INV-000315,SERVICE_PROCUREMENT
1011HG3068809-1906-1-1,MS1,INV-000315,SERVICE_PROCUREMENT
1011HG3167911-519-3-1,MS1,INV-000315,SERVICE_PROCUREMENT
1011HG3167911-519-1-1,MS1,INV-000315,SERVICE_PROCUREMENT
1011HG3068810-1003-1-1,MS1,INV-000315,SERVICE_PROCUREMENT
1011HG3167911-282-1-1,MS1,INV-000315,SERVICE_PROCUREMENT
1011HG3068809-2328-1-1,MS1,INV-000315,SERVICE_PROCUREMENT
1011HG3068809-2332-1-1,MS1,INV-000315,SERVICE_PROCUREMENT
1011HG3068810-969-1-1,MS1,INV-000315,SERVICE_PROCUREMENT
1011HG3167911-484-3-1,MS1,INV-000315,SERVICE_PROCUREMENT
1011HG3167911-333-2-1,MS1,INV-000315,SERVICE_PROCUREMENT
1011HG3167911-333-1-1,MS1,INV-000315,SERVICE_PROCUREMENT
1011HG3167911-333-5-1,MS1,INV-000315,SERVICE_PROCUREMENT
1011HG3068809-2327-1-1,MS1,INV-000315,SERVICE_PROCUREMENT
1011HG3068809-2653-3-1,MS1,INV-000315,SERVICE_PROCUREMENT
1011HG3068809-3122-1-1,MS1,INV-000315,SERVICE_PROCUREMENT
1011HG3068809-3121-1-1,MS1,INV-000315,SERVICE_PROCUREMENT
1011HG3068809-3137-1-1,MS1,INV-000315,SERVICE_PROCUREMENT
1011HG3068809-3118-1-1,MS1,INV-000315,SERVICE_PROCUREMENT
1011HG3068809-3120-1-1,MS1,INV-000315,SERVICE_PROCUREMENT
1011HG3068809-3117-2-1,MS1,INV-000315,SERVICE_PROCUREMENT
1011HG3068809-3128-1-1,MS1,INV-000315,SERVICE_PROCUREMENT
1011HG3068809-3126-1-1,MS1,INV-000315,SERVICE_PROCUREMENT
1011HG3068809-3107-2-1,MS1,INV-000315,SERVICE_PROCUREMENT
1011HG3167911-555-1-1,MS1,INV-000315,SERVICE_PROCUREMENT
1011HG3068809-2383-1-1,MS1,INV-000315,SERVICE_PROCUREMENT
1011HG3068809-2335-1-1,MS1,INV-000315,SERVICE_PROCUREMENT
1011HG3068809-3011-1-1,MS1,INV-000315,SERVICE_PROCUREMENT
1011HG3068809-3015-1-1,MS1,INV-000315,SERVICE_PROCUREMENT
1011HG3068809-3020-1-1,MS1,INV-000315,SERVICE_PROCUREMENT
1011HG3068809-3019-1-1,MS1,INV-000315,SERVICE_PROCUREMENT
1011HG3167911-522-2-1,MS1,INV-000315,SERVICE_PROCUREMENT
1011HG3167911-522-1-1,MS1,INV-000315,SERVICE_PROCUREMENT
1011HG3167911-519-2-1,MS1,INV-000315,SERVICE_PROCUREMENT
1011HG3068809-2586-1-1,MS1,INV-000315,SERVICE_PROCUREMENT
1011HG3068810-1000-1-1,MS1,INV-000315,SERVICE_PROCUREMENT
1011HG3068809-2587-5-1,MS1,INV-000315,SERVICE_PROCUREMENT
1011HG3068809-3010-1-1,MS1,INV-000315,SERVICE_PROCUREMENT
1011HG3068809-2585-5-1,MS1,INV-000315,SERVICE_PROCUREMENT
1011HG3167911-527-1-1,MS1,INV-000315,SERVICE_PROCUREMENT
1011HG3068809-3042-2-1,MS1,INV-000315,SERVICE_PROCUREMENT
1011HG3068810-982-2-1,MS1,INV-000315,SERVICE_PROCUREMENT
1011HG3068809-3133-1-1,MS1,INV-000315,SERVICE_PROCUREMENT
1011HG3068809-3135-1-1,MS1,INV-000315,SERVICE_PROCUREMENT
1011HG3068809-2918-1-1,MS1,INV-000315,SERVICE_PROCUREMENT
1011HG3167911-537-2-1,MS1,INV-000315,SERVICE_PROCUREMENT
1011HG3068809-3013-1-1,MS1,INV-000315,SERVICE_PROCUREMENT
1011HG3068809-2337-1-1,MS1,INV-000315,SERVICE_PROCUREMENT
1011HG3068809-2382-1-1,MS1,INV-000315,SERVICE_PROCUREMENT
1011HG3068809-3018-1-1,MS1,INV-000315,SERVICE_PROCUREMENT
1011HG3068809-3017-1-1,MS1,INV-000315,SERVICE_PROCUREMENT
1011HG3167911-522-4-1,MS1,INV-000315,SERVICE_PROCUREMENT
1011HG3167911-522-3-1,MS1,INV-000315,SERVICE_PROCUREMENT
1011HG3167911-519-4-1,MS1,INV-000315,SERVICE_PROCUREMENT
1011HG3068809-2552-2-1,MS1,INV-000315,SERVICE_PROCUREMENT
1011HG3068810-1002-1-1,MS1,INV-000315,SERVICE_PROCUREMENT
1011HG3068809-2584-3-1,MS1,INV-000315,SERVICE_PROCUREMENT
1011HG3068810-970-1-1,MS1,INV-000315,SERVICE_PROCUREMENT
1011HG3167911-484-1-1,MS1,INV-000315,SERVICE_PROCUREMENT
1011HG3167911-527-3-1,MS1,INV-000315,SERVICE_PROCUREMENT
1011HG3068809-3042-1-1,MS1,INV-000315,SERVICE_PROCUREMENT
1011HG3068809-3044-2-1,MS1,INV-000315,SERVICE_PROCUREMENT
1011HG3167911-196-3-1,MS1,INV-000315,SERVICE_PROCUREMENT
1011HG3167911-196-1-1,MS1,INV-000315,SERVICE_PROCUREMENT
1011HG3068809-2657-3-1,MS1,INV-000315,SERVICE_PROCUREMENT
1011HG3068809-3138-1-1,MS1,INV-000315,SERVICE_PROCUREMENT
1011HG3068809-3134-1-1,MS1,INV-000315,SERVICE_PROCUREMENT
1011HG3068809-3119-1-1,MS1,INV-000315,SERVICE_PROCUREMENT
1011HG3068809-3136-1-1,MS1,INV-000315,SERVICE_PROCUREMENT
1011HG3068809-3130-1-1,MS1,INV-000315,SERVICE_PROCUREMENT
1011HG3068809-3131-1-1,MS1,INV-000315,SERVICE_PROCUREMENT
1011HG3068809-3129-1-1,MS1,INV-000315,SERVICE_PROCUREMENT
1011HG3068809-3111-2-1,MS1,INV-000315,SERVICE_PROCUREMENT
1011HG3068809-3109-1-1,MS1,INV-000315,SERVICE_PROCUREMENT
1011HG3068809-3127-1-1,MS1,INV-000315,SERVICE_PROCUREMENT
1011HG3167911-494-2-1,MS1,INV-000318,SERVICE_PROCUREMENT
1011HG3167911-495-5-1,MS1,INV-000318,SERVICE_PROCUREMENT
1011HG3167911-492-2-1,MS1,INV-000318,SERVICE_PROCUREMENT
1011HG3167911-442-3-1,MS1,INV-000318,SERVICE_PROCUREMENT
1011HG3167911-441-4-1,MS1,INV-000318,SERVICE_PROCUREMENT
1011HG3167911-341-6-1,MS1,INV-000318,SERVICE_PROCUREMENT
1011HG3167911-515-3-1,MS1,INV-000318,SERVICE_PROCUREMENT
1011HG3167911-442-1-1,MS1,INV-000318,SERVICE_PROCUREMENT
1011HG3167911-252-1-1,MS2,INV-000318,SERVICE_PROCUREMENT
1011HG3167911-268-1-1,MS1,INV-000318,SERVICE_PROCUREMENT
1011HG3167911-268-2-1,MS1,INV-000318,SERVICE_PROCUREMENT
1011HG3167911-380-2-1,MS1,INV-000318,SERVICE_PROCUREMENT
1011HG3068809-2922-3-1,MS1,INV-000318,SERVICE_PROCUREMENT
1011HG3068809-3095-1-1,MS1,INV-000318,SERVICE_PROCUREMENT
1011HG3068809-2920-3-1,MS1,INV-000318,SERVICE_PROCUREMENT
1011HG3068809-2920-1-1,MS1,INV-000318,SERVICE_PROCUREMENT
1011HG3068809-2228-4-1,MS1,INV-000318,SERVICE_PROCUREMENT
1011HG3068810-934-1-1,MS1,INV-000318,SERVICE_PROCUREMENT
1011HG3068809-2229-1-1,MS1,INV-000318,SERVICE_PROCUREMENT
1011HG3167912-292-1-1,MS1,INV-000318,SERVICE_PROCUREMENT
1011HG3167911-494-6-1,MS1,INV-000318,SERVICE_PROCUREMENT
1011HG3167911-494-3-1,MS1,INV-000318,SERVICE_PROCUREMENT
1011HG3167911-492-1-1,MS1,INV-000318,SERVICE_PROCUREMENT
1011HG3167911-492-6-1,MS1,INV-000318,SERVICE_PROCUREMENT
1011HG3167911-442-2-1,MS1,INV-000318,SERVICE_PROCUREMENT
1011HG3167911-512-2-1,MS1,INV-000318,SERVICE_PROCUREMENT
1011HG3167911-512-3-1,MS1,INV-000318,SERVICE_PROCUREMENT
1011HG3167911-512-1-1,MS1,INV-000318,SERVICE_PROCUREMENT
1011HG3167911-441-1-1,MS1,INV-000318,SERVICE_PROCUREMENT
1011HG3167911-495-3-1,MS1,INV-000318,SERVICE_PROCUREMENT
1011HG3167911-495-6-1,MS1,INV-000318,SERVICE_PROCUREMENT
1011HG3167911-341-5-1,MS1,INV-000318,SERVICE_PROCUREMENT
1011HG3167911-515-4-1,MS1,INV-000318,SERVICE_PROCUREMENT
1011HG3167911-442-5-1,MS1,INV-000318,SERVICE_PROCUREMENT
1011HG3068809-2370-1-1,MS1,INV-000318,SERVICE_PROCUREMENT
1011HG3167911-268-3-1,MS1,INV-000318,SERVICE_PROCUREMENT
1011HG3167911-268-4-1,MS1,INV-000318,SERVICE_PROCUREMENT
1011HG3167911-380-1-1,MS1,INV-000318,SERVICE_PROCUREMENT
1011HG3167911-380-3-1,MS1,INV-000318,SERVICE_PROCUREMENT
1011HG3068809-2313-1-1,MS1,INV-000318,SERVICE_PROCUREMENT
1011HG3068810-702-1-1,MS1,INV-000318,SERVICE_PROCUREMENT
1011HG3068809-3142-1-1,MS1,INV-000318,SERVICE_PROCUREMENT
1011HG3068809-3076-1-1,MS1,INV-000318,SERVICE_PROCUREMENT
1011HG3167911-494-5-1,MS1,INV-000318,SERVICE_PROCUREMENT
1011HG3167911-494-1-1,MS1,INV-000318,SERVICE_PROCUREMENT
1011HG3167911-332-3-1,MS1,INV-000318,SERVICE_PROCUREMENT
1011HG3167911-332-2-1,MS1,INV-000318,SERVICE_PROCUREMENT
1011HG3167911-332-1-1,MS1,INV-000318,SERVICE_PROCUREMENT
1011HG3167911-492-3-1,MS1,INV-000318,SERVICE_PROCUREMENT
1011HG3167911-341-2-1,MS1,INV-000318,SERVICE_PROCUREMENT
1011HG3167911-512-4-1,MS1,INV-000318,SERVICE_PROCUREMENT
1011HG3167911-441-3-1,MS1,INV-000318,SERVICE_PROCUREMENT
1011HG3167911-441-5-1,MS1,INV-000318,SERVICE_PROCUREMENT
1011HG3167911-495-2-1,MS1,INV-000318,SERVICE_PROCUREMENT
1011HG3167911-492-5-1,MS1,INV-000318,SERVICE_PROCUREMENT
1011HG3167911-492-4-1,MS1,INV-000318,SERVICE_PROCUREMENT
1011HG3167911-341-1-1,MS1,INV-000318,SERVICE_PROCUREMENT
1011HG3068810-942-1-1,MS1,INV-000318,SERVICE_PROCUREMENT
1011HG3068809-2805-1-1,MS1,INV-000318,SERVICE_PROCUREMENT
1011HG3068810-819-1-1,MS1,INV-000318,SERVICE_PROCUREMENT
1011HG3068809-2306-4-1,MS1,INV-000318,SERVICE_PROCUREMENT
1011HG3167911-332-4-1,MS1,INV-000318,SERVICE_PROCUREMENT
1011HG3167911-494-4-1,MS1,INV-000318,SERVICE_PROCUREMENT
1011HG3167911-495-4-1,MS1,INV-000318,SERVICE_PROCUREMENT
1011HG3167911-441-2-1,MS1,INV-000318,SERVICE_PROCUREMENT
1011HG3167911-495-1-1,MS1,INV-000318,SERVICE_PROCUREMENT
1011HG3167911-341-3-1,MS1,INV-000318,SERVICE_PROCUREMENT
1011HG3167911-515-2-1,MS1,INV-000318,SERVICE_PROCUREMENT
1011HG3167911-515-1-1,MS1,INV-000318,SERVICE_PROCUREMENT
1011HG3167911-442-4-1,MS1,INV-000318,SERVICE_PROCUREMENT
1011HG3068809-2529-1-1,MS1,INV-000318,SERVICE_PROCUREMENT
1011HG3167911-380-5-1,MS1,INV-000318,SERVICE_PROCUREMENT
1011HG3068809-2922-1-1,MS1,INV-000318,SERVICE_PROCUREMENT
1011HG3068809-2231-1-1,MS1,INV-000318,SERVICE_PROCUREMENT
1011HG3068809-2104-2-1,MS1,INV-000318,SERVICE_PROCUREMENT
1011HG3068809-2227-3-1,MS1,INV-000318,SERVICE_PROCUREMENT
1011HG3068809-2226-4-1,MS1,INV-000319,SERVICE_PROCUREMENT
1011HG3068810-946-1-1,MS1,INV-000319,SERVICE_PROCUREMENT
1011HG3068809-1658-2-1,MS1,INV-000319,SERVICE_PROCUREMENT
1011HG3068809-2230-1-1,MS1,INV-000319,SERVICE_PROCUREMENT
1011HG3068810-940-1-1,MS1,INV-000319,SERVICE_PROCUREMENT
1011HG3068810-991-1-1,MS1,INV-000319,SERVICE_PROCUREMENT
1011HG3068809-3103-1-1,MS1,INV-000319,SERVICE_PROCUREMENT
1011HG3068810-1062-1-1,MS1,INV-000319,SERVICE_PROCUREMENT
1011HG3068810-631-2-1,MS1,INV-000319,SERVICE_PROCUREMENT
1011HG3068810-679-5-1,MS1,INV-000319,SERVICE_PROCUREMENT
1011HG3068810-630-2-1,MS1,INV-000319,SERVICE_PROCUREMENT
1011HG3068810-799-4-1,MS1,INV-000319,SERVICE_PROCUREMENT
1011HG3068809-2484-2-1,MS1,INV-000319,SERVICE_PROCUREMENT
1011HG3068810-947-1-1,MS1,INV-000319,SERVICE_PROCUREMENT
1011HG3068809-2607-1-1,MS1,INV-000319,SERVICE_PROCUREMENT
1011HG3068810-1061-2-1,MS1,INV-000319,SERVICE_PROCUREMENT
1011HG3068810-679-4-1,MS1,INV-000319,SERVICE_PROCUREMENT
1011HG3068809-3150-1-1,MS1,INV-000319,SERVICE_PROCUREMENT
1011HG3068809-2804-1-1,MS1,INV-000319,SERVICE_PROCUREMENT
1011HG3068810-798-1-1,MS1,INV-000319,SERVICE_PROCUREMENT
1011HG3068809-2618-1-1,MS1,INV-000319,SERVICE_PROCUREMENT
1011HG3068810-1021-2-1,MS1,INV-000319,SERVICE_PROCUREMENT
1011HG3068810-981-1-1,MS1,INV-000319,SERVICE_PROCUREMENT
1011HG3068809-3085-2-1,MS1,INV-000319,SERVICE_PROCUREMENT
1011HG3068809-3085-3-1,MS1,INV-000319,SERVICE_PROCUREMENT
1011HG3068810-803-4-1,MS1,INV-000319,SERVICE_PROCUREMENT
1011HG3068810-800-4-1,MS1,INV-000319,SERVICE_PROCUREMENT
1011HG3068810-797-2-1,MS1,INV-000319,SERVICE_PROCUREMENT
1011HG3068809-1658-5-1,MS1,INV-000319,SERVICE_PROCUREMENT
1011HG3068809-2606-1-1,MS1,INV-000319,SERVICE_PROCUREMENT
1011HG3068810-932-1-1,MS1,INV-000319,SERVICE_PROCUREMENT
1011HG3068810-631-3-1,MS1,INV-000319,SERVICE_PROCUREMENT
1011HG3068810-802-4-1,MS1,INV-000319,SERVICE_PROCUREMENT
1011HG3068810-630-5-1,MS1,INV-000319,SERVICE_PROCUREMENT
1011HG3068810-801-4-1,MS1,INV-000319,SERVICE_PROCUREMENT
1011HG3068810-1060-1-1,MS1,INV-000319,SERVICE_PROCUREMENT
1011HG3167911-221-1-1,MS1,INV-000320,SERVICE_PROCUREMENT
1011HG3167912-276-1-1,MS1,INV-000320,SERVICE_PROCUREMENT
1011HG3167912-277-1-1,MS1,INV-000320,SERVICE_PROCUREMENT
1011HG3068809-2884-2-1,MS1,INV-000320,SERVICE_PROCUREMENT
1011HG3068809-2883-2-1,MS1,INV-000320,SERVICE_PROCUREMENT
1011HG3068809-2924-1-1,MS1,INV-000320,SERVICE_PROCUREMENT
1011HG3068809-2793-2-1,MS1,INV-000320,SERVICE_PROCUREMENT
1011HG3068809-2840-1-1,MS1,INV-000320,SERVICE_PROCUREMENT
1011HG3068809-2841-1-1,MS1,INV-000320,SERVICE_PROCUREMENT
1011HG3068810-1070-1-1,MS1,INV-000320,SERVICE_PROCUREMENT
1011HG3167911-190-1-1,MS2,INV-000320,SERVICE_PROCUREMENT
1011HG3167911-186-1-1,MS2,INV-000320,SERVICE_PROCUREMENT
1011HG3167911-146-1-1,MS2,INV-000320,SERVICE_PROCUREMENT
1011HG3167911-557-1-1,MS1,INV-000320,SERVICE_PROCUREMENT
1011HG3167911-222-1-1,MS1,INV-000320,SERVICE_PROCUREMENT
1011HG3167911-224-1-1,MS1,INV-000320,SERVICE_PROCUREMENT
1011HG3167911-220-1-1,MS1,INV-000320,SERVICE_PROCUREMENT
1011HG3167912-343-3-1,MS1,INV-000320,SERVICE_PROCUREMENT
1011HG3068809-2477-2-1,MS1,INV-000320,SERVICE_PROCUREMENT
1011HG3068809-2887-2-1,MS1,INV-000320,SERVICE_PROCUREMENT
1011HG3068809-2928-3-1,MS1,INV-000320,SERVICE_PROCUREMENT
1011HG3068809-2928-2-1,MS1,INV-000320,SERVICE_PROCUREMENT
1011HG3068809-2929-1-1,MS1,INV-000320,SERVICE_PROCUREMENT
1011HG3068809-2904-2-1,MS1,INV-000320,SERVICE_PROCUREMENT
1011HG3068809-2743-1-1,MS1,INV-000320,SERVICE_PROCUREMENT
1011HG3068809-2868-2-1,MS1,INV-000320,SERVICE_PROCUREMENT
1011HG3068809-3055-3-1,MS1,INV-000320,SERVICE_PROCUREMENT
1011HG3068809-2746-2-1,MS1,INV-000320,SERVICE_PROCUREMENT
1011HG3068809-2919-1-1,MS1,INV-000320,SERVICE_PROCUREMENT
1011HG3068809-2684-1-1,MS1,INV-000320,SERVICE_PROCUREMENT
1011HG3068809-2115-4-1,MS1,INV-000320,SERVICE_PROCUREMENT
1011HG3068809-2312-5-1,MS1,INV-000320,SERVICE_PROCUREMENT
1011HG3068809-2310-4-1,MS1,INV-000320,SERVICE_PROCUREMENT
1011HG3167911-195-3-1,MS2,INV-000320,SERVICE_PROCUREMENT
1011HG3167911-195-2-1,MS2,INV-000320,SERVICE_PROCUREMENT
1011HG3167912-268-1-1,MS2,INV-000320,SERVICE_PROCUREMENT
1011HG3167912-339-1-1,MS2,INV-000320,SERVICE_PROCUREMENT
1011HG3167911-191-1-1,MS2,INV-000320,SERVICE_PROCUREMENT
1011HG3167911-231-1-1,MS1,INV-000320,SERVICE_PROCUREMENT
1011HG3167911-225-1-1,MS1,INV-000320,SERVICE_PROCUREMENT
1011HG3068809-2482-2-1,MS1,INV-000320,SERVICE_PROCUREMENT
1011HG3068809-3101-1-1,MS1,INV-000320,SERVICE_PROCUREMENT
1011HG3068809-3100-1-1,MS1,INV-000320,SERVICE_PROCUREMENT
1011HG3068809-3058-1-1,MS1,INV-000320,SERVICE_PROCUREMENT
1011HG3068809-2926-3-1,MS1,INV-000320,SERVICE_PROCUREMENT
1011HG3068809-2742-3-1,MS1,INV-000320,SERVICE_PROCUREMENT
1011HG3068809-2744-3-1,MS1,INV-000320,SERVICE_PROCUREMENT
1011HG3068809-2683-1-1,MS1,INV-000320,SERVICE_PROCUREMENT
1011HG3068809-2927-3-1,MS1,INV-000320,SERVICE_PROCUREMENT
1011HG3068809-2745-3-1,MS1,INV-000320,SERVICE_PROCUREMENT
1011HG3068809-3050-2-1,MS1,INV-000320,SERVICE_PROCUREMENT
1011HG3068809-3075-1-1,MS1,INV-000320,SERVICE_PROCUREMENT
1011HG3068810-851-1-1,MS1,INV-000320,SERVICE_PROCUREMENT
1011HG3068810-851-3-1,MS1,INV-000320,SERVICE_PROCUREMENT
1011HG3068809-2309-3-1,MS1,INV-000320,SERVICE_PROCUREMENT
1011HG3068810-851-4-1,MS1,INV-000320,SERVICE_PROCUREMENT
1011HG3167911-195-4-1,MS2,INV-000320,SERVICE_PROCUREMENT
1011HG3167912-346-1-1,MS2,INV-000320,SERVICE_PROCUREMENT
1011HG3167911-638-1-1,MS1,INV-000320,SERVICE_PROCUREMENT
1011HG3167912-293-1-1,MS1,INV-000320,SERVICE_PROCUREMENT
1011HG3068809-2803-1-1,MS1,INV-000320,SERVICE_PROCUREMENT
1011HG3068809-3058-2-1,MS1,INV-000320,SERVICE_PROCUREMENT
1011HG3068809-3061-3-1,MS1,INV-000320,SERVICE_PROCUREMENT
1011HG3068809-3061-1-1,MS1,INV-000320,SERVICE_PROCUREMENT
1011HG3068809-2887-3-1,MS1,INV-000320,SERVICE_PROCUREMENT
1011HG3068809-2884-1-1,MS1,INV-000320,SERVICE_PROCUREMENT
1011HG3068809-2477-1-1,MS1,INV-000320,SERVICE_PROCUREMENT
1011HG3068809-2926-1-1,MS1,INV-000320,SERVICE_PROCUREMENT
1011HG3068809-2851-1-1,MS1,INV-000320,SERVICE_PROCUREMENT
1011HG3068809-2115-1-1,MS1,INV-000320,SERVICE_PROCUREMENT
1011HG3068810-850-7-1,MS1,INV-000320,SERVICE_PROCUREMENT
1011HG3068809-2115-5-1,MS1,INV-000320,SERVICE_PROCUREMENT
1011HG3068809-2308-1-1,MS1,INV-000320,SERVICE_PROCUREMENT
1011HG3068809-2307-5-1,MS1,INV-000320,SERVICE_PROCUREMENT
1011HG3068809-2311-3-1,MS1,INV-000320,SERVICE_PROCUREMENT
1011HG3068810-908-5-1,MS1,INV-000320,SERVICE_PROCUREMENT
1011HG3167911-196-2-1,MS1,INV-000320,SERVICE_PROCUREMENT
1011HG3167911-195-1-1,MS2,INV-000320,SERVICE_PROCUREMENT
1011HG3167911-227-3-1,MS1,INV-000320,SERVICE_PROCUREMENT
1011HG3167911-227-6-1,MS1,INV-000320,SERVICE_PROCUREMENT
1011HG3167911-620-2-1,MS1,INV-000320,SERVICE_PROCUREMENT
1011HG3068809-2403-1-1,MS1,INV-000321,SERVICE_PROCUREMENT
1011HG3068809-2961-4-1,MS1,INV-000321,SERVICE_PROCUREMENT
1011HG3068809-2967-1-1,MS1,INV-000321,SERVICE_PROCUREMENT
1011HG3068809-2878-2-1,MS1,INV-000321,SERVICE_PROCUREMENT
1011HG3167911-113-1-1,MS1,INV-000321,SERVICE_PROCUREMENT
1011HG3167912-432-2-1,MS1,INV-000321,SERVICE_PROCUREMENT
1011HG3167912-431-1-1,MS1,INV-000321,SERVICE_PROCUREMENT
1011HG3167911-567-3-1,MS1,INV-000321,SERVICE_PROCUREMENT
1011HG3167911-567-2-1,MS1,INV-000321,SERVICE_PROCUREMENT
1011HG3167911-585-1-1,MS1,INV-000321,SERVICE_PROCUREMENT
1011HG3167911-596-1-1,MS1,INV-000321,SERVICE_PROCUREMENT
1011HG3167911-410-3-1,MS1,INV-000321,SERVICE_PROCUREMENT
1011HG3167911-413-4-1,MS1,INV-000321,SERVICE_PROCUREMENT
1011HG3167911-360-4-1,MS1,INV-000321,SERVICE_PROCUREMENT
1011HG3167911-321-5-1,MS1,INV-000321,SERVICE_PROCUREMENT
1011HG3167911-302-1-1,MS1,INV-000321,SERVICE_PROCUREMENT
1011HG3167911-131-3-1,MS2,INV-000321,SERVICE_PROCUREMENT
1011HG3167911-418-4-1,MS1,INV-000321,SERVICE_PROCUREMENT
1011HG3167911-298-3-1,MS1,INV-000321,SERVICE_PROCUREMENT
1011HG3167911-131-4-1,MS2,INV-000321,SERVICE_PROCUREMENT
1011HG3167911-486-1-1,MS1,INV-000321,SERVICE_PROCUREMENT
1011HG3167911-202-2-1,MS2,INV-000321,SERVICE_PROCUREMENT
1011HG3167912-343-2-1,MS1,INV-000321,SERVICE_PROCUREMENT
1011HG3167911-150-7-1,MS2,INV-000321,SERVICE_PROCUREMENT
1011HG3167911-150-6-1,MS2,INV-000321,SERVICE_PROCUREMENT
1011HG3167911-150-3-1,MS2,INV-000321,SERVICE_PROCUREMENT
1011HG3167911-150-5-1,MS2,INV-000321,SERVICE_PROCUREMENT
1011HG3167911-285-5-1,MS1,INV-000321,SERVICE_PROCUREMENT
1011HG3167911-598-4-1,MS1,INV-000321,SERVICE_PROCUREMENT
1011HG3167911-150-1-1,MS2,INV-000321,SERVICE_PROCUREMENT
1011HG3167911-586-1-1,MS1,INV-000321,SERVICE_PROCUREMENT
1011HG3167911-565-3-1,MS1,INV-000321,SERVICE_PROCUREMENT
1011HG3167911-565-4-1,MS1,INV-000321,SERVICE_PROCUREMENT
1011HG3167911-602-1-1,MS1,INV-000321,SERVICE_PROCUREMENT
1011HG3167912-236-1-1,MS1,INV-000321,SERVICE_PROCUREMENT
1011HG3167911-606-6-1,MS1,INV-000321,SERVICE_PROCUREMENT
1011HG3167911-606-4-1,MS1,INV-000321,SERVICE_PROCUREMENT
1011HG3167911-606-5-1,MS1,INV-000321,SERVICE_PROCUREMENT
1011HG3167911-606-3-1,MS1,INV-000321,SERVICE_PROCUREMENT
1011HG3167911-645-6-1,MS1,INV-000321,SERVICE_PROCUREMENT
1011HG3167911-569-4-1,MS1,INV-000321,SERVICE_PROCUREMENT
1011HG3167911-569-3-1,MS1,INV-000321,SERVICE_PROCUREMENT
1011HG3167911-645-4-1,MS1,INV-000321,SERVICE_PROCUREMENT
1011HG3167911-645-2-1,MS1,INV-000321,SERVICE_PROCUREMENT
1011HG3167911-170-1-1,MS2,INV-000321,SERVICE_PROCUREMENT
1011HG3167912-209-2-1,MS2,INV-000321,SERVICE_PROCUREMENT
1011HG3068810-965-1-1,MS1,INV-000321,SERVICE_PROCUREMENT
1011HG3068810-965-3-1,MS1,INV-000321,SERVICE_PROCUREMENT
1011HG3068809-2404-2-1,MS1,INV-000321,SERVICE_PROCUREMENT
1011HG3068809-2811-4-1,MS1,INV-000321,SERVICE_PROCUREMENT
1011HG3068809-2811-1-1,MS1,INV-000321,SERVICE_PROCUREMENT
1011HG3068809-2878-1-1,MS1,INV-000321,SERVICE_PROCUREMENT
1011HG3068809-2961-2-1,MS1,INV-000321,SERVICE_PROCUREMENT
1011HG3068809-2961-3-1,MS1,INV-000321,SERVICE_PROCUREMENT
1011HG3167912-432-1-1,MS1,INV-000321,SERVICE_PROCUREMENT
1011HG3068809-2922-2-1,MS1,INV-000321,SERVICE_PROCUREMENT
1011HG3068809-2920-2-1,MS1,INV-000321,SERVICE_PROCUREMENT
1011HG3167911-595-3-1,MS1,INV-000321,SERVICE_PROCUREMENT
1011HG3167911-567-1-1,MS1,INV-000321,SERVICE_PROCUREMENT
1011HG3167911-595-2-1,MS1,INV-000321,SERVICE_PROCUREMENT
1011HG3167911-395-1-1,MS1,INV-000321,SERVICE_PROCUREMENT
1011HG3167911-417-5-1,MS1,INV-000321,SERVICE_PROCUREMENT
1011HG3167911-416-5-1,MS1,INV-000321,SERVICE_PROCUREMENT
1011HG3167911-131-5-1,MS2,INV-000321,SERVICE_PROCUREMENT
1011HG3167911-298-6-1,MS1,INV-000321,SERVICE_PROCUREMENT
1011HG3167911-202-3-1,MS2,INV-000321,SERVICE_PROCUREMENT
1011HG3167911-202-6-1,MS2,INV-000321,SERVICE_PROCUREMENT
1011HG3167912-342-5-1,MS2,INV-000321,SERVICE_PROCUREMENT
1011HG3167911-171-3-1,MS2,INV-000321,SERVICE_PROCUREMENT
1011HG3167911-565-6-1,MS1,INV-000321,SERVICE_PROCUREMENT
1011HG3167911-565-5-1,MS1,INV-000321,SERVICE_PROCUREMENT
1011HG3167911-565-2-1,MS1,INV-000321,SERVICE_PROCUREMENT
1011HG3167911-627-1-1,MS1,INV-000321,SERVICE_PROCUREMENT
1011HG3167911-606-1-1,MS1,INV-000321,SERVICE_PROCUREMENT
1011HG3167911-569-2-1,MS1,INV-000321,SERVICE_PROCUREMENT
1011HG3167911-645-3-1,MS1,INV-000321,SERVICE_PROCUREMENT
1011HG3167911-646-1-1,MS1,INV-000321,SERVICE_PROCUREMENT
1011HG3167912-208-4-1,MS1,INV-000321,SERVICE_PROCUREMENT
1011HG3068809-3074-1-1,MS1,INV-000321,SERVICE_PROCUREMENT
1011HG3068809-3074-3-1,MS1,INV-000321,SERVICE_PROCUREMENT
1011HG3068809-2811-6-1,MS1,INV-000321,SERVICE_PROCUREMENT
1011HG3068809-2811-5-1,MS1,INV-000321,SERVICE_PROCUREMENT
1011HG3068809-2811-3-1,MS1,INV-000321,SERVICE_PROCUREMENT
1011HG3068809-2999-1-1,MS1,INV-000321,SERVICE_PROCUREMENT
1011HG3068809-2961-1-1,MS1,INV-000321,SERVICE_PROCUREMENT
1011HG3167912-431-2-1,MS1,INV-000321,SERVICE_PROCUREMENT
1011HG3167911-567-5-1,MS1,INV-000321,SERVICE_PROCUREMENT
1011HG3167911-595-4-1,MS1,INV-000321,SERVICE_PROCUREMENT
1011HG3167911-595-6-1,MS1,INV-000321,SERVICE_PROCUREMENT
1011HG3167911-567-4-1,MS1,INV-000321,SERVICE_PROCUREMENT
1011HG3167911-395-3-1,MS1,INV-000321,SERVICE_PROCUREMENT
1011HG3167911-478-5-1,MS1,INV-000321,SERVICE_PROCUREMENT
1011HG3167911-417-6-1,MS1,INV-000321,SERVICE_PROCUREMENT
1011HG3167911-416-4-1,MS1,INV-000321,SERVICE_PROCUREMENT
1011HG3167911-418-5-1,MS1,INV-000321,SERVICE_PROCUREMENT
1011HG3167911-321-6-1,MS1,INV-000321,SERVICE_PROCUREMENT
1011HG3167911-131-1-1,MS2,INV-000321,SERVICE_PROCUREMENT
1011HG3167912-342-3-1,MS2,INV-000321,SERVICE_PROCUREMENT
1011HG3167912-342-2-1,MS2,INV-000321,SERVICE_PROCUREMENT
1011HG3167912-342-1-1,MS2,INV-000321,SERVICE_PROCUREMENT
1011HG3167912-342-6-1,MS2,INV-000321,SERVICE_PROCUREMENT
1011HG3167912-342-7-1,MS2,INV-000321,SERVICE_PROCUREMENT
1011HG3167912-352-1-1,MS2,INV-000321,SERVICE_PROCUREMENT
1011HG3167911-201-2-1,MS1,INV-000321,SERVICE_PROCUREMENT
1011HG3167911-172-3-1,MS1,INV-000321,SERVICE_PROCUREMENT
1011HG3167911-202-5-1,MS2,INV-000321,SERVICE_PROCUREMENT
1011HG3167911-598-1-1,MS1,INV-000321,SERVICE_PROCUREMENT
1011HG3167912-237-2-1,MS2,INV-000321,SERVICE_PROCUREMENT
1011HG3167912-237-5-1,MS2,INV-000321,SERVICE_PROCUREMENT
1011HG3167912-237-4-1,MS2,INV-000321,SERVICE_PROCUREMENT
1011HG3167911-565-1-1,MS1,INV-000321,SERVICE_PROCUREMENT
1011HG3167912-237-3-1,MS2,INV-000321,SERVICE_PROCUREMENT
1011HG3167911-598-3-1,MS1,INV-000321,SERVICE_PROCUREMENT
1011HG3167911-285-4-1,MS1,INV-000321,SERVICE_PROCUREMENT
1011HG3167911-606-2-1,MS1,INV-000321,SERVICE_PROCUREMENT
1011HG3167911-587-1-1,MS1,INV-000321,SERVICE_PROCUREMENT
1011HG3167911-645-5-1,MS1,INV-000321,SERVICE_PROCUREMENT
1011HG3167912-209-1-1,MS2,INV-000321,SERVICE_PROCUREMENT
1011HG3167912-209-4-1,MS2,INV-000321,SERVICE_PROCUREMENT
1011HG3068810-973-1-1,MS1,INV-000321,SERVICE_PROCUREMENT
1011HG3068809-2961-5-1,MS1,INV-000321,SERVICE_PROCUREMENT
1011HG3167911-112-1-1,MS1,INV-000321,SERVICE_PROCUREMENT
1011HG3068809-3150-2-1,MS1,INV-000321,SERVICE_PROCUREMENT
1011HG3167911-595-5-1,MS1,INV-000321,SERVICE_PROCUREMENT
1011HG3167911-567-6-1,MS1,INV-000321,SERVICE_PROCUREMENT
1011HG3167911-595-1-1,MS1,INV-000321,SERVICE_PROCUREMENT
1011HG3167911-413-5-1,MS1,INV-000321,SERVICE_PROCUREMENT
1011HG3167911-478-6-1,MS1,INV-000321,SERVICE_PROCUREMENT
1011HG3167911-410-6-1,MS1,INV-000321,SERVICE_PROCUREMENT
1011HG3167911-360-5-1,MS1,INV-000321,SERVICE_PROCUREMENT
1011HG3167911-130-1-1,MS1,INV-000321,SERVICE_PROCUREMENT
1011HG3167911-131-2-1,MS2,INV-000321,SERVICE_PROCUREMENT
1011HG3167911-302-4-1,MS1,INV-000321,SERVICE_PROCUREMENT
1011HG3167911-131-6-1,MS2,INV-000321,SERVICE_PROCUREMENT
1011HG3167911-364-5-1,MS1,INV-000321,SERVICE_PROCUREMENT
1011HG3167911-364-4-1,MS1,INV-000321,SERVICE_PROCUREMENT
1011HG3167912-342-4-1,MS2,INV-000321,SERVICE_PROCUREMENT
1011HG3167912-345-1-1,MS2,INV-000321,SERVICE_PROCUREMENT
1011HG3167911-202-4-1,MS2,INV-000321,SERVICE_PROCUREMENT
1011HG3167911-202-7-1,MS2,INV-000321,SERVICE_PROCUREMENT
1011HG3167912-336-1-1,MS2,INV-000321,SERVICE_PROCUREMENT
1011HG3167911-171-5-1,MS2,INV-000321,SERVICE_PROCUREMENT
1011HG3167911-171-2-1,MS2,INV-000321,SERVICE_PROCUREMENT
1011HG3167911-150-4-1,MS2,INV-000321,SERVICE_PROCUREMENT
1011HG3167911-149-1-1,MS1,INV-000321,SERVICE_PROCUREMENT
1011HG3167911-202-1-1,MS2,INV-000321,SERVICE_PROCUREMENT
1011HG3167911-285-1-1,MS1,INV-000321,SERVICE_PROCUREMENT
1011HG3167911-285-3-1,MS1,INV-000321,SERVICE_PROCUREMENT
1011HG3167911-285-2-1,MS1,INV-000321,SERVICE_PROCUREMENT
1011HG3167911-171-1-1,MS2,INV-000321,SERVICE_PROCUREMENT
1011HG3167911-171-4-1,MS2,INV-000321,SERVICE_PROCUREMENT
1011HG3167911-598-6-1,MS1,INV-000321,SERVICE_PROCUREMENT
1011HG3167911-598-5-1,MS1,INV-000321,SERVICE_PROCUREMENT
1011HG3167911-150-2-1,MS2,INV-000321,SERVICE_PROCUREMENT
1011HG3167911-287-1-1,MS1,INV-000321,SERVICE_PROCUREMENT
1011HG3167912-237-1-1,MS2,INV-000321,SERVICE_PROCUREMENT
1011HG3167911-285-6-1,MS1,INV-000321,SERVICE_PROCUREMENT
1011HG3167911-598-2-1,MS1,INV-000321,SERVICE_PROCUREMENT
1011HG3167911-569-1-1,MS1,INV-000321,SERVICE_PROCUREMENT
1011HG3167911-569-5-1,MS1,INV-000321,SERVICE_PROCUREMENT
1011HG3167911-569-6-1,MS1,INV-000321,SERVICE_PROCUREMENT
1011HG3167911-645-1-1,MS1,INV-000321,SERVICE_PROCUREMENT
1011HG3167911-776-1-1,MS1,INV-000321,SERVICE_PROCUREMENT
1011HG3167911-189-1-1,MS2,INV-000321,SERVICE_PROCUREMENT
1011HG3167912-209-3-1,MS2,INV-000321,SERVICE_PROCUREMENT
1011HG3167911-511-4-1,MS1,INV-000322,SERVICE_PROCUREMENT
1011HG3167911-267-4-1,MS1,INV-000322,SERVICE_PROCUREMENT
1011HG3167911-513-4-1,MS1,INV-000322,SERVICE_PROCUREMENT
1011HG3167911-511-2-1,MS1,INV-000322,SERVICE_PROCUREMENT
1011HG3167911-423-4-1,MS1,INV-000322,SERVICE_PROCUREMENT
1011HG3167911-431-5-1,MS1,INV-000322,SERVICE_PROCUREMENT
1011HG3167911-431-4-1,MS1,INV-000322,SERVICE_PROCUREMENT
1011HG3167911-514-4-1,MS1,INV-000322,SERVICE_PROCUREMENT
1011HG3068809-1469-1-1,MS1,INV-000322,SERVICE_PROCUREMENT
1011HG3068809-1465-1-1,MS1,INV-000322,SERVICE_PROCUREMENT
1011HG3068809-1466-2-1,MS1,INV-000322,SERVICE_PROCUREMENT
1011HG3167911-532-1-1,MS1,INV-000322,SERVICE_PROCUREMENT
1011HG3167911-542-1-1,MS1,INV-000322,SERVICE_PROCUREMENT
1011HG3167911-663-1-1,MS1,INV-000322,SERVICE_PROCUREMENT
1011HG3068810-1064-2-1,MS1,INV-000322,SERVICE_PROCUREMENT
1011HG3167911-623-4-1,MS1,INV-000322,SERVICE_PROCUREMENT
1011HG3167911-623-5-1,MS1,INV-000322,SERVICE_PROCUREMENT
1011HG3068809-3216-3-1,MS1,INV-000322,SERVICE_PROCUREMENT
1011HG3167911-711-1-1,MS1,INV-000322,SERVICE_PROCUREMENT
1011HG3167911-376-5-1,MS1,INV-000322,SERVICE_PROCUREMENT
1011HG3167911-513-2-1,MS1,INV-000322,SERVICE_PROCUREMENT
1011HG3167911-511-3-1,MS1,INV-000322,SERVICE_PROCUREMENT
1011HG3167911-376-1-1,MS1,INV-000322,SERVICE_PROCUREMENT
1011HG3167911-376-2-1,MS1,INV-000322,SERVICE_PROCUREMENT
1011HG3167911-376-3-1,MS1,INV-000322,SERVICE_PROCUREMENT
1011HG3167911-379-2-1,MS1,INV-000322,SERVICE_PROCUREMENT
1011HG3167911-423-3-1,MS1,INV-000322,SERVICE_PROCUREMENT
1011HG3167911-423-5-1,MS1,INV-000322,SERVICE_PROCUREMENT
1011HG3167911-423-2-1,MS1,INV-000322,SERVICE_PROCUREMENT
1011HG3167911-431-6-1,MS1,INV-000322,SERVICE_PROCUREMENT
1011HG3167911-379-1-1,MS1,INV-000322,SERVICE_PROCUREMENT
1011HG3068810-552-2-1,MS1,INV-000322,SERVICE_PROCUREMENT
1011HG3167911-496-1-1,MS1,INV-000322,SERVICE_PROCUREMENT
1011HG3167911-496-5-1,MS1,INV-000322,SERVICE_PROCUREMENT
1011HG3167911-575-4-1,MS1,INV-000322,SERVICE_PROCUREMENT
1011HG3167911-542-5-1,MS1,INV-000322,SERVICE_PROCUREMENT
1011HG3167911-623-1-1,MS1,INV-000322,SERVICE_PROCUREMENT
1011HG3167911-513-1-1,MS1,INV-000322,SERVICE_PROCUREMENT
1011HG3167911-267-3-1,MS1,INV-000322,SERVICE_PROCUREMENT
1011HG3167911-511-1-1,MS1,INV-000322,SERVICE_PROCUREMENT
1011HG3167911-267-1-1,MS1,INV-000322,SERVICE_PROCUREMENT
1011HG3167911-431-1-1,MS1,INV-000322,SERVICE_PROCUREMENT
1011HG3167911-493-4-1,MS1,INV-000322,SERVICE_PROCUREMENT
1011HG3167911-493-2-1,MS1,INV-000322,SERVICE_PROCUREMENT
1011HG3167911-423-6-1,MS1,INV-000322,SERVICE_PROCUREMENT
1011HG3167911-493-6-1,MS1,INV-000322,SERVICE_PROCUREMENT
1011HG3167911-493-5-1,MS1,INV-000322,SERVICE_PROCUREMENT
1011HG3167911-493-1-1,MS1,INV-000322,SERVICE_PROCUREMENT
1011HG3167911-514-3-1,MS1,INV-000322,SERVICE_PROCUREMENT
1011HG3167911-514-2-1,MS1,INV-000322,SERVICE_PROCUREMENT
1011HG3167911-379-3-1,MS1,INV-000322,SERVICE_PROCUREMENT
1011HG3068809-2379-1-1,MS1,INV-000322,SERVICE_PROCUREMENT
1011HG3167911-496-4-1,MS1,INV-000322,SERVICE_PROCUREMENT
1011HG3167911-666-1-1,MS1,INV-000322,SERVICE_PROCUREMENT
1011HG3167911-575-3-1,MS1,INV-000322,SERVICE_PROCUREMENT
1011HG3167911-542-2-1,MS1,INV-000322,SERVICE_PROCUREMENT
1011HG3167911-542-3-1,MS1,INV-000322,SERVICE_PROCUREMENT
1011HG3068810-1023-1-1,MS1,INV-000322,SERVICE_PROCUREMENT
1011HG3167911-623-6-1,MS1,INV-000322,SERVICE_PROCUREMENT
1011HG3068810-1098-1-1,MS1,INV-000322,SERVICE_PROCUREMENT
1011HG3068809-3261-3-1,MS1,INV-000322,SERVICE_PROCUREMENT
1011HG3068809-3263-1-1,MS1,INV-000322,SERVICE_PROCUREMENT
1011HG3167911-513-3-1,MS1,INV-000322,SERVICE_PROCUREMENT
1011HG3167911-267-2-1,MS1,INV-000322,SERVICE_PROCUREMENT
1011HG3167911-376-4-1,MS1,INV-000322,SERVICE_PROCUREMENT
1011HG3167911-431-3-1,MS1,INV-000322,SERVICE_PROCUREMENT
1011HG3167911-514-1-1,MS1,INV-000322,SERVICE_PROCUREMENT
1011HG3167911-379-4-1,MS1,INV-000322,SERVICE_PROCUREMENT
1011HG3068809-3184-6-1,MS1,INV-000322,SERVICE_PROCUREMENT
1011HG3068809-3184-3-1,MS1,INV-000322,SERVICE_PROCUREMENT
1011HG3167911-496-2-1,MS1,INV-000322,SERVICE_PROCUREMENT
1011HG3167911-496-3-1,MS1,INV-000322,SERVICE_PROCUREMENT
1011HG3167911-575-2-1,MS1,INV-000322,SERVICE_PROCUREMENT
1011HG3167911-575-1-1,MS1,INV-000322,SERVICE_PROCUREMENT
1011HG3167911-542-4-1,MS1,INV-000322,SERVICE_PROCUREMENT
1011HG3167911-663-3-1,MS1,INV-000322,SERVICE_PROCUREMENT
1011HG3167911-663-2-1,MS1,INV-000322,SERVICE_PROCUREMENT
1011HG3167911-695-1-1,MS1,INV-000322,SERVICE_PROCUREMENT
1011HG3068810-1063-1-1,MS1,INV-000322,SERVICE_PROCUREMENT
1011HG3167911-623-3-1,MS1,INV-000322,SERVICE_PROCUREMENT
1011HG3167911-641-1-1,MS1,INV-000322,SERVICE_PROCUREMENT
1011HG3167911-623-2-1,MS1,INV-000322,SERVICE_PROCUREMENT
1011HG3068809-3236-2-1,MS1,INV-000322,SERVICE_PROCUREMENT
1011HG3068809-3236-1-1,MS1,INV-000322,SERVICE_PROCUREMENT
1011HG3068809-3217-1-1,MS1,INV-000322,SERVICE_PROCUREMENT
1011HG3167911-761-1-1,MS1,INV-000323,SERVICE_PROCUREMENT
1011HG3068809-3219-1-1,MS1,INV-000323,SERVICE_PROCUREMENT
1011HG3068810-1088-1-1,MS1,INV-000323,SERVICE_PROCUREMENT
1011HG3068809-3237-1-1,MS1,INV-000323,SERVICE_PROCUREMENT
1011HG3167911-762-1-1,MS1,INV-000323,SERVICE_PROCUREMENT
1011HG3068810-1087-1-1,MS1,INV-000323,SERVICE_PROCUREMENT
1011HG3068810-1025-3-1,MS1,INV-000323,SERVICE_PROCUREMENT
1011HG3068809-3279-1-1,MS1,INV-000323,SERVICE_PROCUREMENT
1011HG3068810-1097-1-1,MS1,INV-000323,SERVICE_PROCUREMENT
1011HG3068810-1096-1-1,MS1,INV-000323,SERVICE_PROCUREMENT
1011HG3167912-269-2-1,MS1,INV-000324,SERVICE_PROCUREMENT
1011HG3167912-329-3-1,MS1,INV-000324,SERVICE_PROCUREMENT
1011HG3167912-329-2-1,MS1,INV-000324,SERVICE_PROCUREMENT
1011HG3167912-270-2-1,MS1,INV-000324,SERVICE_PROCUREMENT
1011HG3167911-173-1-1,MS1,INV-000324,SERVICE_PROCUREMENT
1011HG3167911-173-3-1,MS1,INV-000324,SERVICE_PROCUREMENT
1011HG3167912-265-3-1,MS1,INV-000324,SERVICE_PROCUREMENT
1011HG3167912-227-2-1,MS1,INV-000324,SERVICE_PROCUREMENT
1011HG3167911-155-3-1,MS1,INV-000324,SERVICE_PROCUREMENT
1011HG3167911-254-1-1,MS1,INV-000324,SERVICE_PROCUREMENT
1011HG3167912-224-3-1,MS1,INV-000324,SERVICE_PROCUREMENT
1011HG3167912-315-3-1,MS1,INV-000324,SERVICE_PROCUREMENT
1011HG3167911-156-2-1,MS1,INV-000324,SERVICE_PROCUREMENT
1011HG3167911-200-2-1,MS1,INV-000324,SERVICE_PROCUREMENT
1011HG3167912-269-1-1,MS1,INV-000324,SERVICE_PROCUREMENT
1011HG3167912-243-1-1,MS1,INV-000324,SERVICE_PROCUREMENT
1011HG3167912-270-1-1,MS1,INV-000324,SERVICE_PROCUREMENT
1011HG3167912-235-1-1,MS1,INV-000324,SERVICE_PROCUREMENT
1011HG3167912-329-1-1,MS1,INV-000324,SERVICE_PROCUREMENT
1011HG3167912-232-4-1,MS1,INV-000324,SERVICE_PROCUREMENT
1011HG3167912-232-3-1,MS1,INV-000324,SERVICE_PROCUREMENT
1011HG3167911-154-2-1,MS1,INV-000324,SERVICE_PROCUREMENT
1011HG3167911-154-1-1,MS1,INV-000324,SERVICE_PROCUREMENT
1011HG3167911-155-1-1,MS1,INV-000324,SERVICE_PROCUREMENT
1011HG3167912-265-2-1,MS1,INV-000324,SERVICE_PROCUREMENT
1011HG3167912-227-1-1,MS1,INV-000324,SERVICE_PROCUREMENT
1011HG3167912-315-2-1,MS1,INV-000324,SERVICE_PROCUREMENT
1011HG3167912-124-2-1,MS1,INV-000324,SERVICE_PROCUREMENT
1011HG3167912-181-2-1,MS1,INV-000324,SERVICE_PROCUREMENT
1011HG3167912-181-3-1,MS1,INV-000324,SERVICE_PROCUREMENT
1011HG3167911-200-1-1,MS1,INV-000324,SERVICE_PROCUREMENT
1011HG3167912-270-4-1,MS1,INV-000324,SERVICE_PROCUREMENT
1011HG3167912-269-4-1,MS1,INV-000324,SERVICE_PROCUREMENT
1011HG3167912-272-3-1,MS1,INV-000324,SERVICE_PROCUREMENT
1011HG3167911-198-1-1,MS1,INV-000324,SERVICE_PROCUREMENT
1011HG3167912-232-1-1,MS1,INV-000324,SERVICE_PROCUREMENT
1011HG3167912-232-2-1,MS1,INV-000324,SERVICE_PROCUREMENT
1011HG3167911-173-2-1,MS1,INV-000324,SERVICE_PROCUREMENT
1011HG3167911-154-3-1,MS1,INV-000324,SERVICE_PROCUREMENT
1011HG3167912-224-4-1,MS1,INV-000324,SERVICE_PROCUREMENT
1011HG3167911-254-2-1,MS1,INV-000324,SERVICE_PROCUREMENT
1011HG3167911-156-3-1,MS1,INV-000324,SERVICE_PROCUREMENT
1011HG3167911-156-1-1,MS1,INV-000324,SERVICE_PROCUREMENT
1011HG3167912-124-5-1,MS1,INV-000324,SERVICE_PROCUREMENT
1011HG3167912-272-1-1,MS1,INV-000324,SERVICE_PROCUREMENT
1011HG3167911-628-1-1,MS1,INV-000324,SERVICE_PROCUREMENT
1011HG3167911-200-4-1,MS1,INV-000324,SERVICE_PROCUREMENT
1011HG3167912-270-3-1,MS1,INV-000324,SERVICE_PROCUREMENT
1011HG3167912-269-3-1,MS1,INV-000324,SERVICE_PROCUREMENT
1011HG3167912-272-2-1,MS1,INV-000324,SERVICE_PROCUREMENT
1011HG3167911-629-1-1,MS1,INV-000324,SERVICE_PROCUREMENT
1011HG3167911-200-3-1,MS1,INV-000324,SERVICE_PROCUREMENT
1011HG3167912-243-4-1,MS1,INV-000324,SERVICE_PROCUREMENT
1011HG3167912-235-2-1,MS1,INV-000324,SERVICE_PROCUREMENT
1011HG3167911-155-2-1,MS1,INV-000324,SERVICE_PROCUREMENT
1011HG3167912-265-1-1,MS1,INV-000324,SERVICE_PROCUREMENT
1011HG3167912-224-2-1,MS1,INV-000324,SERVICE_PROCUREMENT
1011HG3167911-115-1-1,MS1,INV-000324,SERVICE_PROCUREMENT
1011HG3167912-224-1-1,MS1,INV-000324,SERVICE_PROCUREMENT
1011HG3167911-255-2-1,MS1,INV-000324,SERVICE_PROCUREMENT
1011HG3167912-315-1-1,MS1,INV-000324,SERVICE_PROCUREMENT
1011HG3167911-255-1-1,MS1,INV-000324,SERVICE_PROCUREMENT
1011HG3167912-124-4-1,MS1,INV-000324,SERVICE_PROCUREMENT
1011HG3167912-124-1-1,MS1,INV-000324,SERVICE_PROCUREMENT
1011HG3167912-124-3-1,MS1,INV-000324,SERVICE_PROCUREMENT
1011HG3167912-181-1-1,MS1,INV-000324,SERVICE_PROCUREMENT
1011HG2894715-439-1-1,MS1,INV-000325,SERVICE_PROCUREMENT
1011HG2894715-439-2-1,MS1,INV-000325,SERVICE_PROCUREMENT
1011HG3068809-1807-1-1,MS2,INV-000325,SERVICE_PROCUREMENT
1011HG3068809-2628-1-1,MS1,INV-000325,SERVICE_PROCUREMENT
1011HG3068809-2630-1-1,MS1,INV-000325,SERVICE_PROCUREMENT
1011HG3068809-2632-1-1,MS1,INV-000325,SERVICE_PROCUREMENT
1011HG3068809-2649-1-1,MS1,INV-000325,SERVICE_PROCUREMENT
1011HG3068809-2779-1-1,MS1,INV-000325,SERVICE_PROCUREMENT
1011HG3068809-2779-2-1,MS1,INV-000325,SERVICE_PROCUREMENT
1011HG3068809-2780-1-1,MS1,INV-000325,SERVICE_PROCUREMENT
1011HG3068809-2781-1-1,MS1,INV-000325,SERVICE_PROCUREMENT
1011HG3068809-2802-1-1,MS1,INV-000325,SERVICE_PROCUREMENT
1011HG3068809-2833-1-1,MS1,INV-000325,SERVICE_PROCUREMENT
1011HG3068809-2903-2-1,MS1,INV-000325,SERVICE_PROCUREMENT
1011HG3068809-2935-1-1,MS1,INV-000325,SERVICE_PROCUREMENT
1011HG3068809-2948-1-1,MS1,INV-000325,SERVICE_PROCUREMENT
1011HG3068809-2990-2-1,MS1,INV-000325,SERVICE_PROCUREMENT
1011HG3068809-3016-1-1,MS1,INV-000325,SERVICE_PROCUREMENT
1011HG3068809-3067-1-1,MS1,INV-000325,SERVICE_PROCUREMENT
1011HG3068809-3183-1-1,MS1,INV-000325,SERVICE_PROCUREMENT
1011HG3068809-3184-2-1,MS1,INV-000325,SERVICE_PROCUREMENT
1011HG3068809-3184-4-1,MS1,INV-000325,SERVICE_PROCUREMENT
1011HG3068809-3184-5-1,MS1,INV-000325,SERVICE_PROCUREMENT
1011HG3068809-3268-1-1,MS1,INV-000325,SERVICE_PROCUREMENT
1011HG3068810-568-2-1,MS1,INV-000327,SERVICE_PROCUREMENT
1011HG3068810-568-4-1,MS1,INV-000327,SERVICE_PROCUREMENT
1011HG3068809-1689-2-1,MS1,INV-000327,SERVICE_PROCUREMENT
1011HG3068810-597-2-1,MS1,INV-000327,SERVICE_PROCUREMENT
1011HG3068809-1741-2-1,MS1,INV-000327,SERVICE_PROCUREMENT
1011HG3068809-1742-2-1,MS1,INV-000327,SERVICE_PROCUREMENT
1011HG3068809-1742-5-1,MS1,INV-000327,SERVICE_PROCUREMENT
1011HG3167912-151-1-1,MS1,INV-000327,SERVICE_PROCUREMENT
1011HG3167912-151-2-1,MS1,INV-000327,SERVICE_PROCUREMENT
1011HG3167912-151-3-1,MS1,INV-000327,SERVICE_PROCUREMENT
1011HG3068810-629-4-1,MS1,INV-000327,SERVICE_PROCUREMENT
1011HG3068810-629-6-1,MS1,INV-000327,SERVICE_PROCUREMENT
1011HG3068810-632-2-1,MS1,INV-000327,SERVICE_PROCUREMENT
1011HG3068810-632-3-1,MS1,INV-000327,SERVICE_PROCUREMENT
1011HG3068809-1881-3-1,MS1,INV-000327,SERVICE_PROCUREMENT
1011HG3068809-1881-4-1,MS1,INV-000327,SERVICE_PROCUREMENT
1011HG3068809-1882-4-1,MS1,INV-000327,SERVICE_PROCUREMENT
1011HG3068809-1883-3-1,MS1,INV-000327,SERVICE_PROCUREMENT
1011HG3068809-1883-4-1,MS1,INV-000327,SERVICE_PROCUREMENT
1011HG3068809-1884-2-1,MS1,INV-000327,SERVICE_PROCUREMENT
1011HG3068809-1884-5-1,MS1,INV-000327,SERVICE_PROCUREMENT
1011HG3068809-1887-2-1,MS1,INV-000327,SERVICE_PROCUREMENT
1011HG3068809-1887-5-1,MS1,INV-000327,SERVICE_PROCUREMENT
1011HG3068809-1888-2-1,MS1,INV-000327,SERVICE_PROCUREMENT
1011HG3068809-1888-4-1,MS1,INV-000327,SERVICE_PROCUREMENT
1011HG3167912-190-1-1,MS1,INV-000327,SERVICE_PROCUREMENT
1011HG3167912-190-2-1,MS1,INV-000327,SERVICE_PROCUREMENT
1011HG3068809-2103-2-1,MS1,INV-000327,SERVICE_PROCUREMENT
1011HG3068810-724-2-1,MS1,INV-000327,SERVICE_PROCUREMENT
1011HG3068810-727-3-1,MS1,INV-000327,SERVICE_PROCUREMENT
1011HG3068810-728-3-1,MS1,INV-000327,SERVICE_PROCUREMENT
1011HG3068810-729-2-1,MS1,INV-000327,SERVICE_PROCUREMENT
1011HG3068810-731-1-1,MS1,INV-000327,SERVICE_PROCUREMENT
1011HG3068809-2105-2-1,MS1,INV-000327,SERVICE_PROCUREMENT
1011HG3068810-792-2-1,MS1,INV-000327,SERVICE_PROCUREMENT
1011HG3068810-896-1-1,MS1,INV-000327,SERVICE_PROCUREMENT
1011HG3068810-897-1-1,MS1,INV-000327,SERVICE_PROCUREMENT
1011HG3068810-898-1-1,MS1,INV-000327,SERVICE_PROCUREMENT
1011HG3068810-949-1-1,MS1,INV-000327,SERVICE_PROCUREMENT
1011HG3068809-2610-1-1,MS1,INV-000327,SERVICE_PROCUREMENT
1011HG3068809-2616-1-1,MS1,INV-000327,SERVICE_PROCUREMENT
1011HG3068810-967-1-1,MS1,INV-000327,SERVICE_PROCUREMENT
1011HG3068810-971-1-1,MS1,INV-000327,SERVICE_PROCUREMENT
1011HG3068809-2867-3-1,MS1,INV-000327,SERVICE_PROCUREMENT
1011HG3068810-987-1-1,MS1,INV-000327,SERVICE_PROCUREMENT
1011HG3068810-997-1-1,MS1,INV-000327,SERVICE_PROCUREMENT
1011HG3068810-998-1-1,MS1,INV-000327,SERVICE_PROCUREMENT
1011HG3068810-999-1-1,MS1,INV-000327,SERVICE_PROCUREMENT
1011HG3068810-999-2-1,MS1,INV-000327,SERVICE_PROCUREMENT
1011HG3068810-1007-4-1,MS1,INV-000327,SERVICE_PROCUREMENT
1011HG3167911-506-1-1,MS1,INV-000327,SERVICE_PROCUREMENT
1011HG3167911-506-2-1,MS1,INV-000327,SERVICE_PROCUREMENT
1011HG3167911-506-3-1,MS1,INV-000327,SERVICE_PROCUREMENT
1011HG3167911-506-4-1,MS1,INV-000327,SERVICE_PROCUREMENT
1011HG3167911-506-5-1,MS1,INV-000327,SERVICE_PROCUREMENT
1011HG3167911-545-1-1,MS1,INV-000327,SERVICE_PROCUREMENT
1011HG3167911-545-2-1,MS1,INV-000327,SERVICE_PROCUREMENT
1011HG3167911-545-3-1,MS1,INV-000327,SERVICE_PROCUREMENT
1011HG3167911-545-4-1,MS1,INV-000327,SERVICE_PROCUREMENT
1011HG3167911-554-1-1,MS1,INV-000327,SERVICE_PROCUREMENT
1011HG3068810-1057-1-1,MS1,INV-000327,SERVICE_PROCUREMENT
1011HG3167911-615-1-1,MS1,INV-000327,SERVICE_PROCUREMENT
1011HG3167911-615-2-1,MS1,INV-000327,SERVICE_PROCUREMENT
1011HG3167911-615-3-1,MS1,INV-000327,SERVICE_PROCUREMENT
1011HG3167911-615-4-1,MS1,INV-000327,SERVICE_PROCUREMENT
1011HG3167911-618-1-1,MS1,INV-000327,SERVICE_PROCUREMENT
1011HG3167911-618-2-1,MS1,INV-000327,SERVICE_PROCUREMENT
1011HG3167911-633-1-1,MS1,INV-000327,SERVICE_PROCUREMENT
1011HG3167911-635-1-1,MS1,INV-000327,SERVICE_PROCUREMENT
1011HG3068809-3141-1-1,MS1,INV-000327,SERVICE_PROCUREMENT
1011HG3167911-667-1-1,MS1,INV-000327,SERVICE_PROCUREMENT
1011HG3167911-673-1-1,MS1,INV-000327,SERVICE_PROCUREMENT
1011HG3167911-673-2-1,MS1,INV-000327,SERVICE_PROCUREMENT
1011HG3167911-673-3-1,MS1,INV-000327,SERVICE_PROCUREMENT
1011HG3167911-673-4-1,MS1,INV-000327,SERVICE_PROCUREMENT
1011HG3167911-673-5-1,MS1,INV-000327,SERVICE_PROCUREMENT
1011HG3167911-673-6-1,MS1,INV-000327,SERVICE_PROCUREMENT
1011HG3167911-681-1-1,MS1,INV-000327,SERVICE_PROCUREMENT
1011HG3167911-681-2-1,MS1,INV-000327,SERVICE_PROCUREMENT
1011HG3167911-681-3-1,MS1,INV-000327,SERVICE_PROCUREMENT
1011HG3167911-681-4-1,MS1,INV-000327,SERVICE_PROCUREMENT
1011HG3167911-681-5-1,MS1,INV-000327,SERVICE_PROCUREMENT
1011HG3167911-684-1-1,MS1,INV-000327,SERVICE_PROCUREMENT
1011HG3167911-684-2-1,MS1,INV-000327,SERVICE_PROCUREMENT
1011HG3167911-684-3-1,MS1,INV-000327,SERVICE_PROCUREMENT
1011HG3167911-684-4-1,MS1,INV-000327,SERVICE_PROCUREMENT
1011HG3167911-684-5-1,MS1,INV-000327,SERVICE_PROCUREMENT
1011HG3167911-685-1-1,MS1,INV-000327,SERVICE_PROCUREMENT
1011HG3167911-686-1-1,MS1,INV-000327,SERVICE_PROCUREMENT
1011HG3167911-692-1-1,MS1,INV-000327,SERVICE_PROCUREMENT
1011HG3167911-713-1-1,MS1,INV-000327,SERVICE_PROCUREMENT
1011HG3068810-1078-1-1,MS1,INV-000327,SERVICE_PROCUREMENT
1011HG3068810-1079-1-1,MS1,INV-000327,SERVICE_PROCUREMENT
1011HG3167911-758-1-1,MS1,INV-000327,SERVICE_PROCUREMENT
1011HG3068810-1089-1-1,MS1,INV-000327,SERVICE_PROCUREMENT
1011HG3068810-1090-1-1,MS1,INV-000327,SERVICE_PROCUREMENT
1011HG3068810-1091-1-1,MS1,INV-000327,SERVICE_PROCUREMENT
1011HG3068809-3265-1-1,MS1,INV-000327,SERVICE_PROCUREMENT
1011HG3167911-764-1-1,MS1,INV-000327,SERVICE_PROCUREMENT
1011HG3068810-1103-1-1,MS1,INV-000327,SERVICE_PROCUREMENT
1011HG3068810-1104-1-1,MS1,INV-000327,SERVICE_PROCUREMENT
1011HG3068809-3344-2-1,MS1,INV-000327,SERVICE_PROCUREMENT
1011HG3068809-3344-4-1,MS1,INV-000327,SERVICE_PROCUREMENT
1011HG3068810-1116-1-1,MS1,INV-000327,SERVICE_PROCUREMENT
1011HG3068810-1117-1-1,MS1,INV-000327,SERVICE_PROCUREMENT
1011HG3068810-1118-1-1,MS1,INV-000327,SERVICE_PROCUREMENT
1011HG3068809-3378-1-1,MS1,INV-000327,SERVICE_PROCUREMENT
1011HG3068809-3379-1-1,MS1,INV-000327,SERVICE_PROCUREMENT
1011HG3068809-3380-1-1,MS1,INV-000327,SERVICE_PROCUREMENT
1011HG3068809-3381-1-1,MS1,INV-000327,SERVICE_PROCUREMENT
1011HG3068809-2115-3-1,MS1,INV-000329,SERVICE_PROCUREMENT
1011HG3167912-225-1-1,MS1,INV-000329,SERVICE_PROCUREMENT
1011HG3167912-225-2-1,MS1,INV-000329,SERVICE_PROCUREMENT
1011HG3167912-225-3-1,MS1,INV-000329,SERVICE_PROCUREMENT
1011HG3167911-141-1-1,MS1,INV-000329,SERVICE_PROCUREMENT
1011HG3167911-141-2-1,MS1,INV-000329,SERVICE_PROCUREMENT
1011HG3167911-141-3-1,MS1,INV-000329,SERVICE_PROCUREMENT
1011HG3167911-141-4-1,MS1,INV-000329,SERVICE_PROCUREMENT
1011HG3167911-141-5-1,MS1,INV-000329,SERVICE_PROCUREMENT
1011HG3167911-151-1-1,MS2,INV-000329,SERVICE_PROCUREMENT
1011HG3167911-177-1-1,MS1,INV-000329,SERVICE_PROCUREMENT
1011HG3167911-177-2-1,MS1,INV-000329,SERVICE_PROCUREMENT
1011HG3068810-851-5-1,MS1,INV-000329,SERVICE_PROCUREMENT
1011HG3167912-313-1-1,MS1,INV-000329,SERVICE_PROCUREMENT
1011HG3167912-313-2-1,MS1,INV-000329,SERVICE_PROCUREMENT
1011HG3167912-313-3-1,MS1,INV-000329,SERVICE_PROCUREMENT
1011HG3167912-313-4-1,MS1,INV-000329,SERVICE_PROCUREMENT
1011HG3068809-2471-1-1,MS1,INV-000329,SERVICE_PROCUREMENT
1011HG3068809-2471-2-1,MS1,INV-000329,SERVICE_PROCUREMENT
1011HG3068809-2481-1-1,MS1,INV-000329,SERVICE_PROCUREMENT
1011HG3068810-905-1-1,MS1,INV-000329,SERVICE_PROCUREMENT
1011HG3068809-2524-2-1,MS1,INV-000329,SERVICE_PROCUREMENT
1011HG3068809-2524-5-1,MS1,INV-000329,SERVICE_PROCUREMENT
1011HG3167911-334-1-1,MS1,INV-000329,SERVICE_PROCUREMENT
1011HG3167911-334-2-1,MS1,INV-000329,SERVICE_PROCUREMENT
1011HG3167911-334-3-1,MS1,INV-000329,SERVICE_PROCUREMENT
1011HG3167911-334-4-1,MS1,INV-000329,SERVICE_PROCUREMENT
1011HG3167911-334-5-1,MS1,INV-000329,SERVICE_PROCUREMENT
1011HG3167911-334-6-1,MS1,INV-000329,SERVICE_PROCUREMENT
1011HG3167911-334-7-1,MS1,INV-000329,SERVICE_PROCUREMENT
1011HG3167911-334-8-1,MS1,INV-000329,SERVICE_PROCUREMENT
1011HG3068809-2777-1-1,MS1,INV-000329,SERVICE_PROCUREMENT
1011HG3068809-2777-2-1,MS1,INV-000329,SERVICE_PROCUREMENT
1011HG3167911-406-1-1,MS1,INV-000329,SERVICE_PROCUREMENT
1011HG3167911-406-2-1,MS1,INV-000329,SERVICE_PROCUREMENT
1011HG3167911-406-3-1,MS1,INV-000329,SERVICE_PROCUREMENT
1011HG3167911-406-4-1,MS1,INV-000329,SERVICE_PROCUREMENT
1011HG3167911-406-5-1,MS1,INV-000329,SERVICE_PROCUREMENT
1011HG3167911-406-6-1,MS1,INV-000329,SERVICE_PROCUREMENT
1011HG3167911-408-1-1,MS1,INV-000329,SERVICE_PROCUREMENT
1011HG3167911-408-2-1,MS1,INV-000329,SERVICE_PROCUREMENT
1011HG3167911-408-3-1,MS1,INV-000329,SERVICE_PROCUREMENT
1011HG3167911-408-4-1,MS1,INV-000329,SERVICE_PROCUREMENT
1011HG3167911-408-5-1,MS1,INV-000329,SERVICE_PROCUREMENT
1011HG3068810-977-1-1,MS1,INV-000329,SERVICE_PROCUREMENT
1011HG3068810-977-2-1,MS1,INV-000329,SERVICE_PROCUREMENT
1011HG3068809-2904-1-1,MS1,INV-000329,SERVICE_PROCUREMENT
1011HG3068809-2904-3-1,MS1,INV-000329,SERVICE_PROCUREMENT
1011HG3068809-2923-1-1,MS1,INV-000329,SERVICE_PROCUREMENT
1011HG3068809-2923-2-1,MS1,INV-000329,SERVICE_PROCUREMENT
1011HG3068809-2926-2-1,MS1,INV-000329,SERVICE_PROCUREMENT
1011HG3068809-2928-1-1,MS1,INV-000329,SERVICE_PROCUREMENT
1011HG3068809-2958-1-1,MS1,INV-000329,SERVICE_PROCUREMENT
1011HG3167911-480-1-1,MS1,INV-000329,SERVICE_PROCUREMENT
1011HG3167911-481-1-1,MS1,INV-000329,SERVICE_PROCUREMENT
1011HG3167911-482-1-1,MS1,INV-000329,SERVICE_PROCUREMENT
1011HG3167911-482-2-1,MS1,INV-000329,SERVICE_PROCUREMENT
1011HG3167911-482-3-1,MS1,INV-000329,SERVICE_PROCUREMENT
1011HG3167911-482-4-1,MS1,INV-000329,SERVICE_PROCUREMENT
1011HG3167911-539-1-1,MS1,INV-000329,SERVICE_PROCUREMENT
1011HG3167911-539-3-1,MS1,INV-000329,SERVICE_PROCUREMENT
1011HG3167911-539-4-1,MS1,INV-000329,SERVICE_PROCUREMENT
1011HG3167911-539-5-1,MS1,INV-000329,SERVICE_PROCUREMENT
1011HG3167911-539-6-1,MS1,INV-000329,SERVICE_PROCUREMENT
1011HG3167911-572-1-1,MS1,INV-000329,SERVICE_PROCUREMENT
1011HG3167911-572-2-1,MS1,INV-000329,SERVICE_PROCUREMENT
1011HG3167911-572-3-1,MS1,INV-000329,SERVICE_PROCUREMENT
1011HG3167911-572-4-1,MS1,INV-000329,SERVICE_PROCUREMENT
1011HG3167911-573-1-1,MS1,INV-000329,SERVICE_PROCUREMENT
1011HG3167911-573-2-1,MS1,INV-000329,SERVICE_PROCUREMENT
1011HG3167911-573-3-1,MS1,INV-000329,SERVICE_PROCUREMENT
1011HG3167911-573-4-1,MS1,INV-000329,SERVICE_PROCUREMENT
1011HG3167911-593-1-1,MS1,INV-000329,SERVICE_PROCUREMENT
1011HG3167911-625-1-1,MS1,INV-000329,SERVICE_PROCUREMENT
1011HG3167912-421-1-1,MS1,INV-000329,SERVICE_PROCUREMENT
1011HG3167912-421-2-1,MS1,INV-000329,SERVICE_PROCUREMENT
1011HG3167911-636-1-1,MS1,INV-000329,SERVICE_PROCUREMENT
1011HG3167911-659-1-1,MS1,INV-000329,SERVICE_PROCUREMENT
1011HG3167911-659-2-1,MS1,INV-000329,SERVICE_PROCUREMENT
1011HG3167911-659-3-1,MS1,INV-000329,SERVICE_PROCUREMENT
1011HG3167911-659-4-1,MS1,INV-000329,SERVICE_PROCUREMENT
1011HG3167911-659-5-1,MS1,INV-000329,SERVICE_PROCUREMENT
1011HG3167911-660-1-1,MS1,INV-000329,SERVICE_PROCUREMENT
1011HG3167911-660-2-1,MS1,INV-000329,SERVICE_PROCUREMENT
1011HG3167911-660-3-1,MS1,INV-000329,SERVICE_PROCUREMENT
1011HG3167911-660-4-1,MS1,INV-000329,SERVICE_PROCUREMENT
1011HG3167911-660-5-1,MS1,INV-000329,SERVICE_PROCUREMENT
1011HG3167911-668-1-1,MS1,INV-000329,SERVICE_PROCUREMENT
1011HG3167911-668-2-1,MS1,INV-000329,SERVICE_PROCUREMENT
1011HG3167911-668-3-1,MS1,INV-000329,SERVICE_PROCUREMENT
1011HG3167911-668-4-1,MS1,INV-000329,SERVICE_PROCUREMENT
1011HG3167911-670-1-1,MS1,INV-000329,SERVICE_PROCUREMENT
1011HG3167911-670-2-1,MS1,INV-000329,SERVICE_PROCUREMENT
1011HG3167911-670-3-1,MS1,INV-000329,SERVICE_PROCUREMENT
1011HG3167911-670-4-1,MS1,INV-000329,SERVICE_PROCUREMENT
1011HG3167911-680-1-1,MS1,INV-000329,SERVICE_PROCUREMENT
1011HG3167911-680-2-1,MS1,INV-000329,SERVICE_PROCUREMENT
1011HG3167911-680-4-1,MS1,INV-000329,SERVICE_PROCUREMENT
1011HG3167911-680-5-1,MS1,INV-000329,SERVICE_PROCUREMENT
1011HG3167911-680-6-1,MS1,INV-000329,SERVICE_PROCUREMENT
1011HG3167911-700-1-1,MS1,INV-000329,SERVICE_PROCUREMENT
1011HG3068809-3229-1-1,MS1,INV-000329,SERVICE_PROCUREMENT
1011HG3068809-3229-2-1,MS1,INV-000329,SERVICE_PROCUREMENT
1011HG3068809-3229-3-1,MS1,INV-000329,SERVICE_PROCUREMENT
1011HG3167911-749-1-1,MS1,INV-000329,SERVICE_PROCUREMENT
1011HG3167911-752-1-1,MS1,INV-000329,SERVICE_PROCUREMENT
1011HG3068809-3256-1-1,MS1,INV-000329,SERVICE_PROCUREMENT
1011HG3068809-3258-1-1,MS1,INV-000329,SERVICE_PROCUREMENT
1011HG3167911-772-1-1,MS1,INV-000329,SERVICE_PROCUREMENT
1011HG3167911-773-1-1,MS1,INV-000329,SERVICE_PROCUREMENT
1011HG3167911-775-1-1,MS1,INV-000329,SERVICE_PROCUREMENT
1011HG3068809-3280-1-1,MS1,INV-000329,SERVICE_PROCUREMENT
1011HG3068809-3281-1-1,MS1,INV-000329,SERVICE_PROCUREMENT
1011HG3068809-3282-1-1,MS1,INV-000329,SERVICE_PROCUREMENT
1011HG3068809-3284-4-1,MS1,INV-000329,SERVICE_PROCUREMENT
1011HG3068809-3286-1-1,MS1,INV-000329,SERVICE_PROCUREMENT
1011HG3068809-3286-2-1,MS1,INV-000329,SERVICE_PROCUREMENT
1011HG3068809-3287-1-1,MS1,INV-000329,SERVICE_PROCUREMENT
1011HG3068809-3287-2-1,MS1,INV-000329,SERVICE_PROCUREMENT
1011HG3068810-1100-1-1,MS1,INV-000329,SERVICE_PROCUREMENT
1011HG3068810-1100-5-1,MS1,INV-000329,SERVICE_PROCUREMENT
1011HG3167911-842-1-1,MS1,INV-000329,SERVICE_PROCUREMENT
1011HG3167911-843-1-1,MS1,INV-000329,SERVICE_PROCUREMENT
1011HG3167911-845-1-1,MS1,INV-000329,SERVICE_PROCUREMENT
1011HG3167911-846-1-1,MS1,INV-000329,SERVICE_PROCUREMENT
1011HG3167911-847-1-1,MS1,INV-000329,SERVICE_PROCUREMENT
1011HG3167911-47-1-1,MS1,INV-000331,SERVICE_PROCUREMENT
1011HG3167911-47-2-1,MS1,INV-000331,SERVICE_PROCUREMENT
1011HG3167911-47-3-1,MS1,INV-000331,SERVICE_PROCUREMENT
1011HG3167911-47-4-1,MS1,INV-000331,SERVICE_PROCUREMENT
1011HG3167911-47-5-1,MS1,INV-000331,SERVICE_PROCUREMENT
1011HG3167911-48-1-1,MS1,INV-000331,SERVICE_PROCUREMENT
1011HG3167911-48-2-1,MS1,INV-000331,SERVICE_PROCUREMENT
1011HG3167911-48-3-1,MS1,INV-000331,SERVICE_PROCUREMENT
1011HG3167912-176-1-1,MS1,INV-000331,SERVICE_PROCUREMENT
1011HG3167912-176-2-1,MS1,INV-000331,SERVICE_PROCUREMENT
1011HG3167912-176-3-1,MS1,INV-000331,SERVICE_PROCUREMENT
1011HG3167912-197-1-1,MS1,INV-000331,SERVICE_PROCUREMENT
1011HG3167912-197-2-1,MS1,INV-000331,SERVICE_PROCUREMENT
1011HG3167912-197-3-1,MS1,INV-000331,SERVICE_PROCUREMENT
1011HG3167912-201-1-1,MS1,INV-000331,SERVICE_PROCUREMENT
1011HG3167912-229-2-1,MS1,INV-000331,SERVICE_PROCUREMENT
1011HG3167912-231-1-1,MS1,INV-000331,SERVICE_PROCUREMENT
1011HG3167912-231-2-1,MS1,INV-000331,SERVICE_PROCUREMENT
1011HG3167912-234-1-1,MS1,INV-000331,SERVICE_PROCUREMENT
1011HG3167911-160-2-1,MS1,INV-000331,SERVICE_PROCUREMENT
1011HG3167911-164-1-1,MS1,INV-000331,SERVICE_PROCUREMENT
1011HG3167911-164-2-1,MS1,INV-000331,SERVICE_PROCUREMENT
1011HG3167911-164-3-1,MS1,INV-000331,SERVICE_PROCUREMENT
1011HG3167912-266-1-1,MS1,INV-000331,SERVICE_PROCUREMENT
1011HG3167911-178-1-1,MS1,INV-000331,SERVICE_PROCUREMENT
1011HG3167911-178-2-1,MS1,INV-000331,SERVICE_PROCUREMENT
1011HG3167911-178-3-1,MS1,INV-000331,SERVICE_PROCUREMENT
1011HG3167911-178-4-1,MS1,INV-000331,SERVICE_PROCUREMENT
1011HG3167911-178-5-1,MS1,INV-000331,SERVICE_PROCUREMENT
1011HG3167912-297-1-1,MS1,INV-000331,SERVICE_PROCUREMENT
1011HG3167912-297-2-1,MS1,INV-000331,SERVICE_PROCUREMENT
1011HG3167912-297-3-1,MS1,INV-000331,SERVICE_PROCUREMENT
1011HG3167912-298-1-1,MS1,INV-000331,SERVICE_PROCUREMENT
1011HG3167912-298-2-1,MS1,INV-000331,SERVICE_PROCUREMENT
1011HG3167912-298-3-1,MS1,INV-000331,SERVICE_PROCUREMENT
1011HG3167912-310-1-1,MS1,INV-000331,SERVICE_PROCUREMENT
1011HG3167912-310-2-1,MS1,INV-000331,SERVICE_PROCUREMENT
1011HG3167912-310-3-1,MS1,INV-000331,SERVICE_PROCUREMENT
1011HG3167912-312-1-1,MS1,INV-000331,SERVICE_PROCUREMENT
1011HG3167912-312-2-1,MS1,INV-000331,SERVICE_PROCUREMENT
1011HG3167911-248-1-1,MS1,INV-000331,SERVICE_PROCUREMENT
1011HG3167911-248-2-1,MS1,INV-000331,SERVICE_PROCUREMENT
1011HG3167911-248-3-1,MS1,INV-000331,SERVICE_PROCUREMENT
1011HG3167912-314-1-1,MS1,INV-000331,SERVICE_PROCUREMENT
1011HG3167912-314-2-1,MS1,INV-000331,SERVICE_PROCUREMENT
1011HG3167912-314-3-1,MS1,INV-000331,SERVICE_PROCUREMENT
1011HG3167911-270-1-1,MS2,INV-000331,SERVICE_PROCUREMENT
1011HG3167911-270-2-1,MS2,INV-000331,SERVICE_PROCUREMENT
1011HG3167911-270-3-1,MS2,INV-000331,SERVICE_PROCUREMENT
1011HG3167911-270-4-1,MS2,INV-000331,SERVICE_PROCUREMENT
1011HG3167911-272-1-1,MS1,INV-000331,SERVICE_PROCUREMENT
1011HG3167912-385-1-1,MS1,INV-000331,SERVICE_PROCUREMENT
1011HG3167912-385-2-1,MS1,INV-000331,SERVICE_PROCUREMENT
1011HG3167912-385-3-1,MS1,INV-000331,SERVICE_PROCUREMENT
1011HG3167911-377-1-1,MS1,INV-000331,SERVICE_PROCUREMENT
1011HG3167911-378-1-1,MS2,INV-000331,SERVICE_PROCUREMENT
1011HG3167911-378-2-1,MS2,INV-000331,SERVICE_PROCUREMENT
1011HG3167911-378-3-1,MS2,INV-000331,SERVICE_PROCUREMENT
1011HG3167911-378-4-1,MS2,INV-000331,SERVICE_PROCUREMENT
1011HG3167911-378-5-1,MS2,INV-000331,SERVICE_PROCUREMENT
1011HG3167911-381-1-1,MS2,INV-000331,SERVICE_PROCUREMENT
1011HG3167911-381-2-1,MS2,INV-000331,SERVICE_PROCUREMENT
1011HG3167911-381-3-1,MS2,INV-000331,SERVICE_PROCUREMENT
1011HG3167911-381-4-1,MS2,INV-000331,SERVICE_PROCUREMENT
1011HG3167911-381-5-1,MS2,INV-000331,SERVICE_PROCUREMENT
1011HG3167911-383-1-1,MS1,INV-000331,SERVICE_PROCUREMENT
1011HG3167911-382-1-1,MS2,INV-000331,SERVICE_PROCUREMENT
1011HG3167911-382-2-1,MS2,INV-000331,SERVICE_PROCUREMENT
1011HG3167911-382-3-1,MS2,INV-000331,SERVICE_PROCUREMENT
1011HG3167911-382-4-1,MS2,INV-000331,SERVICE_PROCUREMENT
1011HG3167911-384-1-1,MS1,INV-000331,SERVICE_PROCUREMENT
1011HG3167911-516-1-1,MS1,INV-000331,SERVICE_PROCUREMENT
1011HG3167911-517-1-1,MS2,INV-000331,SERVICE_PROCUREMENT
1011HG3167911-517-2-1,MS2,INV-000331,SERVICE_PROCUREMENT
1011HG3167911-517-3-1,MS2,INV-000331,SERVICE_PROCUREMENT
1011HG3167911-517-4-1,MS2,INV-000331,SERVICE_PROCUREMENT
1011HG3068809-3039-3-1,MS1,INV-000331,SERVICE_PROCUREMENT
1011HG3167911-571-1-1,MS1,INV-000331,SERVICE_PROCUREMENT
1011HG3167911-571-2-1,MS1,INV-000331,SERVICE_PROCUREMENT
1011HG3167911-571-3-1,MS1,INV-000331,SERVICE_PROCUREMENT
1011HG3167911-583-1-1,MS1,INV-000331,SERVICE_PROCUREMENT
1011HG3167911-164-4-1,MS1,INV-000331,SERVICE_PROCUREMENT
1011HG3167911-164-5-1,MS1,INV-000331,SERVICE_PROCUREMENT
1011HG3167912-418-1-1,MS1,INV-000331,SERVICE_PROCUREMENT
1011HG3167912-418-2-1,MS1,INV-000331,SERVICE_PROCUREMENT
1011HG3167912-420-1-1,MS1,INV-000331,SERVICE_PROCUREMENT
1011HG3167912-420-2-1,MS1,INV-000331,SERVICE_PROCUREMENT
1011HG3167912-420-3-1,MS1,INV-000331,SERVICE_PROCUREMENT
1011HG3167912-420-4-1,MS1,INV-000331,SERVICE_PROCUREMENT
1011HG3167912-422-1-1,MS1,INV-000331,SERVICE_PROCUREMENT
1011HG3167912-422-2-1,MS1,INV-000331,SERVICE_PROCUREMENT
1011HG3167912-422-3-1,MS1,INV-000331,SERVICE_PROCUREMENT
1011HG3167912-422-4-1,MS1,INV-000331,SERVICE_PROCUREMENT
1011HG3167912-423-1-1,MS1,INV-000331,SERVICE_PROCUREMENT
1011HG3167912-423-2-1,MS1,INV-000331,SERVICE_PROCUREMENT
1011HG3167912-426-1-1,MS1,INV-000331,SERVICE_PROCUREMENT
1011HG3167912-427-1-1,MS1,INV-000331,SERVICE_PROCUREMENT
1011HG3167912-430-1-1,MS1,INV-000331,SERVICE_PROCUREMENT
1011HG3167912-433-1-1,MS1,INV-000331,SERVICE_PROCUREMENT
1011HG3068810-1084-1-1,MS1,INV-000331,SERVICE_PROCUREMENT
1011HG3068810-1084-5-1,MS1,INV-000331,SERVICE_PROCUREMENT
1011HG3167911-750-1-1,MS1,INV-000331,SERVICE_PROCUREMENT
1011HG3068809-3269-1-1,MS1,INV-000331,SERVICE_PROCUREMENT
1011HG3068809-3271-1-1,MS1,INV-000331,SERVICE_PROCUREMENT
1011HG3068810-1099-1-1,MS1,INV-000331,SERVICE_PROCUREMENT
1011HG3068809-3285-1-1,MS1,INV-000331,SERVICE_PROCUREMENT
1011HG3068809-3288-4-1,MS1,INV-000331,SERVICE_PROCUREMENT
1011HG3068809-3288-5-1,MS1,INV-000331,SERVICE_PROCUREMENT
1011HG3068810-1101-4-1,MS1,INV-000331,SERVICE_PROCUREMENT
1011HG3068809-3307-1-1,MS1,INV-000331,SERVICE_PROCUREMENT
1011HG3068809-3307-3-1,MS1,INV-000331,SERVICE_PROCUREMENT
1011HG3068809-3308-2-1,MS1,INV-000331,SERVICE_PROCUREMENT
1011HG3068810-1111-1-1,MS1,INV-000331,SERVICE_PROCUREMENT
1011HG3167912-442-1-1,MS1,INV-000331,SERVICE_PROCUREMENT
1011HG3167911-844-1-1,MS1,INV-000331,SERVICE_PROCUREMENT
1011HG3167912-443-1-1,MS1,INV-000331,SERVICE_PROCUREMENT
1011HG3167911-849-1-1,MS1,INV-000331,SERVICE_PROCUREMENT
1011HG3167911-850-1-1,MS1,INV-000331,SERVICE_PROCUREMENT
1011HG3068809-3362-1-1,MS1,INV-000331,SERVICE_PROCUREMENT
1011HG3068809-3363-1-1,MS1,INV-000331,SERVICE_PROCUREMENT
1011HG3068809-3364-1-1,MS1,INV-000331,SERVICE_PROCUREMENT
1011HG3068809-3365-1-1,MS1,INV-000331,SERVICE_PROCUREMENT
1011HG3068809-3375-1-1,MS1,INV-000331,SERVICE_PROCUREMENT
1011HG3068809-3374-1-1,MS1,INV-000331,SERVICE_PROCUREMENT
1011HG3068809-3376-1-1,MS1,INV-000331,SERVICE_PROCUREMENT
1011HG3068809-3377-1-1,MS1,INV-000331,SERVICE_PROCUREMENT
1011HG3068809-3378-2-1,MS1,INV-000331,SERVICE_PROCUREMENT
1011HG3068809-3379-2-1,MS1,INV-000331,SERVICE_PROCUREMENT
1011HG3068809-3380-2-1,MS1,INV-000331,SERVICE_PROCUREMENT
1011HG3068809-3381-2-1,MS1,INV-000331,SERVICE_PROCUREMENT
1011HG3167911-133-1-1,MS1,INV-000332,SERVICE_PROCUREMENT
1011HG3167911-133-2-1,MS1,INV-000332,SERVICE_PROCUREMENT
1011HG3167911-133-3-1,MS1,INV-000332,SERVICE_PROCUREMENT
1011HG3167911-133-4-1,MS1,INV-000332,SERVICE_PROCUREMENT
1011HG3167911-133-5-1,MS1,INV-000332,SERVICE_PROCUREMENT
1011HG3167911-166-1-1,MS1,INV-000332,SERVICE_PROCUREMENT
1011HG3167911-166-2-1,MS1,INV-000332,SERVICE_PROCUREMENT
1011HG3068809-2308-2-1,MS1,INV-000332,SERVICE_PROCUREMENT
1011HG3068809-2308-4-1,MS1,INV-000332,SERVICE_PROCUREMENT
1011HG3068809-2308-5-1,MS1,INV-000332,SERVICE_PROCUREMENT
1011HG3167911-269-1-1,MS1,INV-000332,SERVICE_PROCUREMENT
1011HG3167911-271-1-1,MS2,INV-000332,SERVICE_PROCUREMENT
1011HG3167911-271-2-1,MS2,INV-000332,SERVICE_PROCUREMENT
1011HG3167911-271-3-1,MS2,INV-000332,SERVICE_PROCUREMENT
1011HG3167911-271-4-1,MS2,INV-000332,SERVICE_PROCUREMENT
1011HG3068809-2867-2-1,MS1,INV-000332,SERVICE_PROCUREMENT
1011HG3167911-428-1-1,MS1,INV-000332,SERVICE_PROCUREMENT
1011HG3167911-428-2-1,MS1,INV-000332,SERVICE_PROCUREMENT
1011HG3167911-428-3-1,MS1,INV-000332,SERVICE_PROCUREMENT
1011HG3167911-428-4-1,MS1,INV-000332,SERVICE_PROCUREMENT
1011HG3167911-428-5-1,MS1,INV-000332,SERVICE_PROCUREMENT
1011HG3167911-524-1-1,MS1,INV-000332,SERVICE_PROCUREMENT
1011HG3167911-525-1-1,MS2,INV-000332,SERVICE_PROCUREMENT
1011HG3167911-525-2-1,MS2,INV-000332,SERVICE_PROCUREMENT
1011HG3167911-525-3-1,MS2,INV-000332,SERVICE_PROCUREMENT
1011HG3167911-525-4-1,MS2,INV-000332,SERVICE_PROCUREMENT
1011HG3167911-575-1-1,MS2,INV-000332,SERVICE_PROCUREMENT
1011HG3167911-575-2-1,MS2,INV-000332,SERVICE_PROCUREMENT
1011HG3167911-575-3-1,MS2,INV-000332,SERVICE_PROCUREMENT
1011HG3167911-575-4-1,MS2,INV-000332,SERVICE_PROCUREMENT
1011HG3167911-576-1-1,MS1,INV-000332,SERVICE_PROCUREMENT
1011HG3167911-608-1-1,MS1,INV-000332,SERVICE_PROCUREMENT
1011HG3167911-608-3-1,MS1,INV-000332,SERVICE_PROCUREMENT
1011HG3167911-608-4-1,MS1,INV-000332,SERVICE_PROCUREMENT
1011HG3167911-608-5-1,MS1,INV-000332,SERVICE_PROCUREMENT
1011HG3167911-608-6-1,MS1,INV-000332,SERVICE_PROCUREMENT
1011HG3167911-610-1-1,MS1,INV-000332,SERVICE_PROCUREMENT
1011HG3167911-610-2-1,MS1,INV-000332,SERVICE_PROCUREMENT
1011HG3167911-610-3-1,MS1,INV-000332,SERVICE_PROCUREMENT
1011HG3167911-610-4-1,MS1,INV-000332,SERVICE_PROCUREMENT
1011HG3167911-612-2-1,MS1,INV-000332,SERVICE_PROCUREMENT
1011HG3167911-616-1-1,MS1,INV-000332,SERVICE_PROCUREMENT
1011HG3167911-616-2-1,MS1,INV-000332,SERVICE_PROCUREMENT
1011HG3167911-624-1-1,MS1,INV-000332,SERVICE_PROCUREMENT
1011HG3167911-624-2-1,MS1,INV-000332,SERVICE_PROCUREMENT
1011HG3167911-632-1-1,MS1,INV-000332,SERVICE_PROCUREMENT
1011HG3167911-632-2-1,MS1,INV-000332,SERVICE_PROCUREMENT
1011HG3167911-634-1-1,MS1,INV-000332,SERVICE_PROCUREMENT
1011HG3167911-637-1-1,MS1,INV-000332,SERVICE_PROCUREMENT
1011HG3167911-639-1-1,MS1,INV-000332,SERVICE_PROCUREMENT
1011HG3068809-3234-1-1,MS1,INV-000332,SERVICE_PROCUREMENT
1011HG3068809-3234-2-1,MS1,INV-000332,SERVICE_PROCUREMENT
1011HG3068809-3234-4-1,MS1,INV-000332,SERVICE_PROCUREMENT
1011HG3167911-763-1-1,MS1,INV-000332,SERVICE_PROCUREMENT
1011HG3167911-777-1-1,MS1,INV-000332,SERVICE_PROCUREMENT
1011HG3167911-789-1-1,MS1,INV-000332,SERVICE_PROCUREMENT
1011HG3167911-819-1-1,MS1,INV-000332,SERVICE_PROCUREMENT
1011HG3068809-3344-1-1,MS1,INV-000332,SERVICE_PROCUREMENT
1011HG3068809-3344-5-1,MS1,INV-000332,SERVICE_PROCUREMENT
1011HG3167911-855-1-1,MS1,INV-000332,SERVICE_PROCUREMENT
1011HG3068809-3367-1-1,MS1,INV-000332,SERVICE_PROCUREMENT
1011HG3167911-863-1-1,MS1,INV-000332,SERVICE_PROCUREMENT
1011HG3167911-863-2-1,MS1,INV-000332,SERVICE_PROCUREMENT
1011HG3068809-1545-4-1,MS1,INV-000334,SERVICE_PROCUREMENT
1011HG3167911-140-4-1,MS1,INV-000334,SERVICE_PROCUREMENT
1011HG3167911-159-1-1,MS1,INV-000334,SERVICE_PROCUREMENT
1011HG3167911-176-1-1,MS1,INV-000334,SERVICE_PROCUREMENT
1011HG3167911-176-2-1,MS1,INV-000334,SERVICE_PROCUREMENT
1011HG3167911-176-3-1,MS1,INV-000334,SERVICE_PROCUREMENT
1011HG3167911-176-4-1,MS1,INV-000334,SERVICE_PROCUREMENT
1011HG3167911-176-5-1,MS1,INV-000334,SERVICE_PROCUREMENT
1011HG3167911-179-1-1,MS1,INV-000334,SERVICE_PROCUREMENT
1011HG3167911-179-2-1,MS1,INV-000334,SERVICE_PROCUREMENT
1011HG3167911-179-3-1,MS1,INV-000334,SERVICE_PROCUREMENT
1011HG3167911-179-4-1,MS1,INV-000334,SERVICE_PROCUREMENT
1011HG3167911-179-5-1,MS1,INV-000334,SERVICE_PROCUREMENT
1011HG3167911-179-6-1,MS1,INV-000334,SERVICE_PROCUREMENT
1011HG3068809-2333-4-1,MS1,INV-000334,SERVICE_PROCUREMENT
1011HG3167912-358-1-1,MS1,INV-000334,SERVICE_PROCUREMENT
1011HG3167912-359-1-1,MS1,INV-000334,SERVICE_PROCUREMENT
1011HG3167912-359-2-1,MS1,INV-000334,SERVICE_PROCUREMENT
1011HG3167911-389-1-1,MS2,INV-000334,SERVICE_PROCUREMENT
1011HG3167911-389-2-1,MS2,INV-000334,SERVICE_PROCUREMENT
1011HG3167911-389-3-1,MS2,INV-000334,SERVICE_PROCUREMENT
1011HG3167911-389-4-1,MS2,INV-000334,SERVICE_PROCUREMENT
1011HG3167911-390-1-1,MS2,INV-000334,SERVICE_PROCUREMENT
1011HG3167911-390-2-1,MS2,INV-000334,SERVICE_PROCUREMENT
1011HG3167911-390-3-1,MS2,INV-000334,SERVICE_PROCUREMENT
1011HG3167911-390-4-1,MS2,INV-000334,SERVICE_PROCUREMENT
1011HG3167911-390-5-1,MS2,INV-000334,SERVICE_PROCUREMENT
1011HG3167911-390-6-1,MS2,INV-000334,SERVICE_PROCUREMENT
1011HG3167911-391-1-1,MS1,INV-000334,SERVICE_PROCUREMENT
1011HG3068810-978-1-1,MS1,INV-000334,SERVICE_PROCUREMENT
1011HG3068810-979-1-1,MS1,INV-000334,SERVICE_PROCUREMENT
1011HG3068810-1004-1-1,MS1,INV-000334,SERVICE_PROCUREMENT
1011HG3068809-2949-1-1,MS1,INV-000334,SERVICE_PROCUREMENT
1011HG3068810-1019-1-1,MS1,INV-000334,SERVICE_PROCUREMENT
1011HG3167911-577-1-1,MS1,INV-000334,SERVICE_PROCUREMENT
1011HG3167911-577-2-1,MS1,INV-000334,SERVICE_PROCUREMENT
1011HG3167911-577-3-1,MS1,INV-000334,SERVICE_PROCUREMENT
1011HG3167911-577-4-1,MS1,INV-000334,SERVICE_PROCUREMENT
1011HG3167911-577-5-1,MS1,INV-000334,SERVICE_PROCUREMENT
1011HG3068809-3102-1-1,MS1,INV-000334,SERVICE_PROCUREMENT
1011HG3068809-3105-1-1,MS1,INV-000334,SERVICE_PROCUREMENT
1011HG3167911-689-1-1,MS1,INV-000334,SERVICE_PROCUREMENT
1011HG3167911-689-2-1,MS1,INV-000334,SERVICE_PROCUREMENT
1011HG3167911-689-3-1,MS1,INV-000334,SERVICE_PROCUREMENT
1011HG3167911-689-4-1,MS1,INV-000334,SERVICE_PROCUREMENT
1011HG3167911-689-5-1,MS1,INV-000334,SERVICE_PROCUREMENT
1011HG3167911-691-2-1,MS1,INV-000334,SERVICE_PROCUREMENT
1011HG3167911-691-3-1,MS1,INV-000334,SERVICE_PROCUREMENT
1011HG3167911-693-1-1,MS1,INV-000334,SERVICE_PROCUREMENT
1011HG3167911-712-1-1,MS1,INV-000334,SERVICE_PROCUREMENT
1011HG3167911-720-1-1,MS1,INV-000334,SERVICE_PROCUREMENT
1011HG3167911-720-2-1,MS1,INV-000334,SERVICE_PROCUREMENT
1011HG3167911-720-3-1,MS1,INV-000334,SERVICE_PROCUREMENT
1011HG3167911-720-4-1,MS1,INV-000334,SERVICE_PROCUREMENT
1011HG3167911-720-5-1,MS1,INV-000334,SERVICE_PROCUREMENT
1011HG3068809-3233-1-1,MS1,INV-000334,SERVICE_PROCUREMENT
1011HG3068809-3233-2-1,MS1,INV-000334,SERVICE_PROCUREMENT
1011HG3068809-3233-4-1,MS1,INV-000334,SERVICE_PROCUREMENT
1011HG3167911-759-1-1,MS1,INV-000334,SERVICE_PROCUREMENT
1011HG3167911-760-1-1,MS1,INV-000334,SERVICE_PROCUREMENT
1011HG3167911-770-1-1,MS1,INV-000334,SERVICE_PROCUREMENT
1011HG3068809-3275-1-1,MS1,INV-000334,SERVICE_PROCUREMENT
1011HG3068809-3274-1-1,MS1,INV-000334,SERVICE_PROCUREMENT
1011HG3167911-778-1-1,MS1,INV-000334,SERVICE_PROCUREMENT
1011HG3167911-778-2-1,MS1,INV-000334,SERVICE_PROCUREMENT
1011HG3167911-778-3-1,MS1,INV-000334,SERVICE_PROCUREMENT
1011HG3167911-778-4-1,MS1,INV-000334,SERVICE_PROCUREMENT
1011HG3167911-778-5-1,MS1,INV-000334,SERVICE_PROCUREMENT
1011HG3167911-780-1-1,MS1,INV-000334,SERVICE_PROCUREMENT
1011HG3167911-780-2-1,MS1,INV-000334,SERVICE_PROCUREMENT
1011HG3167911-780-3-1,MS1,INV-000334,SERVICE_PROCUREMENT
1011HG3167911-780-4-1,MS1,INV-000334,SERVICE_PROCUREMENT
1011HG3167911-780-5-1,MS1,INV-000334,SERVICE_PROCUREMENT
1011HG3167911-784-1-1,MS1,INV-000334,SERVICE_PROCUREMENT
1011HG3167911-784-2-1,MS1,INV-000334,SERVICE_PROCUREMENT
1011HG3167911-784-3-1,MS1,INV-000334,SERVICE_PROCUREMENT
1011HG3167911-784-4-1,MS1,INV-000334,SERVICE_PROCUREMENT
1011HG3167911-784-5-1,MS1,INV-000334,SERVICE_PROCUREMENT
1011HG3167911-786-1-1,MS1,INV-000334,SERVICE_PROCUREMENT
1011HG3167911-786-2-1,MS1,INV-000334,SERVICE_PROCUREMENT
1011HG3167911-786-3-1,MS1,INV-000334,SERVICE_PROCUREMENT
1011HG3167911-786-4-1,MS1,INV-000334,SERVICE_PROCUREMENT
1011HG3167911-786-5-1,MS1,INV-000334,SERVICE_PROCUREMENT
1011HG3167911-792-1-1,MS1,INV-000334,SERVICE_PROCUREMENT
1011HG3167911-793-1-1,MS1,INV-000334,SERVICE_PROCUREMENT
1011HG3167911-795-1-1,MS1,INV-000334,SERVICE_PROCUREMENT
1011HG3167911-796-1-1,MS1,INV-000334,SERVICE_PROCUREMENT
1011HG3167911-807-1-1,MS1,INV-000334,SERVICE_PROCUREMENT
1011HG3167911-865-1-1,MS1,INV-000334,SERVICE_PROCUREMENT
1011HG3068809-1739-1-1,MS1,INV-000336,SERVICE_PROCUREMENT
1011HG3068809-1810-1-1,MS1,INV-000336,SERVICE_PROCUREMENT
1011HG3068809-2137-4-1,MS1,INV-000336,SERVICE_PROCUREMENT
1011HG3068809-2180-3-1,MS1,INV-000336,SERVICE_PROCUREMENT
1011HG3068809-2280-1-1,MS1,INV-000336,SERVICE_PROCUREMENT
1011HG3068809-2295-1-1,MS1,INV-000336,SERVICE_PROCUREMENT
1011HG3068809-2311-2-1,MS1,INV-000336,SERVICE_PROCUREMENT
1011HG3068809-2311-4-1,MS1,INV-000336,SERVICE_PROCUREMENT
1011HG3068809-2311-5-1,MS1,INV-000336,SERVICE_PROCUREMENT
1011HG3068809-2312-1-1,MS1,INV-000336,SERVICE_PROCUREMENT
1011HG3068809-2312-2-1,MS1,INV-000336,SERVICE_PROCUREMENT
1011HG3068809-2312-4-1,MS1,INV-000336,SERVICE_PROCUREMENT
1011HG3068809-2405-1-1,MS1,INV-000336,SERVICE_PROCUREMENT
1011HG3068809-2405-2-1,MS1,INV-000336,SERVICE_PROCUREMENT
1011HG3068809-2409-1-1,MS1,INV-000336,SERVICE_PROCUREMENT
1011HG3068809-2409-2-1,MS1,INV-000336,SERVICE_PROCUREMENT
1011HG3068809-2413-1-1,MS1,INV-000336,SERVICE_PROCUREMENT
1011HG3068809-2420-1-1,MS1,INV-000336,SERVICE_PROCUREMENT
1011HG3068809-2446-1-1,MS1,INV-000336,SERVICE_PROCUREMENT
1011HG3068809-2446-2-1,MS1,INV-000336,SERVICE_PROCUREMENT
1011HG3068809-2478-1-1,MS1,INV-000336,SERVICE_PROCUREMENT
1011HG3068809-2478-2-1,MS1,INV-000336,SERVICE_PROCUREMENT
1011HG3068809-2482-1-1,MS1,INV-000336,SERVICE_PROCUREMENT
1011HG3068809-2484-1-1,MS1,INV-000336,SERVICE_PROCUREMENT
1011HG3068810-903-1-1,MS1,INV-000336,SERVICE_PROCUREMENT
1011HG3068810-906-1-1,MS1,INV-000336,SERVICE_PROCUREMENT
1011HG3068810-906-2-1,MS1,INV-000336,SERVICE_PROCUREMENT
1011HG3068809-2500-2-1,MS1,INV-000336,SERVICE_PROCUREMENT
1011HG3068810-908-1-1,MS1,INV-000336,SERVICE_PROCUREMENT
1011HG3068810-908-3-1,MS1,INV-000336,SERVICE_PROCUREMENT
1011HG3068810-908-4-1,MS1,INV-000336,SERVICE_PROCUREMENT
1011HG3068809-2544-1-1,MS1,INV-000336,SERVICE_PROCUREMENT
1011HG3068809-2629-1-1,MS1,INV-000336,SERVICE_PROCUREMENT
1011HG3068809-2631-1-1,MS1,INV-000336,SERVICE_PROCUREMENT
1011HG3068809-2635-1-1,MS1,INV-000336,SERVICE_PROCUREMENT
1011HG3068809-2687-1-1,MS1,INV-000336,SERVICE_PROCUREMENT
1011HG3068809-2718-1-1,MS1,INV-000336,SERVICE_PROCUREMENT
1011HG3068809-2720-1-1,MS1,INV-000336,SERVICE_PROCUREMENT
1011HG3068809-2723-1-1,MS1,INV-000336,SERVICE_PROCUREMENT
1011HG3068809-2724-1-1,MS1,INV-000336,SERVICE_PROCUREMENT
1011HG3068809-2726-1-1,MS1,INV-000336,SERVICE_PROCUREMENT
1011HG3068809-2729-1-1,MS1,INV-000336,SERVICE_PROCUREMENT
1011HG3068809-2776-1-1,MS1,INV-000336,SERVICE_PROCUREMENT
1011HG3068809-2776-2-1,MS1,INV-000336,SERVICE_PROCUREMENT
1011HG3068809-2782-1-1,MS1,INV-000336,SERVICE_PROCUREMENT
1011HG3068810-965-4-1,MS1,INV-000336,SERVICE_PROCUREMENT
1011HG3068810-965-5-1,MS1,INV-000336,SERVICE_PROCUREMENT
1011HG3068809-2824-4-1,MS1,INV-000336,SERVICE_PROCUREMENT
1011HG3068809-2825-4-1,MS1,INV-000336,SERVICE_PROCUREMENT
1011HG3068809-2880-2-1,MS1,INV-000336,SERVICE_PROCUREMENT
1011HG3068809-2882-1-1,MS1,INV-000336,SERVICE_PROCUREMENT
1011HG3068809-2884-3-1,MS1,INV-000336,SERVICE_PROCUREMENT
1011HG3068809-2887-1-1,MS1,INV-000336,SERVICE_PROCUREMENT
1011HG3068809-2897-1-1,MS1,INV-000336,SERVICE_PROCUREMENT
1011HG3068810-980-1-1,MS1,INV-000336,SERVICE_PROCUREMENT
1011HG3068810-986-1-1,MS1,INV-000336,SERVICE_PROCUREMENT
1011HG3068810-993-1-1,MS1,INV-000336,SERVICE_PROCUREMENT
1011HG3068810-994-1-1,MS1,INV-000336,SERVICE_PROCUREMENT
1011HG3068809-2923-3-1,MS1,INV-000336,SERVICE_PROCUREMENT
1011HG3068810-1001-1-1,MS1,INV-000336,SERVICE_PROCUREMENT
1011HG3068809-2950-1-1,MS1,INV-000336,SERVICE_PROCUREMENT
1011HG3068809-2951-1-1,MS1,INV-000336,SERVICE_PROCUREMENT
1011HG3068809-2952-1-1,MS1,INV-000336,SERVICE_PROCUREMENT
1011HG3068809-2953-1-1,MS1,INV-000336,SERVICE_PROCUREMENT
1011HG3068809-2954-1-1,MS1,INV-000336,SERVICE_PROCUREMENT
1011HG3068809-2955-1-1,MS1,INV-000336,SERVICE_PROCUREMENT
1011HG3068809-2956-1-1,MS1,INV-000336,SERVICE_PROCUREMENT
1011HG3068809-2974-1-1,MS1,INV-000336,SERVICE_PROCUREMENT
1011HG3068809-2974-2-1,MS1,INV-000336,SERVICE_PROCUREMENT
1011HG3068809-2976-1-1,MS1,INV-000336,SERVICE_PROCUREMENT
1011HG3068809-3002-1-1,MS1,INV-000336,SERVICE_PROCUREMENT
1011HG3068809-3006-1-1,MS1,INV-000336,SERVICE_PROCUREMENT
1011HG3068809-3007-1-1,MS1,INV-000336,SERVICE_PROCUREMENT
1011HG3068809-3008-1-1,MS1,INV-000336,SERVICE_PROCUREMENT
1011HG3068809-3009-1-1,MS1,INV-000336,SERVICE_PROCUREMENT
1011HG3167911-540-1-1,MS1,INV-000336,SERVICE_PROCUREMENT
1011HG3167911-540-2-1,MS1,INV-000336,SERVICE_PROCUREMENT
1011HG3167911-540-3-1,MS1,INV-000336,SERVICE_PROCUREMENT
1011HG3167911-540-4-1,MS1,INV-000336,SERVICE_PROCUREMENT
1011HG3167911-546-1-1,MS1,INV-000336,SERVICE_PROCUREMENT
1011HG3167911-546-2-1,MS1,INV-000336,SERVICE_PROCUREMENT
1011HG3167911-546-3-1,MS1,INV-000336,SERVICE_PROCUREMENT
1011HG3167911-546-4-1,MS1,INV-000336,SERVICE_PROCUREMENT
1011HG3167911-574-1-1,MS1,INV-000336,SERVICE_PROCUREMENT
1011HG3167911-574-2-1,MS1,INV-000336,SERVICE_PROCUREMENT
1011HG3167911-574-3-1,MS1,INV-000336,SERVICE_PROCUREMENT
1011HG3167911-574-4-1,MS1,INV-000336,SERVICE_PROCUREMENT
1011HG3167911-574-5-1,MS1,INV-000336,SERVICE_PROCUREMENT
1011HG3068809-3051-2-1,MS1,INV-000336,SERVICE_PROCUREMENT
1011HG3068809-3051-3-1,MS1,INV-000336,SERVICE_PROCUREMENT
1011HG3068809-3052-1-1,MS1,INV-000336,SERVICE_PROCUREMENT
1011HG3068809-3052-2-1,MS1,INV-000336,SERVICE_PROCUREMENT
1011HG3068809-3058-3-1,MS1,INV-000336,SERVICE_PROCUREMENT
1011HG3068809-3061-2-1,MS1,INV-000336,SERVICE_PROCUREMENT
1011HG3068809-3064-1-1,MS1,INV-000336,SERVICE_PROCUREMENT
1011HG3068809-3065-1-1,MS1,INV-000336,SERVICE_PROCUREMENT
1011HG3068810-1058-1-1,MS1,INV-000336,SERVICE_PROCUREMENT
1011HG3068810-1058-3-1,MS1,INV-000336,SERVICE_PROCUREMENT
1011HG3167911-630-1-1,MS1,INV-000336,SERVICE_PROCUREMENT
1011HG3068809-3108-1-1,MS1,INV-000336,SERVICE_PROCUREMENT
1011HG3068809-3109-2-1,MS1,INV-000336,SERVICE_PROCUREMENT
1011HG3068809-3111-1-1,MS1,INV-000336,SERVICE_PROCUREMENT
1011HG3167911-679-1-1,MS1,INV-000336,SERVICE_PROCUREMENT
1011HG3167911-679-2-1,MS1,INV-000336,SERVICE_PROCUREMENT
1011HG3167911-679-4-1,MS1,INV-000336,SERVICE_PROCUREMENT
1011HG3167911-679-5-1,MS1,INV-000336,SERVICE_PROCUREMENT
1011HG3167911-679-6-1,MS1,INV-000336,SERVICE_PROCUREMENT
1011HG3068810-1068-1-1,MS1,INV-000336,SERVICE_PROCUREMENT
1011HG3068810-1068-3-1,MS1,INV-000336,SERVICE_PROCUREMENT
1011HG3068810-1081-1-1,MS1,INV-000336,SERVICE_PROCUREMENT
1011HG3068809-3224-1-1,MS1,INV-000336,SERVICE_PROCUREMENT
1011HG3167911-723-1-1,MS1,INV-000336,SERVICE_PROCUREMENT
1011HG3167911-723-2-1,MS1,INV-000336,SERVICE_PROCUREMENT
1011HG3167911-723-3-1,MS1,INV-000336,SERVICE_PROCUREMENT
1011HG3167911-723-4-1,MS1,INV-000336,SERVICE_PROCUREMENT
1011HG3167911-723-5-1,MS1,INV-000336,SERVICE_PROCUREMENT
1011HG3068809-3257-1-1,MS1,INV-000336,SERVICE_PROCUREMENT
1011HG3068809-3266-1-1,MS1,INV-000336,SERVICE_PROCUREMENT
1011HG3068809-3267-1-1,MS1,INV-000336,SERVICE_PROCUREMENT
1011HG3167911-768-1-1,MS1,INV-000336,SERVICE_PROCUREMENT
1011HG3167911-769-1-1,MS1,INV-000336,SERVICE_PROCUREMENT
1011HG3068810-1104-2-1,MS1,INV-000336,SERVICE_PROCUREMENT
1011HG3167911-804-1-1,MS1,INV-000336,SERVICE_PROCUREMENT
1011HG3167911-808-1-1,MS1,INV-000336,SERVICE_PROCUREMENT
1011HG3167911-822-1-1,MS1,INV-000336,SERVICE_PROCUREMENT
1011HG3167911-822-2-1,MS1,INV-000336,SERVICE_PROCUREMENT
1011HG3167911-822-3-1,MS1,INV-000336,SERVICE_PROCUREMENT
1011HG3167911-822-4-1,MS1,INV-000336,SERVICE_PROCUREMENT
1011HG3167911-836-1-1,MS1,INV-000336,SERVICE_PROCUREMENT
1011HG3167911-836-2-1,MS1,INV-000336,SERVICE_PROCUREMENT
1011HG3167911-836-3-1,MS1,INV-000336,SERVICE_PROCUREMENT
1011HG3167911-836-4-1,MS1,INV-000336,SERVICE_PROCUREMENT
1011HG3068809-3340-1-1,MS1,INV-000336,SERVICE_PROCUREMENT
1011HG3068809-3341-1-1,MS1,INV-000336,SERVICE_PROCUREMENT
1011HG3068809-3342-1-1,MS1,INV-000336,SERVICE_PROCUREMENT
1011HG3068809-3343-1-1,MS1,INV-000336,SERVICE_PROCUREMENT
1011HG3068810-1114-1-1,MS1,INV-000336,SERVICE_PROCUREMENT
1011HG3068810-1118-2-1,MS1,INV-000336,SERVICE_PROCUREMENT
1011HG3068810-1119-1-1,MS1,INV-000336,SERVICE_PROCUREMENT
1011HG3167911-864-1-1,MS1,INV-000336,SERVICE_PROCUREMENT
1011HG3068810-1123-1-1,MS1,INV-000336,SERVICE_PROCUREMENT
1011HG3167911-883-1-1,MS1,INV-000336,SERVICE_PROCUREMENT
1011HG3167911-883-2-1,MS1,INV-000336,SERVICE_PROCUREMENT
1011HG3167911-883-3-1,MS1,INV-000336,SERVICE_PROCUREMENT
1011HG3167911-883-4-1,MS1,INV-000336,SERVICE_PROCUREMENT
1011HG3167911-883-5-1,MS1,INV-000336,SERVICE_PROCUREMENT
1011HG3167911-886-1-1,MS1,INV-000336,SERVICE_PROCUREMENT
1011HG3167911-886-2-1,MS1,INV-000336,SERVICE_PROCUREMENT
1011HG3167911-886-3-1,MS1,INV-000336,SERVICE_PROCUREMENT
1011HG3167911-886-4-1,MS1,INV-000336,SERVICE_PROCUREMENT
1011HG3167911-886-5-1,MS1,INV-000336,SERVICE_PROCUREMENT
1011HG3167911-903-1-1,MS1,INV-000336,SERVICE_PROCUREMENT
1011HG3167911-904-1-1,MS1,INV-000336,SERVICE_PROCUREMENT
1011HG3068809-1809-1-1,MS1,INV-000337,SERVICE_PROCUREMENT
1011HG3068809-1811-1-1,MS1,INV-000337,SERVICE_PROCUREMENT
1011HG3068809-1813-1-1,MS1,INV-000337,SERVICE_PROCUREMENT
1011HG3068809-1815-1-1,MS1,INV-000337,SERVICE_PROCUREMENT
1011HG3068809-2543-1-1,MS1,INV-000337,SERVICE_PROCUREMENT
1011HG3068809-2685-1-1,MS1,INV-000337,SERVICE_PROCUREMENT
1011HG3167911-424-1-1,MS1,INV-000337,SERVICE_PROCUREMENT
1011HG3167911-424-2-1,MS1,INV-000337,SERVICE_PROCUREMENT
1011HG3167911-424-3-1,MS1,INV-000337,SERVICE_PROCUREMENT
1011HG3167911-424-4-1,MS1,INV-000337,SERVICE_PROCUREMENT
1011HG3167911-424-5-1,MS1,INV-000337,SERVICE_PROCUREMENT
1011HG3167911-538-1-1,MS1,INV-000337,SERVICE_PROCUREMENT
1011HG3167911-538-3-1,MS1,INV-000337,SERVICE_PROCUREMENT
1011HG3167911-538-4-1,MS1,INV-000337,SERVICE_PROCUREMENT
1011HG3167911-538-5-1,MS1,INV-000337,SERVICE_PROCUREMENT
1011HG3167911-563-2-1,MS1,INV-000337,SERVICE_PROCUREMENT
1011HG3167911-564-1-1,MS1,INV-000337,SERVICE_PROCUREMENT
1011HG3167911-564-2-1,MS1,INV-000337,SERVICE_PROCUREMENT
1011HG3167911-564-3-1,MS1,INV-000337,SERVICE_PROCUREMENT
1011HG3167911-564-4-1,MS1,INV-000337,SERVICE_PROCUREMENT
1011HG3167911-564-5-1,MS1,INV-000337,SERVICE_PROCUREMENT
1011HG3167911-564-6-1,MS1,INV-000337,SERVICE_PROCUREMENT
1011HG3167911-687-1-1,MS1,INV-000337,SERVICE_PROCUREMENT
1011HG3167911-687-2-1,MS1,INV-000337,SERVICE_PROCUREMENT
1011HG3167911-687-3-1,MS1,INV-000337,SERVICE_PROCUREMENT
1011HG3167911-687-4-1,MS1,INV-000337,SERVICE_PROCUREMENT
1011HG3167911-687-5-1,MS1,INV-000337,SERVICE_PROCUREMENT
1011HG3167911-697-1-1,MS1,INV-000337,SERVICE_PROCUREMENT
1011HG3167911-697-2-1,MS1,INV-000337,SERVICE_PROCUREMENT
1011HG3167911-697-3-1,MS1,INV-000337,SERVICE_PROCUREMENT
1011HG3167911-697-4-1,MS1,INV-000337,SERVICE_PROCUREMENT
1011HG3167911-697-5-1,MS1,INV-000337,SERVICE_PROCUREMENT
1011HG3167911-697-6-1,MS1,INV-000337,SERVICE_PROCUREMENT
1011HG3167911-754-1-1,MS1,INV-000337,SERVICE_PROCUREMENT
1011HG3167911-755-1-1,MS1,INV-000337,SERVICE_PROCUREMENT
1011HG3167911-756-1-1,MS1,INV-000337,SERVICE_PROCUREMENT
1011HG3167911-799-1-1,MS1,INV-000337,SERVICE_PROCUREMENT
1011HG3167911-806-1-1,MS1,INV-000337,SERVICE_PROCUREMENT
1011HG3167911-824-1-1,MS1,INV-000337,SERVICE_PROCUREMENT
1011HG3167911-824-2-1,MS1,INV-000337,SERVICE_PROCUREMENT
1011HG3167911-824-3-1,MS1,INV-000337,SERVICE_PROCUREMENT
1011HG3167911-824-4-1,MS1,INV-000337,SERVICE_PROCUREMENT
1011HG3167911-824-5-1,MS1,INV-000337,SERVICE_PROCUREMENT
1011HG3167911-824-6-1,MS1,INV-000337,SERVICE_PROCUREMENT
1011HG3167911-823-1-1,MS1,INV-000337,SERVICE_PROCUREMENT
1011HG3167911-823-2-1,MS1,INV-000337,SERVICE_PROCUREMENT
1011HG3167911-823-3-1,MS1,INV-000337,SERVICE_PROCUREMENT
1011HG3167911-823-4-1,MS1,INV-000337,SERVICE_PROCUREMENT
1011HG3167911-823-5-1,MS1,INV-000337,SERVICE_PROCUREMENT
1011HG3167911-823-6-1,MS1,INV-000337,SERVICE_PROCUREMENT
1011HG3167911-853-1-1,MS1,INV-000337,SERVICE_PROCUREMENT
1011HG3167911-853-2-1,MS1,INV-000337,SERVICE_PROCUREMENT
1011HG3167911-853-3-1,MS1,INV-000337,SERVICE_PROCUREMENT
1011HG3167911-854-1-1,MS1,INV-000337,SERVICE_PROCUREMENT
1011HG3167911-854-2-1,MS1,INV-000337,SERVICE_PROCUREMENT
1011HG3167911-854-3-1,MS1,INV-000337,SERVICE_PROCUREMENT
1011HG3167911-866-1-1,MS1,INV-000337,SERVICE_PROCUREMENT
1011HG3167911-867-1-1,MS1,INV-000337,SERVICE_PROCUREMENT
1011HG3167911-868-1-1,MS1,INV-000337,SERVICE_PROCUREMENT
1011HG3167911-869-1-1,MS1,INV-000337,SERVICE_PROCUREMENT
1011HG3167911-879-1-1,MS1,INV-000337,SERVICE_PROCUREMENT
1011HG3167911-879-2-1,MS1,INV-000337,SERVICE_PROCUREMENT
1011HG3167911-879-3-1,MS1,INV-000337,SERVICE_PROCUREMENT
1011HG3167911-879-4-1,MS1,INV-000337,SERVICE_PROCUREMENT
1011HG3167911-879-5-1,MS1,INV-000337,SERVICE_PROCUREMENT
1011HG3167911-879-6-1,MS1,INV-000337,SERVICE_PROCUREMENT
1011HG3167911-908-1-1,MS1,INV-000337,SERVICE_PROCUREMENT
1011HG3068810-562-2-1,MS1,INV-000339,SERVICE_PROCUREMENT
1011HG3068810-562-3-1,MS1,INV-000339,SERVICE_PROCUREMENT
1011HG3068809-2110-1-1,MS1,INV-000339,SERVICE_PROCUREMENT
1011HG3068809-2131-1-1,MS1,INV-000339,SERVICE_PROCUREMENT
1011HG3068809-2132-1-1,MS1,INV-000339,SERVICE_PROCUREMENT
1011HG3068810-761-1-1,MS1,INV-000339,SERVICE_PROCUREMENT
1011HG3068810-762-1-1,MS1,INV-000339,SERVICE_PROCUREMENT
1011HG3068809-2308-3-1,MS1,INV-000339,SERVICE_PROCUREMENT
1011HG3068809-2311-1-1,MS1,INV-000339,SERVICE_PROCUREMENT
1011HG3068809-2312-3-1,MS1,INV-000339,SERVICE_PROCUREMENT
1011HG3068810-908-2-1,MS1,INV-000339,SERVICE_PROCUREMENT
1011HG3068809-2768-1-1,MS1,INV-000339,SERVICE_PROCUREMENT
1011HG3068810-966-2-1,MS1,INV-000339,SERVICE_PROCUREMENT
1011HG3068810-966-4-1,MS1,INV-000339,SERVICE_PROCUREMENT
1011HG3068810-985-2-1,MS1,INV-000339,SERVICE_PROCUREMENT
1011HG3068810-1014-1-1,MS1,INV-000339,SERVICE_PROCUREMENT
1011HG3068810-1015-1-1,MS1,INV-000339,SERVICE_PROCUREMENT
1011HG3068810-1021-1-1,MS1,INV-000339,SERVICE_PROCUREMENT
1011HG3068809-3027-1-1,MS1,INV-000339,SERVICE_PROCUREMENT
1011HG3068809-3029-1-1,MS1,INV-000339,SERVICE_PROCUREMENT
1011HG3068809-3045-1-1,MS1,INV-000339,SERVICE_PROCUREMENT
1011HG3068809-3107-1-1,MS1,INV-000339,SERVICE_PROCUREMENT
1011HG3068809-3112-1-1,MS1,INV-000339,SERVICE_PROCUREMENT
1011HG3068809-3113-1-1,MS1,INV-000339,SERVICE_PROCUREMENT
1011HG3167911-642-1-1,MS1,INV-000339,SERVICE_PROCUREMENT
1011HG3167911-642-2-1,MS1,INV-000339,SERVICE_PROCUREMENT
1011HG3167911-642-3-1,MS1,INV-000339,SERVICE_PROCUREMENT
1011HG3167911-647-1-1,MS1,INV-000339,SERVICE_PROCUREMENT
1011HG3068809-3207-1-1,MS1,INV-000339,SERVICE_PROCUREMENT
1011HG3068809-3209-1-1,MS1,INV-000339,SERVICE_PROCUREMENT
1011HG3068809-3210-1-1,MS1,INV-000339,SERVICE_PROCUREMENT
1011HG3167911-731-1-1,MS1,INV-000339,SERVICE_PROCUREMENT
1011HG3167911-731-2-1,MS1,INV-000339,SERVICE_PROCUREMENT
1011HG3167911-731-3-1,MS1,INV-000339,SERVICE_PROCUREMENT
1011HG3167911-731-4-1,MS1,INV-000339,SERVICE_PROCUREMENT
1011HG3167911-766-1-1,MS1,INV-000339,SERVICE_PROCUREMENT
1011HG3068810-1103-2-1,MS1,INV-000339,SERVICE_PROCUREMENT
1011HG3068809-3382-1-1,MS1,INV-000339,SERVICE_PROCUREMENT
1011HG3167911-890-1-1,MS1,INV-000339,SERVICE_PROCUREMENT
1011HG3167911-890-2-1,MS1,INV-000339,SERVICE_PROCUREMENT
1011HG3167911-890-3-1,MS1,INV-000339,SERVICE_PROCUREMENT
1011HG3167911-890-4-1,MS1,INV-000339,SERVICE_PROCUREMENT
1011HG3167911-890-5-1,MS1,INV-000339,SERVICE_PROCUREMENT
1011HG3167911-906-1-1,MS1,INV-000339,SERVICE_PROCUREMENT
1011HG3068809-3404-1-1,MS1,INV-000339,SERVICE_PROCUREMENT
1011HG3167911-918-1-1,MS1,INV-000339,SERVICE_PROCUREMENT
1011HG3167911-918-2-1,MS1,INV-000339,SERVICE_PROCUREMENT
1011HG3167911-918-3-1,MS1,INV-000339,SERVICE_PROCUREMENT
1011HG3167911-918-4-1,MS1,INV-000339,SERVICE_PROCUREMENT
1011HG3167911-918-5-1,MS1,INV-000339,SERVICE_PROCUREMENT
1011HG3167911-940-1-1,MS1,INV-000339,SERVICE_PROCUREMENT
1011HG3068810-1131-1-1,MS1,INV-000339,SERVICE_PROCUREMENT
1011HG3068809-3488-1-1,MS1,INV-000339,SERVICE_PROCUREMENT
1011HG3068809-3488-2-1,MS1,INV-000339,SERVICE_PROCUREMENT
1011HG3068810-1132-1-1,MS1,INV-000339,SERVICE_PROCUREMENT
1011HG3068810-1132-2-1,MS1,INV-000339,SERVICE_PROCUREMENT
1011HG3068810-1134-1-1,MS1,INV-000339,SERVICE_PROCUREMENT
1011HG3068810-1134-2-1,MS1,INV-000339,SERVICE_PROCUREMENT
1011HG3068810-1135-1-1,MS1,INV-000339,SERVICE_PROCUREMENT
1011HG3068810-1135-2-1,MS1,INV-000339,SERVICE_PROCUREMENT
1011HG3068810-1136-1-1,MS1,INV-000339,SERVICE_PROCUREMENT
1011HG3068810-1136-2-1,MS1,INV-000339,SERVICE_PROCUREMENT
1011HG3167912-121-2-1,MS1,INV-000340,SERVICE_PROCUREMENT
1011HG3167912-177-2-1,MS1,INV-000340,SERVICE_PROCUREMENT
1011HG3167912-177-3-1,MS1,INV-000340,SERVICE_PROCUREMENT
1011HG3167912-178-1-1,MS1,INV-000340,SERVICE_PROCUREMENT
1011HG3167912-206-1-1,MS1,INV-000340,SERVICE_PROCUREMENT
1011HG3167912-206-2-1,MS1,INV-000340,SERVICE_PROCUREMENT
1011HG3167912-207-1-1,MS1,INV-000340,SERVICE_PROCUREMENT
1011HG3068809-2106-2-1,MS1,INV-000340,SERVICE_PROCUREMENT
1011HG3068809-2107-3-1,MS1,INV-000340,SERVICE_PROCUREMENT
1011HG3068809-2109-1-1,MS1,INV-000340,SERVICE_PROCUREMENT
1011HG3068809-2109-3-1,MS1,INV-000340,SERVICE_PROCUREMENT
1011HG3068809-2109-5-1,MS1,INV-000340,SERVICE_PROCUREMENT
1011HG3068809-2112-4-1,MS1,INV-000340,SERVICE_PROCUREMENT
1011HG3068809-2112-6-1,MS1,INV-000340,SERVICE_PROCUREMENT
1011HG3068809-2112-7-1,MS1,INV-000340,SERVICE_PROCUREMENT
1011HG3068809-2113-2-1,MS1,INV-000340,SERVICE_PROCUREMENT
1011HG3167912-230-1-1,MS1,INV-000340,SERVICE_PROCUREMENT
1011HG3068809-2217-1-1,MS1,INV-000340,SERVICE_PROCUREMENT
1011HG3068809-2217-2-1,MS1,INV-000340,SERVICE_PROCUREMENT
1011HG3068810-789-1-1,MS1,INV-000340,SERVICE_PROCUREMENT
1011HG3068810-789-4-1,MS1,INV-000340,SERVICE_PROCUREMENT
1011HG3167911-181-1-1,MS1,INV-000340,SERVICE_PROCUREMENT
1011HG3167911-182-1-1,MS1,INV-000340,SERVICE_PROCUREMENT
1011HG3167911-183-1-1,MS1,INV-000340,SERVICE_PROCUREMENT
1011HG3167911-183-3-1,MS1,INV-000340,SERVICE_PROCUREMENT
1011HG3167911-184-1-1,MS1,INV-000340,SERVICE_PROCUREMENT
1011HG3167911-184-3-1,MS1,INV-000340,SERVICE_PROCUREMENT
1011HG3167912-230-3-1,MS1,INV-000340,SERVICE_PROCUREMENT
1011HG3167912-311-1-1,MS1,INV-000340,SERVICE_PROCUREMENT
1011HG3167912-311-2-1,MS1,INV-000340,SERVICE_PROCUREMENT
1011HG3068809-2458-2-1,MS1,INV-000340,SERVICE_PROCUREMENT
1011HG3068809-2473-1-1,MS1,INV-000340,SERVICE_PROCUREMENT
1011HG3167912-340-1-1,MS1,INV-000340,SERVICE_PROCUREMENT
1011HG3167912-340-3-1,MS1,INV-000340,SERVICE_PROCUREMENT
1011HG3167912-340-4-1,MS1,INV-000340,SERVICE_PROCUREMENT
1011HG3167912-340-6-1,MS1,INV-000340,SERVICE_PROCUREMENT
1011HG3068809-2694-1-1,MS1,INV-000340,SERVICE_PROCUREMENT
1011HG3068809-2695-1-1,MS1,INV-000340,SERVICE_PROCUREMENT
1011HG3068809-2699-1-1,MS1,INV-000340,SERVICE_PROCUREMENT
1011HG3068809-2700-1-1,MS1,INV-000340,SERVICE_PROCUREMENT
1011HG3068809-2704-1-1,MS1,INV-000340,SERVICE_PROCUREMENT
1011HG3068809-2847-1-1,MS1,INV-000340,SERVICE_PROCUREMENT
1011HG3068809-2921-1-1,MS1,INV-000340,SERVICE_PROCUREMENT
1011HG3068809-2921-2-1,MS1,INV-000340,SERVICE_PROCUREMENT
1011HG3068809-2921-3-1,MS1,INV-000340,SERVICE_PROCUREMENT
1011HG3068809-2936-1-1,MS1,INV-000340,SERVICE_PROCUREMENT
1011HG3068810-1009-2-1,MS1,INV-000340,SERVICE_PROCUREMENT
1011HG3068809-2963-2-1,MS1,INV-000340,SERVICE_PROCUREMENT
1011HG3068809-2966-1-1,MS1,INV-000340,SERVICE_PROCUREMENT
1011HG3068809-2966-2-1,MS1,INV-000340,SERVICE_PROCUREMENT
1011HG3167911-505-1-1,MS1,INV-000340,SERVICE_PROCUREMENT
1011HG3167911-505-2-1,MS1,INV-000340,SERVICE_PROCUREMENT
1011HG3167911-505-4-1,MS1,INV-000340,SERVICE_PROCUREMENT
1011HG3167911-505-5-1,MS1,INV-000340,SERVICE_PROCUREMENT
1011HG3167911-518-1-1,MS1,INV-000340,SERVICE_PROCUREMENT
1011HG3167911-519-1-1,MS2,INV-000340,SERVICE_PROCUREMENT
1011HG3167911-519-2-1,MS2,INV-000340,SERVICE_PROCUREMENT
1011HG3167911-519-3-1,MS2,INV-000340,SERVICE_PROCUREMENT
1011HG3167911-519-4-1,MS2,INV-000340,SERVICE_PROCUREMENT
1011HG3068809-3079-1-1,MS1,INV-000340,SERVICE_PROCUREMENT
1011HG3167912-419-1-1,MS1,INV-000340,SERVICE_PROCUREMENT
1011HG3167912-424-1-1,MS1,INV-000340,SERVICE_PROCUREMENT
1011HG3167912-425-1-1,MS1,INV-000340,SERVICE_PROCUREMENT
1011HG3167912-428-1-1,MS1,INV-000340,SERVICE_PROCUREMENT
1011HG3167912-429-1-1,MS1,INV-000340,SERVICE_PROCUREMENT
1011HG3167912-429-2-1,MS1,INV-000340,SERVICE_PROCUREMENT
1011HG3167912-429-3-1,MS1,INV-000340,SERVICE_PROCUREMENT
1011HG3068809-3123-1-1,MS1,INV-000340,SERVICE_PROCUREMENT
1011HG3068809-3139-1-1,MS1,INV-000340,SERVICE_PROCUREMENT
1011HG3068809-3145-1-1,MS1,INV-000340,SERVICE_PROCUREMENT
1011HG3068809-3147-1-1,MS1,INV-000340,SERVICE_PROCUREMENT
1011HG3167911-658-2-1,MS1,INV-000340,SERVICE_PROCUREMENT
1011HG3167911-658-3-1,MS1,INV-000340,SERVICE_PROCUREMENT
1011HG3167911-658-5-1,MS1,INV-000340,SERVICE_PROCUREMENT
1011HG3068809-3184-1-1,MS1,INV-000340,SERVICE_PROCUREMENT
1011HG3167911-729-1-1,MS1,INV-000340,SERVICE_PROCUREMENT
1011HG3167911-729-2-1,MS1,INV-000340,SERVICE_PROCUREMENT
1011HG3167911-729-3-1,MS1,INV-000340,SERVICE_PROCUREMENT
1011HG3167911-729-4-1,MS1,INV-000340,SERVICE_PROCUREMENT
1011HG3167911-729-5-1,MS1,INV-000340,SERVICE_PROCUREMENT
1011HG3068809-3276-1-1,MS1,INV-000340,SERVICE_PROCUREMENT
1011HG3068809-3277-1-1,MS1,INV-000340,SERVICE_PROCUREMENT
1011HG3068809-3278-1-1,MS1,INV-000340,SERVICE_PROCUREMENT
1011HG3068810-1106-1-1,MS1,INV-000340,SERVICE_PROCUREMENT
1011HG3068809-3300-1-1,MS1,INV-000340,SERVICE_PROCUREMENT
1011HG3068809-3300-2-1,MS1,INV-000340,SERVICE_PROCUREMENT
1011HG3068810-1107-1-1,MS1,INV-000340,SERVICE_PROCUREMENT
1011HG3068810-1107-2-1,MS1,INV-000340,SERVICE_PROCUREMENT
1011HG3068809-3309-1-1,MS1,INV-000340,SERVICE_PROCUREMENT
1011HG3068809-3309-2-1,MS1,INV-000340,SERVICE_PROCUREMENT
1011HG3068809-3314-1-1,MS1,INV-000340,SERVICE_PROCUREMENT
1011HG3068809-3314-2-1,MS1,INV-000340,SERVICE_PROCUREMENT
1011HG3068809-3317-1-1,MS1,INV-000340,SERVICE_PROCUREMENT
1011HG3068810-1108-1-1,MS1,INV-000340,SERVICE_PROCUREMENT
1011HG3068810-1108-2-1,MS1,INV-000340,SERVICE_PROCUREMENT
1011HG3068809-3318-1-1,MS1,INV-000340,SERVICE_PROCUREMENT
1011HG3068809-3319-1-1,MS1,INV-000340,SERVICE_PROCUREMENT
1011HG3068809-3319-2-1,MS1,INV-000340,SERVICE_PROCUREMENT
1011HG3068809-3319-3-1,MS1,INV-000340,SERVICE_PROCUREMENT
1011HG3068809-3319-4-1,MS1,INV-000340,SERVICE_PROCUREMENT
1011HG3068809-3327-1-1,MS1,INV-000340,SERVICE_PROCUREMENT
1011HG3068809-3328-1-1,MS1,INV-000340,SERVICE_PROCUREMENT
1011HG3068809-3329-1-1,MS1,INV-000340,SERVICE_PROCUREMENT
1011HG3068809-3371-1-1,MS1,INV-000340,SERVICE_PROCUREMENT
1011HG3068810-1121-1-1,MS1,INV-000340,SERVICE_PROCUREMENT
1011HG3068810-1122-1-1,MS1,INV-000340,SERVICE_PROCUREMENT
1011HG3068809-3396-1-1,MS1,INV-000340,SERVICE_PROCUREMENT
1011HG3068809-3418-2-1,MS1,INV-000340,SERVICE_PROCUREMENT
1011HG3068809-3418-3-1,MS1,INV-000340,SERVICE_PROCUREMENT
1011HG3068809-3426-1-1,MS1,INV-000340,SERVICE_PROCUREMENT
1011HG3068809-3426-2-1,MS1,INV-000340,SERVICE_PROCUREMENT
1011HG3068809-3464-2-1,MS1,INV-000340,SERVICE_PROCUREMENT
1011HG3068809-3464-3-1,MS1,INV-000340,SERVICE_PROCUREMENT
1011HG3068809-3504-1-1,MS1,INV-000340,SERVICE_PROCUREMENT
1011HG3068810-1137-1-1,MS1,INV-000340,SERVICE_PROCUREMENT
1011HG3068810-1138-1-1,MS1,INV-000340,SERVICE_PROCUREMENT
1011HG3068809-3505-1-1,MS1,INV-000340,SERVICE_PROCUREMENT
1011HG3068809-3510-1-1,MS1,INV-000340,SERVICE_PROCUREMENT
1011HG3068809-3511-1-1,MS1,INV-000340,SERVICE_PROCUREMENT
1011HG3068810-1140-1-1,MS1,INV-000340,SERVICE_PROCUREMENT
1011HG3068809-3512-1-1,MS1,INV-000340,SERVICE_PROCUREMENT
1011HG3068809-3525-1-1,MS1,INV-000340,SERVICE_PROCUREMENT
1011HG3068809-3526-1-1,MS1,INV-000340,SERVICE_PROCUREMENT
1011HG3068809-3527-1-1,MS1,INV-000340,SERVICE_PROCUREMENT
1011HG3068809-3533-1-1,MS1,INV-000340,SERVICE_PROCUREMENT
1011HG3068809-1044-1-1,MS1,INV-000341,SERVICE_PROCUREMENT
1011HG3068809-1050-1-1,MS1,INV-000341,SERVICE_PROCUREMENT
1011HG3068809-1051-1-1,MS1,INV-000341,SERVICE_PROCUREMENT
1011HG3068809-1058-1-1,MS1,INV-000341,SERVICE_PROCUREMENT
1011HG3068809-1658-7-1,MS1,INV-000341,SERVICE_PROCUREMENT
1011HG3068809-2136-6-1,MS1,INV-000341,SERVICE_PROCUREMENT
1011HG3068810-799-3-1,MS1,INV-000341,SERVICE_PROCUREMENT
1011HG3068810-800-3-1,MS1,INV-000341,SERVICE_PROCUREMENT
1011HG3068810-801-3-1,MS1,INV-000341,SERVICE_PROCUREMENT
1011HG3068809-2231-2-1,MS1,INV-000341,SERVICE_PROCUREMENT
1011HG3068809-2585-1-1,MS1,INV-000341,SERVICE_PROCUREMENT
1011HG3068809-2666-2-1,MS1,INV-000341,SERVICE_PROCUREMENT
1011HG3068809-2737-1-1,MS1,INV-000341,SERVICE_PROCUREMENT
1011HG3068810-965-2-1,MS1,INV-000341,SERVICE_PROCUREMENT
1011HG3068809-2818-1-1,MS1,INV-000341,SERVICE_PROCUREMENT
1011HG3068809-2819-1-1,MS1,INV-000341,SERVICE_PROCUREMENT
1011HG3068809-2820-1-1,MS1,INV-000341,SERVICE_PROCUREMENT
1011HG3068809-2821-1-1,MS1,INV-000341,SERVICE_PROCUREMENT
1011HG3167911-394-1-1,MS1,INV-000341,SERVICE_PROCUREMENT
1011HG3068810-1008-1-1,MS1,INV-000341,SERVICE_PROCUREMENT
1011HG3068810-1008-2-1,MS1,INV-000341,SERVICE_PROCUREMENT
1011HG3068809-2960-1-1,MS1,INV-000341,SERVICE_PROCUREMENT
1011HG3068809-2960-2-1,MS1,INV-000341,SERVICE_PROCUREMENT
1011HG3167911-488-1-1,MS1,INV-000341,SERVICE_PROCUREMENT
1011HG3167911-489-1-1,MS1,INV-000341,SERVICE_PROCUREMENT
1011HG3167911-490-1-1,MS1,INV-000341,SERVICE_PROCUREMENT
1011HG3167911-491-1-1,MS1,INV-000341,SERVICE_PROCUREMENT
1011HG3167911-537-1-1,MS1,INV-000341,SERVICE_PROCUREMENT
1011HG3068809-3014-1-1,MS1,INV-000341,SERVICE_PROCUREMENT
1011HG3068809-3084-1-1,MS1,INV-000341,SERVICE_PROCUREMENT
1011HG3068809-3084-3-1,MS1,INV-000341,SERVICE_PROCUREMENT
1011HG3167911-698-1-1,MS1,INV-000341,SERVICE_PROCUREMENT
1011HG3167911-698-2-1,MS1,INV-000341,SERVICE_PROCUREMENT
1011HG3167911-698-3-1,MS1,INV-000341,SERVICE_PROCUREMENT
1011HG3167911-698-4-1,MS1,INV-000341,SERVICE_PROCUREMENT
1011HG3167911-698-5-1,MS1,INV-000341,SERVICE_PROCUREMENT
1011HG3167911-698-6-1,MS1,INV-000341,SERVICE_PROCUREMENT
1011HG3167911-705-1-1,MS1,INV-000341,SERVICE_PROCUREMENT
1011HG3167911-705-2-1,MS1,INV-000341,SERVICE_PROCUREMENT
1011HG3167911-705-3-1,MS1,INV-000341,SERVICE_PROCUREMENT
1011HG3167911-705-4-1,MS1,INV-000341,SERVICE_PROCUREMENT
1011HG3167911-705-5-1,MS1,INV-000341,SERVICE_PROCUREMENT
1011HG3167911-705-6-1,MS1,INV-000341,SERVICE_PROCUREMENT
1011HG3167911-751-1-1,MS1,INV-000341,SERVICE_PROCUREMENT
1011HG3167911-757-1-1,MS1,INV-000341,SERVICE_PROCUREMENT
1011HG3068809-3299-1-1,MS1,INV-000341,SERVICE_PROCUREMENT
1011HG3068809-3299-2-1,MS1,INV-000341,SERVICE_PROCUREMENT
1011HG3068809-3301-2-1,MS1,INV-000341,SERVICE_PROCUREMENT
1011HG3068809-3301-3-1,MS1,INV-000341,SERVICE_PROCUREMENT
1011HG3068809-3301-5-1,MS1,INV-000341,SERVICE_PROCUREMENT
1011HG3068809-3303-1-1,MS1,INV-000341,SERVICE_PROCUREMENT
1011HG3068809-3303-2-1,MS1,INV-000341,SERVICE_PROCUREMENT
1011HG3068809-3303-4-1,MS1,INV-000341,SERVICE_PROCUREMENT
1011HG3068809-3310-1-1,MS1,INV-000341,SERVICE_PROCUREMENT
1011HG3068809-3310-2-1,MS1,INV-000341,SERVICE_PROCUREMENT
1011HG3068809-3324-1-1,MS1,INV-000341,SERVICE_PROCUREMENT
1011HG3068809-3324-2-1,MS1,INV-000341,SERVICE_PROCUREMENT
1011HG3068809-3325-1-1,MS1,INV-000341,SERVICE_PROCUREMENT
1011HG3068809-3326-1-1,MS1,INV-000341,SERVICE_PROCUREMENT
1011HG3068809-3330-2-1,MS1,INV-000341,SERVICE_PROCUREMENT
1011HG3068809-3330-3-1,MS1,INV-000341,SERVICE_PROCUREMENT
1011HG3068809-3330-4-1,MS1,INV-000341,SERVICE_PROCUREMENT
1011HG3068809-3331-1-1,MS1,INV-000341,SERVICE_PROCUREMENT
1011HG3068809-3331-5-1,MS1,INV-000341,SERVICE_PROCUREMENT
1011HG3068809-3331-6-1,MS1,INV-000341,SERVICE_PROCUREMENT
1011HG3167911-814-1-1,MS1,INV-000341,SERVICE_PROCUREMENT
1011HG3167911-814-2-1,MS1,INV-000341,SERVICE_PROCUREMENT
1011HG3167911-814-4-1,MS1,INV-000341,SERVICE_PROCUREMENT
1011HG3068809-3351-1-1,MS1,INV-000341,SERVICE_PROCUREMENT
1011HG3167911-856-1-1,MS1,INV-000341,SERVICE_PROCUREMENT
1011HG3167911-857-1-1,MS1,INV-000341,SERVICE_PROCUREMENT
1011HG3068810-1120-1-1,MS1,INV-000341,SERVICE_PROCUREMENT
1011HG3068809-3368-1-1,MS1,INV-000341,SERVICE_PROCUREMENT
1011HG3068809-3369-1-1,MS1,INV-000341,SERVICE_PROCUREMENT
1011HG3068809-3370-1-1,MS1,INV-000341,SERVICE_PROCUREMENT
1011HG3068809-3372-1-1,MS1,INV-000341,SERVICE_PROCUREMENT
1011HG3068809-3373-1-1,MS1,INV-000341,SERVICE_PROCUREMENT
1011HG3068809-3491-1-1,MS1,INV-000341,SERVICE_PROCUREMENT
1011HG3068809-3493-1-1,MS1,INV-000341,SERVICE_PROCUREMENT
1011HG3068809-3494-1-1,MS1,INV-000341,SERVICE_PROCUREMENT
1011HG3068809-3495-1-1,MS1,INV-000341,SERVICE_PROCUREMENT
1011HG3068809-3495-2-1,MS1,INV-000341,SERVICE_PROCUREMENT
1011HG3068809-3496-1-1,MS1,INV-000341,SERVICE_PROCUREMENT
1011HG3068809-3500-1-1,MS1,INV-000341,SERVICE_PROCUREMENT
1011HG3068809-3502-1-1,MS1,INV-000341,SERVICE_PROCUREMENT
1011HG3068810-1139-1-1,MS1,INV-000341,SERVICE_PROCUREMENT
1011HG3068809-3506-1-1,MS1,INV-000341,SERVICE_PROCUREMENT
1011HG3068809-3507-1-1,MS1,INV-000341,SERVICE_PROCUREMENT
1011HG3068809-3508-1-1,MS1,INV-000341,SERVICE_PROCUREMENT
1011HG3068809-3509-1-1,MS1,INV-000341,SERVICE_PROCUREMENT
1011HG3068809-3559-1-1,MS1,INV-000341,SERVICE_PROCUREMENT
1011HG3068809-3561-1-1,MS1,INV-000341,SERVICE_PROCUREMENT
1011HG3068809-3560-1-1,MS1,INV-000341,SERVICE_PROCUREMENT
1011HG3068809-3573-1-1,MS1,INV-000341,SERVICE_PROCUREMENT
1011HG3167912-357-1-1,MS1,INV-000342,SERVICE_PROCUREMENT
1011HG3167912-357-2-1,MS1,INV-000342,SERVICE_PROCUREMENT
1011HG3167912-435-1-1,MS1,INV-000342,SERVICE_PROCUREMENT
1011HG3167912-436-1-1,MS1,INV-000342,SERVICE_PROCUREMENT
1011HG3167911-671-1-1,MS1,INV-000342,SERVICE_PROCUREMENT
1011HG3167911-671-2-1,MS1,INV-000342,SERVICE_PROCUREMENT
1011HG3167911-671-3-1,MS1,INV-000342,SERVICE_PROCUREMENT
1011HG3167911-671-4-1,MS1,INV-000342,SERVICE_PROCUREMENT
1011HG3167911-671-5-1,MS1,INV-000342,SERVICE_PROCUREMENT
1011HG3167911-671-6-1,MS1,INV-000342,SERVICE_PROCUREMENT
1011HG3167911-783-1-1,MS1,INV-000342,SERVICE_PROCUREMENT
1011HG3167911-783-2-1,MS1,INV-000342,SERVICE_PROCUREMENT
1011HG3167911-783-3-1,MS1,INV-000342,SERVICE_PROCUREMENT
1011HG3167911-783-4-1,MS1,INV-000342,SERVICE_PROCUREMENT
1011HG3167911-783-5-1,MS1,INV-000342,SERVICE_PROCUREMENT
1011HG3167911-794-1-1,MS1,INV-000342,SERVICE_PROCUREMENT
1011HG3068809-3321-1-1,MS1,INV-000342,SERVICE_PROCUREMENT
1011HG3068809-3321-2-1,MS1,INV-000342,SERVICE_PROCUREMENT
1011HG3068809-3321-3-1,MS1,INV-000342,SERVICE_PROCUREMENT
1011HG3068809-3321-4-1,MS1,INV-000342,SERVICE_PROCUREMENT
1011HG3167911-870-1-1,MS1,INV-000342,SERVICE_PROCUREMENT
1011HG3167911-881-1-1,MS1,INV-000342,SERVICE_PROCUREMENT
1011HG3167911-881-2-1,MS1,INV-000342,SERVICE_PROCUREMENT
1011HG3167911-881-3-1,MS1,INV-000342,SERVICE_PROCUREMENT
1011HG3167911-881-4-1,MS1,INV-000342,SERVICE_PROCUREMENT
1011HG3167911-881-5-1,MS1,INV-000342,SERVICE_PROCUREMENT
1011HG3167911-891-1-1,MS1,INV-000342,SERVICE_PROCUREMENT
1011HG3167911-891-2-1,MS1,INV-000342,SERVICE_PROCUREMENT
1011HG3167911-891-3-1,MS1,INV-000342,SERVICE_PROCUREMENT
1011HG3167911-891-4-1,MS1,INV-000342,SERVICE_PROCUREMENT
1011HG3167911-901-1-1,MS1,INV-000342,SERVICE_PROCUREMENT
1011HG3167911-902-1-1,MS1,INV-000342,SERVICE_PROCUREMENT
1011HG3167911-905-1-1,MS1,INV-000342,SERVICE_PROCUREMENT
1011HG3167911-907-1-1,MS1,INV-000342,SERVICE_PROCUREMENT
1011HG3167911-911-1-1,MS1,INV-000342,SERVICE_PROCUREMENT
1011HG3167911-911-2-1,MS1,INV-000342,SERVICE_PROCUREMENT
1011HG3167911-911-3-1,MS1,INV-000342,SERVICE_PROCUREMENT
1011HG3167911-911-4-1,MS1,INV-000342,SERVICE_PROCUREMENT
1011HG3167911-911-5-1,MS1,INV-000342,SERVICE_PROCUREMENT
1011HG3167911-914-1-1,MS1,INV-000342,SERVICE_PROCUREMENT
1011HG3167911-914-2-1,MS1,INV-000342,SERVICE_PROCUREMENT
1011HG3167911-914-3-1,MS1,INV-000342,SERVICE_PROCUREMENT
1011HG3167911-914-4-1,MS1,INV-000342,SERVICE_PROCUREMENT
1011HG3167911-914-5-1,MS1,INV-000342,SERVICE_PROCUREMENT
1011HG3167911-919-1-1,MS1,INV-000342,SERVICE_PROCUREMENT
1011HG3167911-919-2-1,MS1,INV-000342,SERVICE_PROCUREMENT
1011HG3167911-919-3-1,MS1,INV-000342,SERVICE_PROCUREMENT
1011HG3167911-919-4-1,MS1,INV-000342,SERVICE_PROCUREMENT
1011HG3167911-919-5-1,MS1,INV-000342,SERVICE_PROCUREMENT
1011HG3167911-921-1-1,MS1,INV-000342,SERVICE_PROCUREMENT
1011HG3167911-922-1-1,MS1,INV-000342,SERVICE_PROCUREMENT
1011HG3167911-926-1-1,MS1,INV-000342,SERVICE_PROCUREMENT
1011HG3167911-931-1-1,MS1,INV-000342,SERVICE_PROCUREMENT
1011HG3167911-944-1-1,MS1,INV-000342,SERVICE_PROCUREMENT
1011HG3167911-944-2-1,MS1,INV-000342,SERVICE_PROCUREMENT
1011HG3167911-944-3-1,MS1,INV-000342,SERVICE_PROCUREMENT
1011HG3167911-944-4-1,MS1,INV-000342,SERVICE_PROCUREMENT
1011HG3167911-944-5-1,MS1,INV-000342,SERVICE_PROCUREMENT
1011HG3068809-3492-1-1,MS1,INV-000342,SERVICE_PROCUREMENT
1011HG3167911-958-1-1,MS1,INV-000342,SERVICE_PROCUREMENT
1011HG3167911-959-1-1,MS1,INV-000342,SERVICE_PROCUREMENT
1011HG3167911-965-1-1,MS1,INV-000342,SERVICE_PROCUREMENT
1011HG3167911-965-2-1,MS1,INV-000342,SERVICE_PROCUREMENT
1011HG3167911-965-3-1,MS1,INV-000342,SERVICE_PROCUREMENT
1011HG3167911-965-4-1,MS1,INV-000342,SERVICE_PROCUREMENT
1011HG3167911-965-5-1,MS1,INV-000342,SERVICE_PROCUREMENT
1011HG3167911-975-1-1,MS1,INV-000342,SERVICE_PROCUREMENT
1011HG3167911-985-1-1,MS1,INV-000342,SERVICE_PROCUREMENT
1011HG3068810-263-1-1,MS1,INV-000345,SERVICE_PROCUREMENT
1011HG3068809-2115-2-1,MS1,INV-000345,SERVICE_PROCUREMENT
1011HG3068809-2306-3-1,MS1,INV-000345,SERVICE_PROCUREMENT
1011HG3068809-2307-1-1,MS1,INV-000345,SERVICE_PROCUREMENT
1011HG3068809-2307-3-1,MS1,INV-000345,SERVICE_PROCUREMENT
1011HG3068809-2307-4-1,MS1,INV-000345,SERVICE_PROCUREMENT
1011HG3068809-2310-1-1,MS1,INV-000345,SERVICE_PROCUREMENT
1011HG3068809-2310-2-1,MS1,INV-000345,SERVICE_PROCUREMENT
1011HG3068809-2310-3-1,MS1,INV-000345,SERVICE_PROCUREMENT
1011HG3068809-2310-5-1,MS1,INV-000345,SERVICE_PROCUREMENT
1011HG3068810-850-2-1,MS1,INV-000345,SERVICE_PROCUREMENT
1011HG3068810-850-3-1,MS1,INV-000345,SERVICE_PROCUREMENT
1011HG3068810-850-4-1,MS1,INV-000345,SERVICE_PROCUREMENT
1011HG3068810-850-5-1,MS1,INV-000345,SERVICE_PROCUREMENT
1011HG3068810-851-2-1,MS1,INV-000345,SERVICE_PROCUREMENT
1011HG3068809-2495-1-1,MS1,INV-000345,SERVICE_PROCUREMENT
1011HG3068810-916-2-1,MS1,INV-000345,SERVICE_PROCUREMENT
1011HG3167912-348-1-1,MS1,INV-000345,SERVICE_PROCUREMENT
1011HG3068809-2854-1-1,MS1,INV-000345,SERVICE_PROCUREMENT
1011HG3068809-2972-1-1,MS1,INV-000345,SERVICE_PROCUREMENT
1011HG3068809-2973-1-1,MS1,INV-000345,SERVICE_PROCUREMENT
1011HG3068809-2988-1-1,MS1,INV-000345,SERVICE_PROCUREMENT
1011HG3068809-2996-1-1,MS1,INV-000345,SERVICE_PROCUREMENT
1011HG3068809-3052-3-1,MS1,INV-000345,SERVICE_PROCUREMENT
1011HG3068810-1083-1-1,MS1,INV-000345,SERVICE_PROCUREMENT
1011HG3068809-3387-1-1,MS1,INV-000345,SERVICE_PROCUREMENT
1011HG3068809-3387-2-1,MS1,INV-000345,SERVICE_PROCUREMENT
1011HG3068809-3391-1-1,MS1,INV-000345,SERVICE_PROCUREMENT
1011HG3068809-3393-1-1,MS1,INV-000345,SERVICE_PROCUREMENT
1011HG3068810-1124-1-1,MS1,INV-000345,SERVICE_PROCUREMENT
1011HG3068809-3418-1-1,MS1,INV-000345,SERVICE_PROCUREMENT
1011HG3167911-925-1-1,MS1,INV-000345,SERVICE_PROCUREMENT
1011HG3167911-925-2-1,MS1,INV-000345,SERVICE_PROCUREMENT
1011HG3167911-925-3-1,MS1,INV-000345,SERVICE_PROCUREMENT
1011HG3167911-925-4-1,MS1,INV-000345,SERVICE_PROCUREMENT
1011HG3167911-947-1-1,MS1,INV-000345,SERVICE_PROCUREMENT
1011HG3068809-3473-1-1,MS1,INV-000345,SERVICE_PROCUREMENT
1011HG3068809-3473-2-1,MS1,INV-000345,SERVICE_PROCUREMENT
1011HG3068809-3474-2-1,MS1,INV-000345,SERVICE_PROCUREMENT
1011HG3068809-3474-3-1,MS1,INV-000345,SERVICE_PROCUREMENT
1011HG3068809-3474-4-1,MS1,INV-000345,SERVICE_PROCUREMENT
1011HG3068809-3474-5-1,MS1,INV-000345,SERVICE_PROCUREMENT
1011HG3167911-954-1-1,MS1,INV-000345,SERVICE_PROCUREMENT
1011HG3167911-954-2-1,MS1,INV-000345,SERVICE_PROCUREMENT
1011HG3167911-954-3-1,MS1,INV-000345,SERVICE_PROCUREMENT
1011HG3167911-954-4-1,MS1,INV-000345,SERVICE_PROCUREMENT
1011HG3167911-954-5-1,MS1,INV-000345,SERVICE_PROCUREMENT
1011HG3068809-3486-1-1,MS1,INV-000345,SERVICE_PROCUREMENT
1011HG3068809-3486-2-1,MS1,INV-000345,SERVICE_PROCUREMENT
1011HG3068809-3486-3-1,MS1,INV-000345,SERVICE_PROCUREMENT
1011HG3068809-3486-4-1,MS1,INV-000345,SERVICE_PROCUREMENT
1011HG3068809-3487-1-1,MS1,INV-000345,SERVICE_PROCUREMENT
1011HG3068809-3487-2-1,MS1,INV-000345,SERVICE_PROCUREMENT
1011HG3068809-3487-3-1,MS1,INV-000345,SERVICE_PROCUREMENT
1011HG3167911-962-1-1,MS1,INV-000345,SERVICE_PROCUREMENT
1011HG3167911-963-1-1,MS1,INV-000345,SERVICE_PROCUREMENT
1011HG3167911-963-2-1,MS1,INV-000345,SERVICE_PROCUREMENT
1011HG3167911-963-3-1,MS1,INV-000345,SERVICE_PROCUREMENT
1011HG3167911-963-4-1,MS1,INV-000345,SERVICE_PROCUREMENT
1011HG3167911-963-5-1,MS1,INV-000345,SERVICE_PROCUREMENT
1011HG3167911-966-1-1,MS1,INV-000345,SERVICE_PROCUREMENT
1011HG3068809-3516-1-1,MS1,INV-000345,SERVICE_PROCUREMENT
1011HG3068809-3516-2-1,MS1,INV-000345,SERVICE_PROCUREMENT
1011HG3068809-3518-1-1,MS1,INV-000345,SERVICE_PROCUREMENT
1011HG3068809-3518-2-1,MS1,INV-000345,SERVICE_PROCUREMENT
1011HG3068809-3519-1-1,MS1,INV-000345,SERVICE_PROCUREMENT
1011HG3068809-3519-2-1,MS1,INV-000345,SERVICE_PROCUREMENT
1011HG3068809-3532-1-1,MS1,INV-000345,SERVICE_PROCUREMENT
1011HG3068809-3534-1-1,MS1,INV-000345,SERVICE_PROCUREMENT
1011HG3068809-3534-2-1,MS1,INV-000345,SERVICE_PROCUREMENT
1011HG3068809-3534-3-1,MS1,INV-000345,SERVICE_PROCUREMENT
1011HG3068809-3535-1-1,MS1,INV-000345,SERVICE_PROCUREMENT
1011HG3068809-3535-2-1,MS1,INV-000345,SERVICE_PROCUREMENT
1011HG3068809-3535-3-1,MS1,INV-000345,SERVICE_PROCUREMENT
1011HG3068809-3536-1-1,MS1,INV-000345,SERVICE_PROCUREMENT
1011HG3068809-3536-2-1,MS1,INV-000345,SERVICE_PROCUREMENT
1011HG3068809-3536-3-1,MS1,INV-000345,SERVICE_PROCUREMENT
1011HG3068809-3537-1-1,MS1,INV-000345,SERVICE_PROCUREMENT
1011HG3068809-3537-2-1,MS1,INV-000345,SERVICE_PROCUREMENT
1011HG3068809-3537-3-1,MS1,INV-000345,SERVICE_PROCUREMENT
1011HG3068809-3538-1-1,MS1,INV-000345,SERVICE_PROCUREMENT
1011HG3068809-3539-1-1,MS1,INV-000345,SERVICE_PROCUREMENT
1011HG3068809-3540-1-1,MS1,INV-000345,SERVICE_PROCUREMENT
1011HG3068809-3541-1-1,MS1,INV-000345,SERVICE_PROCUREMENT
1011HG3167911-988-1-1,MS1,INV-000345,SERVICE_PROCUREMENT
1011HG3068809-3566-1-1,MS1,INV-000345,SERVICE_PROCUREMENT
1011HG3068809-3567-1-1,MS1,INV-000345,SERVICE_PROCUREMENT
1011HG3167911-992-1-1,MS1,INV-000345,SERVICE_PROCUREMENT
1011HG3167911-992-2-1,MS1,INV-000345,SERVICE_PROCUREMENT
1011HG3167911-992-3-1,MS1,INV-000345,SERVICE_PROCUREMENT
1011HG3167911-992-4-1,MS1,INV-000345,SERVICE_PROCUREMENT
1011HG3068809-3650-1-1,MS1,INV-000345,SERVICE_PROCUREMENT
1011HG3068809-1045-1-1,MS1,INV-000346,SERVICE_PROCUREMENT
1011HG3068809-1046-1-1,MS1,INV-000346,SERVICE_PROCUREMENT
1011HG3167912-175-1-1,MS2,INV-000346,SERVICE_PROCUREMENT
1011HG3167911-136-1-1,MS1,INV-000346,SERVICE_PROCUREMENT
1011HG3167911-136-4-1,MS1,INV-000346,SERVICE_PROCUREMENT
1011HG3167911-136-5-1,MS1,INV-000346,SERVICE_PROCUREMENT
1011HG3068809-2133-2-1,MS1,INV-000346,SERVICE_PROCUREMENT
1011HG3068809-2134-2-1,MS1,INV-000346,SERVICE_PROCUREMENT
1011HG3068809-2159-1-1,MS1,INV-000346,SERVICE_PROCUREMENT
1011HG3068809-2160-1-1,MS1,INV-000346,SERVICE_PROCUREMENT
1011HG3068810-797-1-1,MS1,INV-000346,SERVICE_PROCUREMENT
1011HG3068809-2226-3-1,MS1,INV-000346,SERVICE_PROCUREMENT
1011HG3068809-2227-2-1,MS1,INV-000346,SERVICE_PROCUREMENT
1011HG3068810-798-2-1,MS1,INV-000346,SERVICE_PROCUREMENT
1011HG3068810-803-3-1,MS1,INV-000346,SERVICE_PROCUREMENT
1011HG3068809-2228-3-1,MS1,INV-000346,SERVICE_PROCUREMENT
1011HG3068809-2229-2-1,MS1,INV-000346,SERVICE_PROCUREMENT
1011HG3068809-2230-2-1,MS1,INV-000346,SERVICE_PROCUREMENT
1011HG3167911-158-1-1,MS1,INV-000346,SERVICE_PROCUREMENT
1011HG3167911-158-2-1,MS1,INV-000346,SERVICE_PROCUREMENT
1011HG3167911-158-3-1,MS1,INV-000346,SERVICE_PROCUREMENT
1011HG3167912-324-1-1,MS2,INV-000346,SERVICE_PROCUREMENT
1011HG3167911-264-1-1,MS2,INV-000346,SERVICE_PROCUREMENT
1011HG3167911-266-1-1,MS2,INV-000346,SERVICE_PROCUREMENT
1011HG3068809-2670-1-1,MS1,INV-000346,SERVICE_PROCUREMENT
1011HG3068810-966-1-1,MS1,INV-000346,SERVICE_PROCUREMENT
1011HG3068810-967-3-1,MS1,INV-000346,SERVICE_PROCUREMENT
1011HG3068809-3232-1-1,MS1,INV-000346,SERVICE_PROCUREMENT
1011HG3068809-3232-5-1,MS1,INV-000346,SERVICE_PROCUREMENT
1011HG3068809-3333-1-1,MS1,INV-000346,SERVICE_PROCUREMENT
1011HG3068810-1115-1-1,MS1,INV-000346,SERVICE_PROCUREMENT
1011HG3068810-1115-4-1,MS1,INV-000346,SERVICE_PROCUREMENT
1011HG3167911-950-1-1,MS1,INV-000346,SERVICE_PROCUREMENT
1011HG3167911-951-1-1,MS1,INV-000346,SERVICE_PROCUREMENT
1011HG3068809-3514-1-1,MS1,INV-000346,SERVICE_PROCUREMENT
1011HG3068809-3515-1-1,MS1,INV-000346,SERVICE_PROCUREMENT
1011HG3068810-1141-1-1,MS1,INV-000346,SERVICE_PROCUREMENT
1011HG3068809-3591-1-1,MS1,INV-000346,SERVICE_PROCUREMENT
1011HG3068810-1158-1-1,MS1,INV-000346,SERVICE_PROCUREMENT
1011HG3068809-3593-1-1,MS1,INV-000346,SERVICE_PROCUREMENT
1011HG3068810-1167-1-1,MS1,INV-000346,SERVICE_PROCUREMENT
1011HG3167911-1045-1-1,MS1,INV-000346,SERVICE_PROCUREMENT
1011HG3167912-104-1-1,MS1,INV-000347,SERVICE_PROCUREMENT
1011HG3167912-104-2-1,MS1,INV-000347,SERVICE_PROCUREMENT
1011HG3167912-104-3-1,MS1,INV-000347,SERVICE_PROCUREMENT
1011HG3167912-104-4-1,MS1,INV-000347,SERVICE_PROCUREMENT
1011HG3167912-104-5-1,MS1,INV-000347,SERVICE_PROCUREMENT
1011HG3167912-104-6-1,MS1,INV-000347,SERVICE_PROCUREMENT
1011HG3167911-148-1-1,MS1,INV-000347,SERVICE_PROCUREMENT
1011HG3068809-2309-2-1,MS1,INV-000347,SERVICE_PROCUREMENT
1011HG3068809-2309-4-1,MS1,INV-000347,SERVICE_PROCUREMENT
1011HG3068809-2309-6-1,MS1,INV-000347,SERVICE_PROCUREMENT
1011HG3068809-2309-7-1,MS1,INV-000347,SERVICE_PROCUREMENT
1011HG3068809-2866-2-1,MS1,INV-000347,SERVICE_PROCUREMENT
1011HG3068809-2866-3-1,MS1,INV-000347,SERVICE_PROCUREMENT
1011HG3167911-553-1-1,MS1,INV-000347,SERVICE_PROCUREMENT
1011HG3167911-553-2-1,MS1,INV-000347,SERVICE_PROCUREMENT
1011HG3167911-553-4-1,MS1,INV-000347,SERVICE_PROCUREMENT
1011HG3167911-553-5-1,MS1,INV-000347,SERVICE_PROCUREMENT
1011HG3167911-675-1-1,MS1,INV-000347,SERVICE_PROCUREMENT
1011HG3167911-675-2-1,MS1,INV-000347,SERVICE_PROCUREMENT
1011HG3167911-675-3-1,MS1,INV-000347,SERVICE_PROCUREMENT
1011HG3167911-675-4-1,MS1,INV-000347,SERVICE_PROCUREMENT
1011HG3068809-3392-1-1,MS1,INV-000347,SERVICE_PROCUREMENT
1011HG3068809-3474-1-1,MS1,INV-000347,SERVICE_PROCUREMENT
1011HG3068809-3475-1-1,MS1,INV-000347,SERVICE_PROCUREMENT
1011HG3068809-3475-3-1,MS1,INV-000347,SERVICE_PROCUREMENT
1011HG3068809-3475-4-1,MS1,INV-000347,SERVICE_PROCUREMENT
1011HG3068809-3475-5-1,MS1,INV-000347,SERVICE_PROCUREMENT
1011HG3068809-3476-1-1,MS1,INV-000347,SERVICE_PROCUREMENT
1011HG3167911-955-1-1,MS1,INV-000347,SERVICE_PROCUREMENT
1011HG3068809-3521-1-1,MS1,INV-000347,SERVICE_PROCUREMENT
1011HG3068809-3563-1-1,MS1,INV-000347,SERVICE_PROCUREMENT
1011HG3068809-3564-1-1,MS1,INV-000347,SERVICE_PROCUREMENT
1011HG3068809-3571-1-1,MS1,INV-000347,SERVICE_PROCUREMENT
1011HG3068809-3572-1-1,MS1,INV-000347,SERVICE_PROCUREMENT
1011HG3068809-3647-1-1,MS1,INV-000347,SERVICE_PROCUREMENT
1011HG3068809-3648-1-1,MS1,INV-000347,SERVICE_PROCUREMENT
1011HG3068809-3649-1-1,MS1,INV-000347,SERVICE_PROCUREMENT
1011HG3068810-1172-1-1,MS1,INV-000347,SERVICE_PROCUREMENT
1011HG3068809-3651-1-1,MS1,INV-000347,SERVICE_PROCUREMENT
1011HG3068809-3652-1-1,MS1,INV-000347,SERVICE_PROCUREMENT
1011HG3068809-3653-1-1,MS1,INV-000347,SERVICE_PROCUREMENT
1011HG3167912-153-1-1,MS2,INV-000349,SERVICE_PROCUREMENT
1011HG3167911-96-1-1,MS2,INV-000349,SERVICE_PROCUREMENT
1011HG3068809-2133-1-1,MS1,INV-000349,SERVICE_PROCUREMENT
1011HG3068809-2134-1-1,MS1,INV-000349,SERVICE_PROCUREMENT
1011HG3068809-2307-2-1,MS1,INV-000349,SERVICE_PROCUREMENT
1011HG3068810-850-1-1,MS1,INV-000349,SERVICE_PROCUREMENT
1011HG3068810-850-6-1,MS1,INV-000349,SERVICE_PROCUREMENT
1011HG3167911-262-1-1,MS2,INV-000349,SERVICE_PROCUREMENT
1011HG3167911-263-1-1,MS2,INV-000349,SERVICE_PROCUREMENT
1011HG3167911-265-1-1,MS2,INV-000349,SERVICE_PROCUREMENT
1011HG3167912-351-1-1,MS2,INV-000349,SERVICE_PROCUREMENT
1011HG3167911-288-1-1,MS1,INV-000349,SERVICE_PROCUREMENT
1011HG3068809-2620-1-1,MS1,INV-000349,SERVICE_PROCUREMENT
1011HG3167911-387-1-1,MS1,INV-000349,SERVICE_PROCUREMENT
1011HG3167911-387-2-1,MS1,INV-000349,SERVICE_PROCUREMENT
1011HG3167911-387-3-1,MS1,INV-000349,SERVICE_PROCUREMENT
1011HG3167911-387-4-1,MS1,INV-000349,SERVICE_PROCUREMENT
1011HG3167911-405-1-1,MS1,INV-000349,SERVICE_PROCUREMENT
1011HG3167911-288-2-1,MS1,INV-000349,SERVICE_PROCUREMENT
1011HG3167911-509-1-1,MS2,INV-000349,SERVICE_PROCUREMENT
1011HG3167911-582-1-1,MS2,INV-000349,SERVICE_PROCUREMENT
1011HG3068809-3074-2-1,MS1,INV-000349,SERVICE_PROCUREMENT
1011HG3167911-676-1-1,MS1,INV-000349,SERVICE_PROCUREMENT
1011HG3167911-676-2-1,MS1,INV-000349,SERVICE_PROCUREMENT
1011HG3167911-677-1-1,MS1,INV-000349,SERVICE_PROCUREMENT
1011HG3167911-694-1-1,MS1,INV-000349,SERVICE_PROCUREMENT
1011HG3167911-701-1-1,MS1,INV-000349,SERVICE_PROCUREMENT
1011HG3167911-701-2-1,MS1,INV-000349,SERVICE_PROCUREMENT
1011HG3167911-701-3-1,MS1,INV-000349,SERVICE_PROCUREMENT
1011HG3167911-701-4-1,MS1,INV-000349,SERVICE_PROCUREMENT
1011HG3167911-701-5-1,MS1,INV-000349,SERVICE_PROCUREMENT
1011HG3167911-701-6-1,MS1,INV-000349,SERVICE_PROCUREMENT
1011HG3167911-709-1-1,MS1,INV-000349,SERVICE_PROCUREMENT
1011HG3167911-709-2-1,MS1,INV-000349,SERVICE_PROCUREMENT
1011HG3167911-709-3-1,MS1,INV-000349,SERVICE_PROCUREMENT
1011HG3167911-709-4-1,MS1,INV-000349,SERVICE_PROCUREMENT
1011HG3167911-709-5-1,MS1,INV-000349,SERVICE_PROCUREMENT
1011HG3167911-709-6-1,MS1,INV-000349,SERVICE_PROCUREMENT
1011HG3068809-3233-3-1,MS1,INV-000349,SERVICE_PROCUREMENT
1011HG3068809-3283-1-1,MS1,INV-000349,SERVICE_PROCUREMENT
1011HG3068809-3283-3-1,MS1,INV-000349,SERVICE_PROCUREMENT
1011HG3167911-803-1-1,MS1,INV-000349,SERVICE_PROCUREMENT
1011HG3167911-803-2-1,MS1,INV-000349,SERVICE_PROCUREMENT
1011HG3167911-803-3-1,MS1,INV-000349,SERVICE_PROCUREMENT
1011HG3167911-803-4-1,MS1,INV-000349,SERVICE_PROCUREMENT
1011HG3167911-803-5-1,MS1,INV-000349,SERVICE_PROCUREMENT
1011HG3167911-803-6-1,MS1,INV-000349,SERVICE_PROCUREMENT
1011HG3068809-3305-1-1,MS1,INV-000349,SERVICE_PROCUREMENT
1011HG3068809-3305-2-1,MS1,INV-000349,SERVICE_PROCUREMENT
1011HG3068809-3312-1-1,MS1,INV-000349,SERVICE_PROCUREMENT
1011HG3068809-3312-2-1,MS1,INV-000349,SERVICE_PROCUREMENT
1011HG3068809-3316-2-1,MS1,INV-000349,SERVICE_PROCUREMENT
1011HG3068809-3323-1-1,MS1,INV-000349,SERVICE_PROCUREMENT
1011HG3068809-3323-2-1,MS1,INV-000349,SERVICE_PROCUREMENT
1011HG3068809-3330-1-1,MS1,INV-000349,SERVICE_PROCUREMENT
1011HG3167911-805-1-1,MS1,INV-000349,SERVICE_PROCUREMENT
1011HG3167911-817-1-1,MS1,INV-000349,SERVICE_PROCUREMENT
1011HG3167911-817-2-1,MS1,INV-000349,SERVICE_PROCUREMENT
1011HG3167911-817-3-1,MS1,INV-000349,SERVICE_PROCUREMENT
1011HG3167911-817-4-1,MS1,INV-000349,SERVICE_PROCUREMENT
1011HG3167911-841-1-1,MS1,INV-000349,SERVICE_PROCUREMENT
1011HG3167911-858-1-1,MS1,INV-000349,SERVICE_PROCUREMENT
1011HG3167911-874-1-1,MS1,INV-000349,SERVICE_PROCUREMENT
1011HG3167911-874-2-1,MS1,INV-000349,SERVICE_PROCUREMENT
1011HG3167911-874-3-1,MS1,INV-000349,SERVICE_PROCUREMENT
1011HG3167911-874-4-1,MS1,INV-000349,SERVICE_PROCUREMENT
1011HG3167911-874-5-1,MS1,INV-000349,SERVICE_PROCUREMENT
1011HG3167911-874-6-1,MS1,INV-000349,SERVICE_PROCUREMENT
1011HG3167911-877-1-1,MS1,INV-000349,SERVICE_PROCUREMENT
1011HG3167911-877-2-1,MS1,INV-000349,SERVICE_PROCUREMENT
1011HG3167911-877-3-1,MS1,INV-000349,SERVICE_PROCUREMENT
1011HG3167911-877-4-1,MS1,INV-000349,SERVICE_PROCUREMENT
1011HG3167911-877-5-1,MS1,INV-000349,SERVICE_PROCUREMENT
1011HG3167911-877-6-1,MS1,INV-000349,SERVICE_PROCUREMENT
1011HG3167911-894-1-1,MS1,INV-000349,SERVICE_PROCUREMENT
1011HG3167911-895-1-1,MS1,INV-000349,SERVICE_PROCUREMENT
1011HG3167911-898-1-1,MS1,INV-000349,SERVICE_PROCUREMENT
1011HG3167911-929-1-1,MS1,INV-000349,SERVICE_PROCUREMENT
1011HG3167911-929-2-1,MS1,INV-000349,SERVICE_PROCUREMENT
1011HG3167911-929-3-1,MS1,INV-000349,SERVICE_PROCUREMENT
1011HG3167911-929-4-1,MS1,INV-000349,SERVICE_PROCUREMENT
1011HG3167911-929-5-1,MS1,INV-000349,SERVICE_PROCUREMENT
1011HG3167911-929-6-1,MS1,INV-000349,SERVICE_PROCUREMENT
1011HG3167911-930-1-1,MS1,INV-000349,SERVICE_PROCUREMENT
1011HG3167911-930-2-1,MS1,INV-000349,SERVICE_PROCUREMENT
1011HG3167911-930-3-1,MS1,INV-000349,SERVICE_PROCUREMENT
1011HG3167911-930-4-1,MS1,INV-000349,SERVICE_PROCUREMENT
1011HG3167911-930-5-1,MS1,INV-000349,SERVICE_PROCUREMENT
1011HG3167911-930-6-1,MS1,INV-000349,SERVICE_PROCUREMENT
1011HG3068809-3498-1-1,MS1,INV-000349,SERVICE_PROCUREMENT
1011HG3167911-956-1-1,MS1,INV-000349,SERVICE_PROCUREMENT
1011HG3167911-957-1-1,MS1,INV-000349,SERVICE_PROCUREMENT
1011HG3068809-3528-1-1,MS1,INV-000349,SERVICE_PROCUREMENT
1011HG3068809-3529-1-1,MS1,INV-000349,SERVICE_PROCUREMENT
1011HG3167911-971-1-1,MS1,INV-000349,SERVICE_PROCUREMENT
1011HG3167911-971-2-1,MS1,INV-000349,SERVICE_PROCUREMENT
1011HG3167911-971-3-1,MS1,INV-000349,SERVICE_PROCUREMENT
1011HG3167911-971-4-1,MS1,INV-000349,SERVICE_PROCUREMENT
1011HG3068810-1152-4-1,MS1,INV-000349,SERVICE_PROCUREMENT
1011HG3068810-1153-2-1,MS1,INV-000349,SERVICE_PROCUREMENT
1011HG3068810-1153-3-1,MS1,INV-000349,SERVICE_PROCUREMENT
1011HG3167911-986-1-1,MS1,INV-000349,SERVICE_PROCUREMENT
1011HG3068809-3568-1-1,MS1,INV-000349,SERVICE_PROCUREMENT
1011HG3167911-1032-1-1,MS1,INV-000349,SERVICE_PROCUREMENT
1011HG3167911-1032-2-1,MS1,INV-000349,SERVICE_PROCUREMENT
1011HG3167911-1032-3-1,MS1,INV-000349,SERVICE_PROCUREMENT
1011HG3167911-1034-1-1,MS1,INV-000349,SERVICE_PROCUREMENT
1011HG3167911-1034-2-1,MS1,INV-000349,SERVICE_PROCUREMENT
1011HG3167911-1034-3-1,MS1,INV-000349,SERVICE_PROCUREMENT
1011HG3167911-1046-1-1,MS1,INV-000349,SERVICE_PROCUREMENT
1011HG3167911-1047-1-1,MS1,INV-000349,SERVICE_PROCUREMENT
1011HG3068809-2309-1-1,MS1,INV-000350,SERVICE_PROCUREMENT
1011HG3068809-2309-5-1,MS1,INV-000350,SERVICE_PROCUREMENT
1011HG3167911-392-1-1,MS1,INV-000350,SERVICE_PROCUREMENT
1011HG3167911-603-1-1,MS1,INV-000350,SERVICE_PROCUREMENT
1011HG3167911-734-1-1,MS1,INV-000350,SERVICE_PROCUREMENT
1011HG3167911-740-1-1,MS1,INV-000350,SERVICE_PROCUREMENT
1011HG3167911-742-1-1,MS1,INV-000350,SERVICE_PROCUREMENT
1011HG3167911-743-1-1,MS1,INV-000350,SERVICE_PROCUREMENT
1011HG3167911-744-1-1,MS1,INV-000350,SERVICE_PROCUREMENT
1011HG3167911-745-1-1,MS1,INV-000350,SERVICE_PROCUREMENT
1011HG3167911-748-1-1,MS1,INV-000350,SERVICE_PROCUREMENT
1011HG3068809-3331-3-1,MS1,INV-000350,SERVICE_PROCUREMENT
1011HG3068809-3331-4-1,MS1,INV-000350,SERVICE_PROCUREMENT
1011HG3068809-3332-3-1,MS1,INV-000350,SERVICE_PROCUREMENT
1011HG3068809-3332-5-1,MS1,INV-000350,SERVICE_PROCUREMENT
1011HG3167911-893-1-1,MS1,INV-000350,SERVICE_PROCUREMENT
1011HG3068809-3475-2-1,MS1,INV-000350,SERVICE_PROCUREMENT
1011HG3068809-3476-2-1,MS1,INV-000350,SERVICE_PROCUREMENT
1011HG3068809-3490-1-1,MS1,INV-000350,SERVICE_PROCUREMENT
1011HG3068809-3489-1-1,MS1,INV-000350,SERVICE_PROCUREMENT
1011HG3068809-3521-2-1,MS1,INV-000350,SERVICE_PROCUREMENT
1011HG3167911-1048-1-1,MS1,INV-000350,SERVICE_PROCUREMENT
1011HG3167911-1050-1-1,MS1,INV-000350,SERVICE_PROCUREMENT
1011HG3167911-1057-1-1,MS1,INV-000350,SERVICE_PROCUREMENT
1011HG3167911-1058-1-1,MS1,INV-000350,SERVICE_PROCUREMENT
1011HG3167912-19-1-1,MS2,INV-000351,SERVICE_PROCUREMENT
1011HG3167912-19-2-1,MS2,INV-000351,SERVICE_PROCUREMENT
1011HG3167912-19-3-1,MS2,INV-000351,SERVICE_PROCUREMENT
1011HG3167912-37-1-1,MS2,INV-000351,SERVICE_PROCUREMENT
1011HG3167912-37-2-1,MS2,INV-000351,SERVICE_PROCUREMENT
1011HG3167912-37-3-1,MS2,INV-000351,SERVICE_PROCUREMENT
1011HG3167912-38-1-1,MS2,INV-000351,SERVICE_PROCUREMENT
1011HG3167912-38-2-1,MS2,INV-000351,SERVICE_PROCUREMENT
1011HG3167912-38-3-1,MS2,INV-000351,SERVICE_PROCUREMENT
1011HG3167912-38-4-1,MS2,INV-000351,SERVICE_PROCUREMENT
1011HG3167912-38-5-1,MS2,INV-000351,SERVICE_PROCUREMENT
1011HG3167912-39-1-1,MS1,INV-000351,SERVICE_PROCUREMENT
1011HG3167912-316-1-1,MS1,INV-000351,SERVICE_PROCUREMENT
1011HG3167912-317-1-1,MS2,INV-000351,SERVICE_PROCUREMENT
1011HG3167912-317-2-1,MS2,INV-000351,SERVICE_PROCUREMENT
1011HG3167912-317-3-1,MS2,INV-000351,SERVICE_PROCUREMENT
1011HG3167912-317-4-1,MS2,INV-000351,SERVICE_PROCUREMENT
1011HG3167912-317-5-1,MS2,INV-000351,SERVICE_PROCUREMENT
1011HG3068810-960-1-1,MS1,INV-000351,SERVICE_PROCUREMENT
1011HG3068810-961-1-1,MS1,INV-000351,SERVICE_PROCUREMENT
1011HG3068810-962-1-1,MS1,INV-000351,SERVICE_PROCUREMENT
1011HG3068809-2774-1-1,MS1,INV-000351,SERVICE_PROCUREMENT
1011HG3068809-2783-1-1,MS1,INV-000351,SERVICE_PROCUREMENT
1011HG3068810-977-3-1,MS1,INV-000351,SERVICE_PROCUREMENT
1011HG3068809-2925-2-1,MS1,INV-000351,SERVICE_PROCUREMENT
1011HG3068809-2932-1-1,MS1,INV-000351,SERVICE_PROCUREMENT
1011HG3068809-2934-1-1,MS1,INV-000351,SERVICE_PROCUREMENT
1011HG3068809-2937-1-1,MS1,INV-000351,SERVICE_PROCUREMENT
1011HG3068809-3047-1-1,MS1,INV-000351,SERVICE_PROCUREMENT
1011HG3068809-3047-3-1,MS1,INV-000351,SERVICE_PROCUREMENT
1011HG3068809-3048-1-1,MS1,INV-000351,SERVICE_PROCUREMENT
1011HG3068809-3048-3-1,MS1,INV-000351,SERVICE_PROCUREMENT
1011HG3068809-3049-2-1,MS1,INV-000351,SERVICE_PROCUREMENT
1011HG3068809-3051-1-1,MS1,INV-000351,SERVICE_PROCUREMENT
1011HG3167911-649-1-1,MS1,INV-000351,SERVICE_PROCUREMENT
1011HG3167911-649-2-1,MS1,INV-000351,SERVICE_PROCUREMENT
1011HG3167911-649-3-1,MS1,INV-000351,SERVICE_PROCUREMENT
1011HG3167911-649-4-1,MS1,INV-000351,SERVICE_PROCUREMENT
1011HG3068809-3152-1-1,MS1,INV-000351,SERVICE_PROCUREMENT
1011HG3068809-3152-2-1,MS1,INV-000351,SERVICE_PROCUREMENT
1011HG3068809-3152-3-1,MS1,INV-000351,SERVICE_PROCUREMENT
1011HG3068810-1074-1-1,MS1,INV-000351,SERVICE_PROCUREMENT
1011HG3068810-1082-1-1,MS1,INV-000351,SERVICE_PROCUREMENT
1011HG3068809-3227-1-1,MS1,INV-000351,SERVICE_PROCUREMENT
1011HG3167911-724-1-1,MS1,INV-000351,SERVICE_PROCUREMENT
1011HG3167911-724-2-1,MS1,INV-000351,SERVICE_PROCUREMENT
1011HG3167911-724-3-1,MS1,INV-000351,SERVICE_PROCUREMENT
1011HG3167911-725-1-1,MS1,INV-000351,SERVICE_PROCUREMENT
1011HG3167911-725-2-1,MS1,INV-000351,SERVICE_PROCUREMENT
1011HG3167911-725-3-1,MS1,INV-000351,SERVICE_PROCUREMENT
1011HG3167911-727-1-1,MS1,INV-000351,SERVICE_PROCUREMENT
1011HG3167911-727-2-1,MS1,INV-000351,SERVICE_PROCUREMENT
1011HG3167911-727-3-1,MS1,INV-000351,SERVICE_PROCUREMENT
1011HG3167911-765-1-1,MS1,INV-000351,SERVICE_PROCUREMENT
1011HG3167911-767-1-1,MS1,INV-000351,SERVICE_PROCUREMENT
1011HG3068810-1093-1-1,MS1,INV-000351,SERVICE_PROCUREMENT
1011HG3068809-3273-1-1,MS1,INV-000351,SERVICE_PROCUREMENT
1011HG3068810-1095-1-1,MS1,INV-000351,SERVICE_PROCUREMENT
1011HG3167911-839-1-1,MS1,INV-000351,SERVICE_PROCUREMENT
1011HG3167911-899-1-1,MS1,INV-000351,SERVICE_PROCUREMENT
1011HG3167911-899-2-1,MS1,INV-000351,SERVICE_PROCUREMENT
1011HG3167911-899-3-1,MS1,INV-000351,SERVICE_PROCUREMENT
1011HG3167911-899-4-1,MS1,INV-000351,SERVICE_PROCUREMENT
1011HG3068809-3427-1-1,MS1,INV-000351,SERVICE_PROCUREMENT
1011HG3068809-3427-3-1,MS1,INV-000351,SERVICE_PROCUREMENT
1011HG3167911-909-1-1,MS1,INV-000351,SERVICE_PROCUREMENT
1011HG3167911-909-2-1,MS1,INV-000351,SERVICE_PROCUREMENT
1011HG3167911-909-3-1,MS1,INV-000351,SERVICE_PROCUREMENT
1011HG3167911-909-4-1,MS1,INV-000351,SERVICE_PROCUREMENT
1011HG3167911-909-5-1,MS1,INV-000351,SERVICE_PROCUREMENT
1011HG3068809-3464-1-1,MS1,INV-000351,SERVICE_PROCUREMENT
1011HG3068809-3470-1-1,MS1,INV-000351,SERVICE_PROCUREMENT
1011HG3068809-3523-1-1,MS1,INV-000351,SERVICE_PROCUREMENT
1011HG3068809-3528-3-1,MS1,INV-000351,SERVICE_PROCUREMENT
1011HG3068809-3528-4-1,MS1,INV-000351,SERVICE_PROCUREMENT
1011HG3068809-3529-3-1,MS1,INV-000351,SERVICE_PROCUREMENT
1011HG3068809-3529-4-1,MS1,INV-000351,SERVICE_PROCUREMENT
1011HG3068809-3530-1-1,MS1,INV-000351,SERVICE_PROCUREMENT
1011HG3068809-3530-3-1,MS1,INV-000351,SERVICE_PROCUREMENT
1011HG3068809-3531-1-1,MS1,INV-000351,SERVICE_PROCUREMENT
1011HG3167911-974-1-1,MS1,INV-000351,SERVICE_PROCUREMENT
1011HG3167911-1027-1-1,MS1,INV-000351,SERVICE_PROCUREMENT
1011HG3068809-3629-1-1,MS1,INV-000351,SERVICE_PROCUREMENT
1011HG3068809-3630-1-1,MS1,INV-000351,SERVICE_PROCUREMENT
1011HG3068809-3631-1-1,MS1,INV-000351,SERVICE_PROCUREMENT
1011HG3068809-3632-1-1,MS1,INV-000351,SERVICE_PROCUREMENT
1011HG3068809-3633-1-1,MS1,INV-000351,SERVICE_PROCUREMENT
1011HG3068809-3634-1-1,MS1,INV-000351,SERVICE_PROCUREMENT
1011HG3068809-3635-1-1,MS1,INV-000351,SERVICE_PROCUREMENT
1011HG3068809-3636-1-1,MS1,INV-000351,SERVICE_PROCUREMENT
1011HG3068809-3637-1-1,MS1,INV-000351,SERVICE_PROCUREMENT
1011HG3068809-3638-1-1,MS1,INV-000351,SERVICE_PROCUREMENT
1011HG3068809-3639-1-1,MS1,INV-000351,SERVICE_PROCUREMENT
1011HG3068809-3640-1-1,MS1,INV-000351,SERVICE_PROCUREMENT
1011HG3068809-3641-1-1,MS1,INV-000351,SERVICE_PROCUREMENT
1011HG3068809-3642-1-1,MS1,INV-000351,SERVICE_PROCUREMENT
1011HG3068809-3643-1-1,MS1,INV-000351,SERVICE_PROCUREMENT
1011HG3068809-3644-1-1,MS1,INV-000351,SERVICE_PROCUREMENT
1011HG3167911-1049-1-1,MS1,INV-000351,SERVICE_PROCUREMENT
1011HG3167911-1056-1-1,MS1,INV-000351,SERVICE_PROCUREMENT
1011HG3068810-595-2-1,MS1,INV-000352,SERVICE_PROCUREMENT
1011HG3068810-596-4-1,MS1,INV-000352,SERVICE_PROCUREMENT
1011HG3068809-1886-1-1,MS1,INV-000352,SERVICE_PROCUREMENT
1011HG3068809-1886-4-1,MS1,INV-000352,SERVICE_PROCUREMENT
1011HG3068809-1889-2-1,MS1,INV-000352,SERVICE_PROCUREMENT
1011HG3068809-1889-5-1,MS1,INV-000352,SERVICE_PROCUREMENT
1011HG3068810-715-3-1,MS1,INV-000352,SERVICE_PROCUREMENT
1011HG3068810-717-3-1,MS1,INV-000352,SERVICE_PROCUREMENT
1011HG3068810-730-4-1,MS1,INV-000352,SERVICE_PROCUREMENT
1011HG3068810-732-2-1,MS1,INV-000352,SERVICE_PROCUREMENT
1011HG3167911-247-1-1,MS2,INV-000352,SERVICE_PROCUREMENT
1011HG3167911-330-2-1,MS1,INV-000352,SERVICE_PROCUREMENT
1011HG3167911-331-1-1,MS2,INV-000352,SERVICE_PROCUREMENT
1011HG3167911-331-2-1,MS2,INV-000352,SERVICE_PROCUREMENT
1011HG3167911-331-3-1,MS2,INV-000352,SERVICE_PROCUREMENT
1011HG3167911-331-4-1,MS2,INV-000352,SERVICE_PROCUREMENT
1011HG3167911-337-1-1,MS2,INV-000352,SERVICE_PROCUREMENT
1011HG3167911-337-2-1,MS2,INV-000352,SERVICE_PROCUREMENT
1011HG3167911-337-3-1,MS2,INV-000352,SERVICE_PROCUREMENT
1011HG3167911-337-4-1,MS2,INV-000352,SERVICE_PROCUREMENT
1011HG3167911-337-5-1,MS2,INV-000352,SERVICE_PROCUREMENT
1011HG3167911-339-1-1,MS1,INV-000352,SERVICE_PROCUREMENT
1011HG3167911-425-1-1,MS2,INV-000352,SERVICE_PROCUREMENT
1011HG3167911-425-2-1,MS2,INV-000352,SERVICE_PROCUREMENT
1011HG3167911-425-3-1,MS2,INV-000352,SERVICE_PROCUREMENT
1011HG3167911-425-4-1,MS2,INV-000352,SERVICE_PROCUREMENT
1011HG3167911-425-5-1,MS2,INV-000352,SERVICE_PROCUREMENT
1011HG3167911-426-1-1,MS1,INV-000352,SERVICE_PROCUREMENT
1011HG3167911-427-1-1,MS1,INV-000352,SERVICE_PROCUREMENT
1011HG3167911-428-1-1,MS2,INV-000352,SERVICE_PROCUREMENT
1011HG3167911-428-2-1,MS2,INV-000352,SERVICE_PROCUREMENT
1011HG3167911-428-3-1,MS2,INV-000352,SERVICE_PROCUREMENT
1011HG3167911-428-4-1,MS2,INV-000352,SERVICE_PROCUREMENT
1011HG3167911-428-5-1,MS2,INV-000352,SERVICE_PROCUREMENT
1011HG3167911-429-1-1,MS2,INV-000352,SERVICE_PROCUREMENT
1011HG3167911-429-2-1,MS2,INV-000352,SERVICE_PROCUREMENT
1011HG3167911-429-3-1,MS2,INV-000352,SERVICE_PROCUREMENT
1011HG3167911-429-4-1,MS2,INV-000352,SERVICE_PROCUREMENT
1011HG3167911-429-5-1,MS2,INV-000352,SERVICE_PROCUREMENT
1011HG3167911-430-1-1,MS1,INV-000352,SERVICE_PROCUREMENT
1011HG3167911-444-1-1,MS2,INV-000352,SERVICE_PROCUREMENT
1011HG3167911-444-2-1,MS2,INV-000352,SERVICE_PROCUREMENT
1011HG3167911-444-3-1,MS2,INV-000352,SERVICE_PROCUREMENT
1011HG3167911-444-4-1,MS2,INV-000352,SERVICE_PROCUREMENT
1011HG3167911-444-5-1,MS2,INV-000352,SERVICE_PROCUREMENT
1011HG3167911-446-1-1,MS1,INV-000352,SERVICE_PROCUREMENT
1011HG3167911-497-1-1,MS1,INV-000352,SERVICE_PROCUREMENT
1011HG3167911-499-1-1,MS2,INV-000352,SERVICE_PROCUREMENT
1011HG3167911-499-2-1,MS2,INV-000352,SERVICE_PROCUREMENT
1011HG3167911-499-3-1,MS2,INV-000352,SERVICE_PROCUREMENT
1011HG3167911-499-4-1,MS2,INV-000352,SERVICE_PROCUREMENT
1011HG3167911-499-5-1,MS2,INV-000352,SERVICE_PROCUREMENT
1011HG3167911-502-1-1,MS1,INV-000352,SERVICE_PROCUREMENT
1011HG3167911-503-1-1,MS2,INV-000352,SERVICE_PROCUREMENT
1011HG3167911-503-2-1,MS2,INV-000352,SERVICE_PROCUREMENT
1011HG3167911-503-3-1,MS2,INV-000352,SERVICE_PROCUREMENT
1011HG3167911-503-4-1,MS2,INV-000352,SERVICE_PROCUREMENT
1011HG3167911-503-5-1,MS2,INV-000352,SERVICE_PROCUREMENT
1011HG3167911-526-1-1,MS1,INV-000352,SERVICE_PROCUREMENT
1011HG3167911-527-1-1,MS2,INV-000352,SERVICE_PROCUREMENT
1011HG3167911-527-2-1,MS2,INV-000352,SERVICE_PROCUREMENT
1011HG3167911-527-3-1,MS2,INV-000352,SERVICE_PROCUREMENT
1011HG3167911-527-4-1,MS2,INV-000352,SERVICE_PROCUREMENT
1011HG3167911-544-1-1,MS1,INV-000352,SERVICE_PROCUREMENT
1011HG3167911-545-1-1,MS2,INV-000352,SERVICE_PROCUREMENT
1011HG3167911-545-2-1,MS2,INV-000352,SERVICE_PROCUREMENT
1011HG3167911-545-3-1,MS2,INV-000352,SERVICE_PROCUREMENT
1011HG3167911-545-4-1,MS2,INV-000352,SERVICE_PROCUREMENT
1011HG3167911-577-1-1,MS2,INV-000352,SERVICE_PROCUREMENT
1011HG3167911-577-2-1,MS2,INV-000352,SERVICE_PROCUREMENT
1011HG3167911-577-3-1,MS2,INV-000352,SERVICE_PROCUREMENT
1011HG3167911-577-4-1,MS2,INV-000352,SERVICE_PROCUREMENT
1011HG3167911-577-5-1,MS2,INV-000352,SERVICE_PROCUREMENT
1011HG3167911-580-1-1,MS1,INV-000352,SERVICE_PROCUREMENT
1011HG3068809-3155-1-1,MS1,INV-000352,SERVICE_PROCUREMENT
1011HG3068809-3155-2-1,MS1,INV-000352,SERVICE_PROCUREMENT
1011HG3167911-661-1-1,MS1,INV-000352,SERVICE_PROCUREMENT
1011HG3167911-663-1-1,MS2,INV-000352,SERVICE_PROCUREMENT
1011HG3167911-663-2-1,MS2,INV-000352,SERVICE_PROCUREMENT
1011HG3167911-663-3-1,MS2,INV-000352,SERVICE_PROCUREMENT
1011HG3167911-774-2-1,MS1,INV-000352,SERVICE_PROCUREMENT
1011HG3068809-3467-1-1,MS1,INV-000352,SERVICE_PROCUREMENT
1011HG3068809-3467-2-1,MS1,INV-000352,SERVICE_PROCUREMENT
1011HG3167911-936-1-1,MS1,INV-000352,SERVICE_PROCUREMENT
1011HG3167911-936-2-1,MS1,INV-000352,SERVICE_PROCUREMENT
1011HG3167911-936-3-1,MS1,INV-000352,SERVICE_PROCUREMENT
1011HG3167911-936-4-1,MS1,INV-000352,SERVICE_PROCUREMENT
1011HG3167911-946-1-1,MS1,INV-000352,SERVICE_PROCUREMENT
1011HG3167911-983-2-1,MS1,INV-000352,SERVICE_PROCUREMENT
1011HG3167911-983-3-1,MS1,INV-000352,SERVICE_PROCUREMENT
1011HG3167911-983-4-1,MS1,INV-000352,SERVICE_PROCUREMENT
1011HG3167911-1029-1-1,MS1,INV-000352,SERVICE_PROCUREMENT
1011HG3068809-3618-1-1,MS1,INV-000352,SERVICE_PROCUREMENT
1011HG3068809-3618-3-1,MS1,INV-000352,SERVICE_PROCUREMENT
1011HG3068809-3619-2-1,MS1,INV-000352,SERVICE_PROCUREMENT
1011HG3167912-20-1-1,MS1,INV-000353,SERVICE_PROCUREMENT
1011HG3167912-21-1-1,MS2,INV-000353,SERVICE_PROCUREMENT
1011HG3068809-1645-3-1,MS1,INV-000353,SERVICE_PROCUREMENT
1011HG3068809-1645-4-1,MS1,INV-000353,SERVICE_PROCUREMENT
1011HG3068809-1969-1-1,MS1,INV-000353,SERVICE_PROCUREMENT
1011HG3167912-213-1-1,MS1,INV-000353,SERVICE_PROCUREMENT
1011HG3167912-214-1-1,MS2,INV-000353,SERVICE_PROCUREMENT
1011HG3167911-137-1-1,MS1,INV-000353,SERVICE_PROCUREMENT
1011HG3167911-138-1-1,MS2,INV-000353,SERVICE_PROCUREMENT
1011HG3167911-138-2-1,MS2,INV-000353,SERVICE_PROCUREMENT
1011HG3167911-138-3-1,MS2,INV-000353,SERVICE_PROCUREMENT
1011HG3167911-138-4-1,MS2,INV-000353,SERVICE_PROCUREMENT
1011HG3167911-138-5-1,MS2,INV-000353,SERVICE_PROCUREMENT
1011HG3068809-2232-3-1,MS1,INV-000353,SERVICE_PROCUREMENT
1011HG3068809-2318-1-1,MS1,INV-000353,SERVICE_PROCUREMENT
1011HG3068809-2336-1-1,MS1,INV-000353,SERVICE_PROCUREMENT
1011HG3167912-306-1-1,MS2,INV-000353,SERVICE_PROCUREMENT
1011HG3167912-307-1-1,MS1,INV-000353,SERVICE_PROCUREMENT
1011HG3167912-322-1-1,MS2,INV-000353,SERVICE_PROCUREMENT
1011HG3167912-323-1-1,MS2,INV-000353,SERVICE_PROCUREMENT
1011HG3068809-2944-1-1,MS1,INV-000353,SERVICE_PROCUREMENT
1011HG3068809-2945-1-1,MS1,INV-000353,SERVICE_PROCUREMENT
1011HG3068809-3021-1-1,MS1,INV-000353,SERVICE_PROCUREMENT
1011HG3068809-3078-1-1,MS1,INV-000353,SERVICE_PROCUREMENT
1011HG3068809-3082-1-1,MS1,INV-000353,SERVICE_PROCUREMENT
1011HG3068809-3090-1-1,MS1,INV-000353,SERVICE_PROCUREMENT
1011HG3068809-3091-1-1,MS1,INV-000353,SERVICE_PROCUREMENT
1011HG3167911-608-2-1,MS1,INV-000353,SERVICE_PROCUREMENT
1011HG3167911-640-1-1,MS1,INV-000353,SERVICE_PROCUREMENT
1011HG3068809-3140-1-1,MS1,INV-000353,SERVICE_PROCUREMENT
1011HG3068810-1068-4-1,MS1,INV-000353,SERVICE_PROCUREMENT
1011HG3068810-1076-1-1,MS1,INV-000353,SERVICE_PROCUREMENT
1011HG3068810-1094-1-1,MS1,INV-000353,SERVICE_PROCUREMENT
1011HG3167911-777-1-1,MS2,INV-000353,SERVICE_PROCUREMENT
1011HG3068809-3292-1-1,MS1,INV-000353,SERVICE_PROCUREMENT
1011HG3068809-3345-1-1,MS1,INV-000353,SERVICE_PROCUREMENT
1011HG3167911-861-1-1,MS1,INV-000353,SERVICE_PROCUREMENT
1011HG3167911-862-1-1,MS1,INV-000353,SERVICE_PROCUREMENT
1011HG3167911-888-1-1,MS1,INV-000353,SERVICE_PROCUREMENT
1011HG3167911-888-2-1,MS1,INV-000353,SERVICE_PROCUREMENT
1011HG3167911-888-3-1,MS1,INV-000353,SERVICE_PROCUREMENT
1011HG3167911-888-4-1,MS1,INV-000353,SERVICE_PROCUREMENT
1011HG3167911-888-5-1,MS1,INV-000353,SERVICE_PROCUREMENT
1011HG3068809-3413-1-1,MS1,INV-000353,SERVICE_PROCUREMENT
1011HG3068809-3414-1-1,MS1,INV-000353,SERVICE_PROCUREMENT
1011HG3068809-3414-2-1,MS1,INV-000353,SERVICE_PROCUREMENT
1011HG3068809-3414-3-1,MS1,INV-000353,SERVICE_PROCUREMENT
1011HG3068809-3429-2-1,MS1,INV-000353,SERVICE_PROCUREMENT
1011HG3068809-3451-1-1,MS1,INV-000353,SERVICE_PROCUREMENT
1011HG3068809-3469-1-1,MS1,INV-000353,SERVICE_PROCUREMENT
1011HG3068809-3472-1-1,MS1,INV-000353,SERVICE_PROCUREMENT
1011HG3068809-3545-1-1,MS1,INV-000353,SERVICE_PROCUREMENT
1011HG3068809-3545-2-1,MS1,INV-000353,SERVICE_PROCUREMENT
1011HG3068809-3545-3-1,MS1,INV-000353,SERVICE_PROCUREMENT
1011HG3068809-3545-4-1,MS1,INV-000353,SERVICE_PROCUREMENT
1011HG3068809-3545-5-1,MS1,INV-000353,SERVICE_PROCUREMENT
1011HG3068809-3570-1-1,MS1,INV-000353,SERVICE_PROCUREMENT
1011HG3068809-3570-2-1,MS1,INV-000353,SERVICE_PROCUREMENT
1011HG3068809-3570-3-1,MS1,INV-000353,SERVICE_PROCUREMENT
1011HG3068809-3574-1-1,MS1,INV-000353,SERVICE_PROCUREMENT
1011HG3068809-3576-1-1,MS1,INV-000353,SERVICE_PROCUREMENT
1011HG3068809-3579-1-1,MS1,INV-000353,SERVICE_PROCUREMENT
1011HG3167911-1026-1-1,MS1,INV-000353,SERVICE_PROCUREMENT
1011HG3068809-3583-1-1,MS1,INV-000353,SERVICE_PROCUREMENT
1011HG3068809-3584-1-1,MS1,INV-000353,SERVICE_PROCUREMENT
1011HG3068809-3585-1-1,MS1,INV-000353,SERVICE_PROCUREMENT
1011HG3068809-3586-1-1,MS1,INV-000353,SERVICE_PROCUREMENT
1011HG3068809-3587-1-1,MS1,INV-000353,SERVICE_PROCUREMENT
1011HG3068809-3588-1-1,MS1,INV-000353,SERVICE_PROCUREMENT
1011HG3068809-3589-1-1,MS1,INV-000353,SERVICE_PROCUREMENT
1011HG3068809-3594-1-1,MS1,INV-000353,SERVICE_PROCUREMENT
1011HG3068809-3594-2-1,MS1,INV-000353,SERVICE_PROCUREMENT
1011HG3068809-3595-1-1,MS1,INV-000353,SERVICE_PROCUREMENT
1011HG3068809-3595-2-1,MS1,INV-000353,SERVICE_PROCUREMENT
1011HG3068809-3596-1-1,MS1,INV-000353,SERVICE_PROCUREMENT
1011HG3068809-3596-2-1,MS1,INV-000353,SERVICE_PROCUREMENT
1011HG3068809-3596-3-1,MS1,INV-000353,SERVICE_PROCUREMENT
1011HG3068809-3597-1-1,MS1,INV-000353,SERVICE_PROCUREMENT
1011HG3068809-3597-2-1,MS1,INV-000353,SERVICE_PROCUREMENT
1011HG3068809-3598-1-1,MS1,INV-000353,SERVICE_PROCUREMENT
1011HG3068809-3598-2-1,MS1,INV-000353,SERVICE_PROCUREMENT
1011HG3068809-3598-3-1,MS1,INV-000353,SERVICE_PROCUREMENT
1011HG3068809-3601-1-1,MS1,INV-000353,SERVICE_PROCUREMENT
1011HG3068809-3602-1-1,MS1,INV-000353,SERVICE_PROCUREMENT
1011HG3068809-3603-1-1,MS1,INV-000353,SERVICE_PROCUREMENT
1011HG3068809-3604-1-1,MS1,INV-000353,SERVICE_PROCUREMENT
1011HG3068809-3606-1-1,MS1,INV-000353,SERVICE_PROCUREMENT
1011HG3068809-3607-1-1,MS1,INV-000353,SERVICE_PROCUREMENT
1011HG3068809-3609-1-1,MS1,INV-000353,SERVICE_PROCUREMENT
1011HG3068809-3624-2-1,MS1,INV-000353,SERVICE_PROCUREMENT
1011HG3068809-3624-3-1,MS1,INV-000353,SERVICE_PROCUREMENT
1011HG3068809-3628-1-1,MS1,INV-000353,SERVICE_PROCUREMENT
1011HG3167911-1055-1-1,MS1,INV-000353,SERVICE_PROCUREMENT
1011HG3167911-205-1-1,MS1,INV-000354,SERVICE_PROCUREMENT
1011HG3167911-206-1-1,MS1,INV-000354,SERVICE_PROCUREMENT
1011HG3167911-207-1-1,MS1,INV-000354,SERVICE_PROCUREMENT
1011HG3167912-280-1-1,MS1,INV-000354,SERVICE_PROCUREMENT
1011HG3167912-282-1-1,MS1,INV-000354,SERVICE_PROCUREMENT
1011HG3167912-283-1-1,MS1,INV-000354,SERVICE_PROCUREMENT
1011HG3167911-212-1-1,MS1,INV-000354,SERVICE_PROCUREMENT
1011HG3167911-217-1-1,MS1,INV-000354,SERVICE_PROCUREMENT
1011HG3167911-218-1-1,MS1,INV-000354,SERVICE_PROCUREMENT
1011HG3167912-285-1-1,MS1,INV-000354,SERVICE_PROCUREMENT
1011HG3167912-288-1-1,MS1,INV-000354,SERVICE_PROCUREMENT
1011HG3167912-289-1-1,MS1,INV-000354,SERVICE_PROCUREMENT
1011HG3167911-312-1-1,MS1,INV-000354,SERVICE_PROCUREMENT
1011HG3167911-314-1-1,MS1,INV-000354,SERVICE_PROCUREMENT
1011HG3167911-313-1-1,MS1,INV-000354,SERVICE_PROCUREMENT
1011HG3167911-315-1-1,MS1,INV-000354,SERVICE_PROCUREMENT
1011HG3167911-316-1-1,MS1,INV-000354,SERVICE_PROCUREMENT
1011HG3167911-343-1-1,MS2,INV-000354,SERVICE_PROCUREMENT
1011HG3167911-343-2-1,MS2,INV-000354,SERVICE_PROCUREMENT
1011HG3068809-2806-1-1,MS1,INV-000354,SERVICE_PROCUREMENT
1011HG3068809-2807-1-1,MS1,INV-000354,SERVICE_PROCUREMENT
1011HG3068809-2808-1-1,MS1,INV-000354,SERVICE_PROCUREMENT
1011HG3068809-2823-2-1,MS1,INV-000354,SERVICE_PROCUREMENT
1011HG3068809-2823-3-1,MS1,INV-000354,SERVICE_PROCUREMENT
1011HG3167911-528-1-1,MS2,INV-000354,SERVICE_PROCUREMENT
1011HG3167911-528-2-1,MS2,INV-000354,SERVICE_PROCUREMENT
1011HG3167911-529-1-1,MS2,INV-000354,SERVICE_PROCUREMENT
1011HG3167911-530-1-1,MS2,INV-000354,SERVICE_PROCUREMENT
1011HG3167911-579-1-1,MS1,INV-000354,SERVICE_PROCUREMENT
1011HG3167911-579-2-1,MS1,INV-000354,SERVICE_PROCUREMENT
1011HG3167911-579-3-1,MS1,INV-000354,SERVICE_PROCUREMENT
1011HG3167911-579-4-1,MS1,INV-000354,SERVICE_PROCUREMENT
1011HG3167911-664-1-1,MS1,INV-000354,SERVICE_PROCUREMENT
1011HG3167911-664-2-1,MS1,INV-000354,SERVICE_PROCUREMENT
1011HG3167911-664-3-1,MS1,INV-000354,SERVICE_PROCUREMENT
1011HG3167911-664-4-1,MS1,INV-000354,SERVICE_PROCUREMENT
1011HG3167911-664-5-1,MS1,INV-000354,SERVICE_PROCUREMENT
1011HG3167911-711-1-1,MS2,INV-000354,SERVICE_PROCUREMENT
1011HG3068809-3214-1-1,MS1,INV-000354,SERVICE_PROCUREMENT
1011HG3068809-3215-1-1,MS1,INV-000354,SERVICE_PROCUREMENT
1011HG3068809-3218-1-1,MS1,INV-000354,SERVICE_PROCUREMENT
1011HG3167911-715-1-1,MS1,INV-000354,SERVICE_PROCUREMENT
1011HG3068809-3235-1-1,MS1,INV-000354,SERVICE_PROCUREMENT
1011HG3068809-3284-2-1,MS1,INV-000354,SERVICE_PROCUREMENT
1011HG3068809-3285-2-1,MS1,INV-000354,SERVICE_PROCUREMENT
1011HG3167911-788-1-1,MS1,INV-000354,SERVICE_PROCUREMENT
1011HG3068809-3301-4-1,MS1,INV-000354,SERVICE_PROCUREMENT
1011HG3068809-3302-1-1,MS1,INV-000354,SERVICE_PROCUREMENT
1011HG3068809-3302-3-1,MS1,INV-000354,SERVICE_PROCUREMENT
1011HG3068809-3302-4-1,MS1,INV-000354,SERVICE_PROCUREMENT
1011HG3068809-3303-3-1,MS1,INV-000354,SERVICE_PROCUREMENT
1011HG3068809-3304-1-1,MS1,INV-000354,SERVICE_PROCUREMENT
1011HG3068809-3304-2-1,MS1,INV-000354,SERVICE_PROCUREMENT
1011HG3068809-3304-3-1,MS1,INV-000354,SERVICE_PROCUREMENT
1011HG3068809-3304-5-1,MS1,INV-000354,SERVICE_PROCUREMENT
1011HG3068809-3312-3-1,MS1,INV-000354,SERVICE_PROCUREMENT
1011HG3068809-3312-4-1,MS1,INV-000354,SERVICE_PROCUREMENT
1011HG3068809-3316-1-1,MS1,INV-000354,SERVICE_PROCUREMENT
1011HG3068809-3331-2-1,MS1,INV-000354,SERVICE_PROCUREMENT
1011HG3167911-812-1-1,MS1,INV-000354,SERVICE_PROCUREMENT
1011HG3167911-812-2-1,MS1,INV-000354,SERVICE_PROCUREMENT
1011HG3167911-812-3-1,MS1,INV-000354,SERVICE_PROCUREMENT
1011HG3167911-812-4-1,MS1,INV-000354,SERVICE_PROCUREMENT
1011HG3068809-3361-1-1,MS1,INV-000354,SERVICE_PROCUREMENT
1011HG3167911-923-1-1,MS1,INV-000354,SERVICE_PROCUREMENT
1011HG3167911-923-2-1,MS1,INV-000354,SERVICE_PROCUREMENT
1011HG3167911-923-3-1,MS1,INV-000354,SERVICE_PROCUREMENT
1011HG3167911-923-4-1,MS1,INV-000354,SERVICE_PROCUREMENT
1011HG3167911-933-1-1,MS1,INV-000354,SERVICE_PROCUREMENT
1011HG3167911-933-3-1,MS1,INV-000354,SERVICE_PROCUREMENT
1011HG3167911-933-4-1,MS1,INV-000354,SERVICE_PROCUREMENT
1011HG3167911-933-5-1,MS1,INV-000354,SERVICE_PROCUREMENT
1011HG3167911-948-1-1,MS1,INV-000354,SERVICE_PROCUREMENT
1011HG3068809-3497-1-1,MS1,INV-000354,SERVICE_PROCUREMENT
1011HG3068809-3501-1-1,MS1,INV-000354,SERVICE_PROCUREMENT
1011HG3068810-1142-1-1,MS1,INV-000354,SERVICE_PROCUREMENT
1011HG3068810-1142-2-1,MS1,INV-000354,SERVICE_PROCUREMENT
1011HG3068809-3520-1-1,MS1,INV-000354,SERVICE_PROCUREMENT
1011HG3068809-3520-2-1,MS1,INV-000354,SERVICE_PROCUREMENT
1011HG3167911-981-1-1,MS1,INV-000354,SERVICE_PROCUREMENT
1011HG3167911-981-2-1,MS1,INV-000354,SERVICE_PROCUREMENT
1011HG3167911-981-3-1,MS1,INV-000354,SERVICE_PROCUREMENT
1011HG3167911-981-4-1,MS1,INV-000354,SERVICE_PROCUREMENT
1011HG3167911-987-1-1,MS1,INV-000354,SERVICE_PROCUREMENT
1011HG3068809-3568-2-1,MS1,INV-000354,SERVICE_PROCUREMENT
1011HG3068809-3698-1-1,MS1,INV-000354,SERVICE_PROCUREMENT
1011HG3068809-3699-1-1,MS1,INV-000354,SERVICE_PROCUREMENT
1011HG3068809-3700-1-1,MS1,INV-000354,SERVICE_PROCUREMENT
1011HG3068809-3701-1-1,MS1,INV-000354,SERVICE_PROCUREMENT
1011HG3068809-3767-1-1,MS1,INV-000354,SERVICE_PROCUREMENT
1011HG3068809-3794-1-1,MS1,INV-000354,SERVICE_PROCUREMENT
1011HG3068810-1221-1-1,MS1,INV-000354,SERVICE_PROCUREMENT
1011HG3068809-3796-2-1,MS1,INV-000354,SERVICE_PROCUREMENT
1011HG3068809-3796-3-1,MS1,INV-000354,SERVICE_PROCUREMENT
1011HG3068809-3796-4-1,MS1,INV-000354,SERVICE_PROCUREMENT
1011HG3068810-1224-1-1,MS1,INV-000354,SERVICE_PROCUREMENT
1011HG3068809-3800-1-1,MS1,INV-000354,SERVICE_PROCUREMENT
1011HG3068809-3806-1-1,MS1,INV-000354,SERVICE_PROCUREMENT
1011HG3068809-3807-1-1,MS1,INV-000354,SERVICE_PROCUREMENT
1011HG3068809-3807-2-1,MS1,INV-000354,SERVICE_PROCUREMENT
1011HG3068809-3807-3-1,MS1,INV-000354,SERVICE_PROCUREMENT
1011HG3167911-95-1-1,MS2,INV-000355,SERVICE_PROCUREMENT
1011HG3167912-198-1-1,MS1,INV-000355,SERVICE_PROCUREMENT
1011HG3167912-202-1-1,MS1,INV-000355,SERVICE_PROCUREMENT
1011HG3167912-202-2-1,MS1,INV-000355,SERVICE_PROCUREMENT
1011HG3167912-202-3-1,MS1,INV-000355,SERVICE_PROCUREMENT
1011HG3167912-242-1-1,MS1,INV-000355,SERVICE_PROCUREMENT
1011HG3167911-181-2-1,MS1,INV-000355,SERVICE_PROCUREMENT
1011HG3167911-182-2-1,MS1,INV-000355,SERVICE_PROCUREMENT
1011HG3167911-183-2-1,MS1,INV-000355,SERVICE_PROCUREMENT
1011HG3167911-184-2-1,MS1,INV-000355,SERVICE_PROCUREMENT
1011HG3167911-468-1-1,MS1,INV-000355,SERVICE_PROCUREMENT
1011HG3167911-468-2-1,MS1,INV-000355,SERVICE_PROCUREMENT
1011HG3167911-468-3-1,MS1,INV-000355,SERVICE_PROCUREMENT
1011HG3167911-468-4-1,MS1,INV-000355,SERVICE_PROCUREMENT
1011HG3167911-500-1-1,MS1,INV-000355,SERVICE_PROCUREMENT
1011HG3167911-501-1-1,MS2,INV-000355,SERVICE_PROCUREMENT
1011HG3167911-501-2-1,MS2,INV-000355,SERVICE_PROCUREMENT
1011HG3167911-501-3-1,MS2,INV-000355,SERVICE_PROCUREMENT
1011HG3167911-501-4-1,MS2,INV-000355,SERVICE_PROCUREMENT
1011HG3167911-501-5-1,MS2,INV-000355,SERVICE_PROCUREMENT
1011HG3167911-553-3-1,MS1,INV-000355,SERVICE_PROCUREMENT
1011HG3068810-1022-2-1,MS1,INV-000355,SERVICE_PROCUREMENT
1011HG3068809-3214-3-1,MS1,INV-000355,SERVICE_PROCUREMENT
1011HG3068809-3215-3-1,MS1,INV-000355,SERVICE_PROCUREMENT
1011HG3068809-3216-2-1,MS1,INV-000355,SERVICE_PROCUREMENT
1011HG3068809-3217-3-1,MS1,INV-000355,SERVICE_PROCUREMENT
1011HG3068809-3234-3-1,MS1,INV-000355,SERVICE_PROCUREMENT
1011HG3068809-3235-3-1,MS1,INV-000355,SERVICE_PROCUREMENT
1011HG3068809-3236-4-1,MS1,INV-000355,SERVICE_PROCUREMENT
1011HG3068809-3261-2-1,MS1,INV-000355,SERVICE_PROCUREMENT
1011HG3167911-771-1-1,MS1,INV-000355,SERVICE_PROCUREMENT
1011HG3068810-1099-2-1,MS1,INV-000355,SERVICE_PROCUREMENT
1011HG3068810-1099-4-1,MS1,INV-000355,SERVICE_PROCUREMENT
1011HG3068809-3284-3-1,MS1,INV-000355,SERVICE_PROCUREMENT
1011HG3068809-3285-3-1,MS1,INV-000355,SERVICE_PROCUREMENT
1011HG3068809-3286-4-1,MS1,INV-000355,SERVICE_PROCUREMENT
1011HG3068809-3287-3-1,MS1,INV-000355,SERVICE_PROCUREMENT
1011HG3068810-1100-3-1,MS1,INV-000355,SERVICE_PROCUREMENT
1011HG3167911-820-1-1,MS1,INV-000355,SERVICE_PROCUREMENT
1011HG3167911-820-2-1,MS1,INV-000355,SERVICE_PROCUREMENT
1011HG3167911-820-3-1,MS1,INV-000355,SERVICE_PROCUREMENT
1011HG3167911-820-4-1,MS1,INV-000355,SERVICE_PROCUREMENT
1011HG3167911-833-1-1,MS1,INV-000355,SERVICE_PROCUREMENT
1011HG3167911-833-2-1,MS1,INV-000355,SERVICE_PROCUREMENT
1011HG3167911-833-3-1,MS1,INV-000355,SERVICE_PROCUREMENT
1011HG3167911-833-4-1,MS1,INV-000355,SERVICE_PROCUREMENT
1011HG3167911-941-1-1,MS1,INV-000355,SERVICE_PROCUREMENT
1011HG3167911-941-2-1,MS1,INV-000355,SERVICE_PROCUREMENT
1011HG3167911-941-3-1,MS1,INV-000355,SERVICE_PROCUREMENT
1011HG3167911-941-4-1,MS1,INV-000355,SERVICE_PROCUREMENT
1011HG3167911-943-1-1,MS1,INV-000355,SERVICE_PROCUREMENT
1011HG3167911-943-2-1,MS1,INV-000355,SERVICE_PROCUREMENT
1011HG3167911-943-3-1,MS1,INV-000355,SERVICE_PROCUREMENT
1011HG3167911-943-4-1,MS1,INV-000355,SERVICE_PROCUREMENT
1011HG3167911-952-1-1,MS1,INV-000355,SERVICE_PROCUREMENT
1011HG3167911-952-2-1,MS1,INV-000355,SERVICE_PROCUREMENT
1011HG3167911-952-3-1,MS1,INV-000355,SERVICE_PROCUREMENT
1011HG3167911-952-4-1,MS1,INV-000355,SERVICE_PROCUREMENT
1011HG3167911-952-5-1,MS1,INV-000355,SERVICE_PROCUREMENT
1011HG3167911-952-6-1,MS1,INV-000355,SERVICE_PROCUREMENT
1011HG3167911-967-1-1,MS1,INV-000355,SERVICE_PROCUREMENT
1011HG3068809-3313-1-1,MS1,INV-000356,SERVICE_PROCUREMENT
1011HG3068809-3313-2-1,MS1,INV-000356,SERVICE_PROCUREMENT
1011HG3068809-3332-1-1,MS1,INV-000356,SERVICE_PROCUREMENT
1011HG3068809-3332-2-1,MS1,INV-000356,SERVICE_PROCUREMENT
1011HG3068809-3503-1-1,MS1,INV-000356,SERVICE_PROCUREMENT
1011HG3068809-3522-1-1,MS1,INV-000356,SERVICE_PROCUREMENT
1011HG3068809-3654-1-1,MS1,INV-000356,SERVICE_PROCUREMENT
1011HG3068809-3655-1-1,MS1,INV-000356,SERVICE_PROCUREMENT
1011HG3068809-3656-1-1,MS1,INV-000356,SERVICE_PROCUREMENT
1011HG3068809-3656-2-1,MS1,INV-000356,SERVICE_PROCUREMENT
1011HG3068809-3683-1-1,MS1,INV-000356,SERVICE_PROCUREMENT
1011HG3068809-3688-1-1,MS1,INV-000356,SERVICE_PROCUREMENT
1011HG3068809-3783-1-1,MS1,INV-000356,SERVICE_PROCUREMENT
1011HG3068809-3783-2-1,MS1,INV-000356,SERVICE_PROCUREMENT
1011HG3068809-3783-3-1,MS1,INV-000356,SERVICE_PROCUREMENT
1011HG3068809-3829-1-1,MS1,INV-000356,SERVICE_PROCUREMENT
1011HG3068809-3830-1-1,MS1,INV-000356,SERVICE_PROCUREMENT
1011HG3068809-2133-3-1,MS1,INV-000357,SERVICE_PROCUREMENT
1011HG3068809-2134-3-1,MS1,INV-000357,SERVICE_PROCUREMENT
1011HG3167911-309-2-1,MS1,INV-000357,SERVICE_PROCUREMENT
1011HG3068810-966-5-1,MS1,INV-000357,SERVICE_PROCUREMENT
1011HG3068809-2977-1-1,MS1,INV-000357,SERVICE_PROCUREMENT
1011HG3068809-2978-1-1,MS1,INV-000357,SERVICE_PROCUREMENT
1011HG3068810-1020-1-1,MS1,INV-000357,SERVICE_PROCUREMENT
1011HG3068810-1020-2-1,MS1,INV-000357,SERVICE_PROCUREMENT
1011HG3167911-648-1-1,MS1,INV-000357,SERVICE_PROCUREMENT
1011HG3167911-706-1-1,MS1,INV-000357,SERVICE_PROCUREMENT
1011HG3167911-706-2-1,MS1,INV-000357,SERVICE_PROCUREMENT
1011HG3167911-706-3-1,MS1,INV-000357,SERVICE_PROCUREMENT
1011HG3167911-706-4-1,MS1,INV-000357,SERVICE_PROCUREMENT
1011HG3167911-706-5-1,MS1,INV-000357,SERVICE_PROCUREMENT
1011HG3167911-706-6-1,MS1,INV-000357,SERVICE_PROCUREMENT
1011HG3167911-708-1-1,MS1,INV-000357,SERVICE_PROCUREMENT
1011HG3167911-708-2-1,MS1,INV-000357,SERVICE_PROCUREMENT
1011HG3167911-708-3-1,MS1,INV-000357,SERVICE_PROCUREMENT
1011HG3167911-708-4-1,MS1,INV-000357,SERVICE_PROCUREMENT
1011HG3167911-708-5-1,MS1,INV-000357,SERVICE_PROCUREMENT
1011HG3167911-708-6-1,MS1,INV-000357,SERVICE_PROCUREMENT
1011HG3068810-1072-1-1,MS1,INV-000357,SERVICE_PROCUREMENT
1011HG3167911-717-1-1,MS1,INV-000357,SERVICE_PROCUREMENT
1011HG3167911-717-2-1,MS1,INV-000357,SERVICE_PROCUREMENT
1011HG3167911-717-3-1,MS1,INV-000357,SERVICE_PROCUREMENT
1011HG3167911-717-4-1,MS1,INV-000357,SERVICE_PROCUREMENT
1011HG3167911-717-5-1,MS1,INV-000357,SERVICE_PROCUREMENT
1011HG3167911-717-6-1,MS1,INV-000357,SERVICE_PROCUREMENT
1011HG3167911-718-1-1,MS1,INV-000357,SERVICE_PROCUREMENT
1011HG3167911-718-2-1,MS1,INV-000357,SERVICE_PROCUREMENT
1011HG3167911-718-3-1,MS1,INV-000357,SERVICE_PROCUREMENT
1011HG3167911-718-4-1,MS1,INV-000357,SERVICE_PROCUREMENT
1011HG3167911-718-5-1,MS1,INV-000357,SERVICE_PROCUREMENT
1011HG3167911-718-6-1,MS1,INV-000357,SERVICE_PROCUREMENT
1011HG3167911-800-1-1,MS1,INV-000357,SERVICE_PROCUREMENT
1011HG3167911-800-2-1,MS1,INV-000357,SERVICE_PROCUREMENT
1011HG3167911-800-3-1,MS1,INV-000357,SERVICE_PROCUREMENT
1011HG3167911-800-4-1,MS1,INV-000357,SERVICE_PROCUREMENT
1011HG3167911-800-5-1,MS1,INV-000357,SERVICE_PROCUREMENT
1011HG3167911-800-6-1,MS1,INV-000357,SERVICE_PROCUREMENT
1011HG3167911-827-1-1,MS1,INV-000357,SERVICE_PROCUREMENT
1011HG3167911-828-1-1,MS1,INV-000357,SERVICE_PROCUREMENT
1011HG3167911-829-1-1,MS1,INV-000357,SERVICE_PROCUREMENT
1011HG3167911-838-1-1,MS1,INV-000357,SERVICE_PROCUREMENT
1011HG3068810-1113-2-1,MS1,INV-000357,SERVICE_PROCUREMENT
1011HG3068810-1113-3-1,MS1,INV-000357,SERVICE_PROCUREMENT
1011HG3167911-840-1-1,MS1,INV-000357,SERVICE_PROCUREMENT
1011HG3167911-1110-1-1,MS1,INV-000357,SERVICE_PROCUREMENT
1011HG3068809-1071-1-1,MS1,INV-000358,SERVICE_PROCUREMENT
1011HG3068810-437-1-1,MS1,INV-000358,SERVICE_PROCUREMENT
1011HG3068810-438-1-1,MS1,INV-000358,SERVICE_PROCUREMENT
1011HG3068809-1078-1-1,MS1,INV-000358,SERVICE_PROCUREMENT
1011HG3068809-1079-1-1,MS1,INV-000358,SERVICE_PROCUREMENT
1011HG3068810-441-1-1,MS1,INV-000358,SERVICE_PROCUREMENT
1011HG3068810-442-1-1,MS1,INV-000358,SERVICE_PROCUREMENT
1011HG3068809-1086-1-1,MS1,INV-000358,SERVICE_PROCUREMENT
1011HG3068810-552-1-1,MS1,INV-000358,SERVICE_PROCUREMENT
1011HG3068810-553-2-1,MS1,INV-000358,SERVICE_PROCUREMENT
1011HG3068810-711-3-1,MS1,INV-000358,SERVICE_PROCUREMENT
1011HG3068810-711-5-1,MS1,INV-000358,SERVICE_PROCUREMENT
1011HG3068810-712-2-1,MS1,INV-000358,SERVICE_PROCUREMENT
1011HG3068809-3096-1-1,MS1,INV-000358,SERVICE_PROCUREMENT
1011HG3068809-3096-4-1,MS1,INV-000358,SERVICE_PROCUREMENT
1011HG3068809-3104-1-1,MS1,INV-000358,SERVICE_PROCUREMENT
1011HG3068809-3182-1-1,MS1,INV-000358,SERVICE_PROCUREMENT
1011HG3068809-3306-3-1,MS1,INV-000358,SERVICE_PROCUREMENT
1011HG3068809-3306-4-1,MS1,INV-000358,SERVICE_PROCUREMENT
1011HG3068810-1110-1-1,MS1,INV-000358,SERVICE_PROCUREMENT
1011HG3068810-1110-2-1,MS1,INV-000358,SERVICE_PROCUREMENT
1011HG3068810-1110-4-1,MS1,INV-000358,SERVICE_PROCUREMENT
1011HG3068809-3336-3-1,MS1,INV-000358,SERVICE_PROCUREMENT
1011HG3167911-896-1-1,MS1,INV-000358,SERVICE_PROCUREMENT
1011HG3167911-896-2-1,MS1,INV-000358,SERVICE_PROCUREMENT
1011HG3167911-896-3-1,MS1,INV-000358,SERVICE_PROCUREMENT
1011HG3167911-896-4-1,MS1,INV-000358,SERVICE_PROCUREMENT
1011HG3068810-1129-1-1,MS1,INV-000358,SERVICE_PROCUREMENT
1011HG3068810-1149-1-1,MS1,INV-000358,SERVICE_PROCUREMENT
1011HG3068809-3555-4-1,MS1,INV-000358,SERVICE_PROCUREMENT
1011HG3068810-1164-1-1,MS1,INV-000358,SERVICE_PROCUREMENT
1011HG3068810-1165-1-1,MS1,INV-000358,SERVICE_PROCUREMENT
1011HG3068810-1166-1-1,MS1,INV-000358,SERVICE_PROCUREMENT
1011HG3068810-1168-1-1,MS1,INV-000358,SERVICE_PROCUREMENT
1011HG3068810-1168-2-1,MS1,INV-000358,SERVICE_PROCUREMENT
1011HG3068810-1168-3-1,MS1,INV-000358,SERVICE_PROCUREMENT
1011HG3068809-3626-2-1,MS1,INV-000358,SERVICE_PROCUREMENT
1011HG3068809-3626-3-1,MS1,INV-000358,SERVICE_PROCUREMENT
1011HG3068809-3627-1-1,MS1,INV-000358,SERVICE_PROCUREMENT
1011HG3068809-3667-2-1,MS1,INV-000358,SERVICE_PROCUREMENT
1011HG3068809-3667-4-1,MS1,INV-000358,SERVICE_PROCUREMENT
1011HG3068809-3667-5-1,MS1,INV-000358,SERVICE_PROCUREMENT
1011HG3167911-1044-1-1,MS1,INV-000358,SERVICE_PROCUREMENT
1011HG3167911-1044-2-1,MS1,INV-000358,SERVICE_PROCUREMENT
1011HG3167911-1044-3-1,MS1,INV-000358,SERVICE_PROCUREMENT
1011HG3068810-1202-1-1,MS1,INV-000358,SERVICE_PROCUREMENT
1011HG3068809-3796-1-1,MS1,INV-000358,SERVICE_PROCUREMENT
1011HG3068809-3807-4-1,MS1,INV-000358,SERVICE_PROCUREMENT
1011HG3068809-3898-1-1,MS1,INV-000358,SERVICE_PROCUREMENT
1011HG3167912-496-1-1,MS1,INV-000358,SERVICE_PROCUREMENT
1011HG3167911-1112-1-1,MS1,INV-000358,SERVICE_PROCUREMENT
1011HG3167911-1113-1-1,MS1,INV-000358,SERVICE_PROCUREMENT
1011HG3068810-1285-1-1,MS1,INV-000358,SERVICE_PROCUREMENT
1011HG3068810-1286-1-1,MS1,INV-000358,SERVICE_PROCUREMENT
1011HG3068809-3899-1-1,MS1,INV-000358,SERVICE_PROCUREMENT
1011HG3068809-3900-1-1,MS1,INV-000358,SERVICE_PROCUREMENT
1011HG3068809-3901-1-1,MS1,INV-000358,SERVICE_PROCUREMENT
1011HG3068809-3902-1-1,MS1,INV-000358,SERVICE_PROCUREMENT
1011HG3068810-1287-1-1,MS1,INV-000358,SERVICE_PROCUREMENT
1011HG3068809-3903-1-1,MS1,INV-000358,SERVICE_PROCUREMENT
1011HG3167912-497-1-1,MS1,INV-000358,SERVICE_PROCUREMENT
1011HG3068809-3938-1-1,MS1,INV-000358,SERVICE_PROCUREMENT
1011HG3068809-3939-1-1,MS1,INV-000358,SERVICE_PROCUREMENT
1011HG3068809-3940-1-1,MS1,INV-000358,SERVICE_PROCUREMENT
1011HG3068809-3941-1-1,MS1,INV-000358,SERVICE_PROCUREMENT
1011HG3068809-3942-1-1,MS1,INV-000358,SERVICE_PROCUREMENT
1011HG3068809-3943-1-1,MS1,INV-000358,SERVICE_PROCUREMENT
1011HG3068809-3944-1-1,MS1,INV-000358,SERVICE_PROCUREMENT
1011HG3068809-3945-1-1,MS1,INV-000358,SERVICE_PROCUREMENT
1011HG3068809-3946-1-1,MS1,INV-000358,SERVICE_PROCUREMENT
1011HG3068809-3947-1-1,MS1,INV-000358,SERVICE_PROCUREMENT
1011HG3068810-448-1-1,MS1,INV-000359,SERVICE_PROCUREMENT
1011HG3068810-533-1-1,MS1,INV-000359,SERVICE_PROCUREMENT
1011HG3068809-2201-3-1,MS1,INV-000359,SERVICE_PROCUREMENT
1011HG3068809-2205-1-1,MS1,INV-000359,SERVICE_PROCUREMENT
1011HG3068809-2205-4-1,MS1,INV-000359,SERVICE_PROCUREMENT
1011HG3068810-784-3-1,MS1,INV-000359,SERVICE_PROCUREMENT
1011HG3068809-2265-1-1,MS1,INV-000359,SERVICE_PROCUREMENT
1011HG3068809-2265-2-1,MS1,INV-000359,SERVICE_PROCUREMENT
1011HG3068809-2269-3-1,MS1,INV-000359,SERVICE_PROCUREMENT
1011HG3068809-2652-3-1,MS1,INV-000359,SERVICE_PROCUREMENT
1011HG3068809-2817-1-1,MS1,INV-000359,SERVICE_PROCUREMENT
1011HG3068810-985-3-1,MS1,INV-000359,SERVICE_PROCUREMENT
1011HG3167911-415-1-1,MS1,INV-000359,SERVICE_PROCUREMENT
1011HG3167911-421-1-1,MS1,INV-000359,SERVICE_PROCUREMENT
1011HG3167911-443-1-1,MS2,INV-000359,SERVICE_PROCUREMENT
1011HG3167911-443-2-1,MS2,INV-000359,SERVICE_PROCUREMENT
1011HG3167911-443-3-1,MS2,INV-000359,SERVICE_PROCUREMENT
1011HG3167911-443-4-1,MS2,INV-000359,SERVICE_PROCUREMENT
1011HG3167911-443-5-1,MS2,INV-000359,SERVICE_PROCUREMENT
1011HG3167911-445-1-1,MS1,INV-000359,SERVICE_PROCUREMENT
1011HG3167911-542-1-1,MS2,INV-000359,SERVICE_PROCUREMENT
1011HG3167911-542-2-1,MS2,INV-000359,SERVICE_PROCUREMENT
1011HG3167911-542-3-1,MS2,INV-000359,SERVICE_PROCUREMENT
1011HG3167911-542-4-1,MS2,INV-000359,SERVICE_PROCUREMENT
1011HG3167911-542-5-1,MS2,INV-000359,SERVICE_PROCUREMENT
1011HG3167911-543-1-1,MS1,INV-000359,SERVICE_PROCUREMENT
1011HG3167911-578-1-1,MS1,INV-000359,SERVICE_PROCUREMENT
1011HG3167911-579-1-1,MS2,INV-000359,SERVICE_PROCUREMENT
1011HG3167911-579-2-1,MS2,INV-000359,SERVICE_PROCUREMENT
1011HG3167911-579-3-1,MS2,INV-000359,SERVICE_PROCUREMENT
1011HG3167911-579-4-1,MS2,INV-000359,SERVICE_PROCUREMENT
1011HG3068810-1034-1-1,MS1,INV-000359,SERVICE_PROCUREMENT
1011HG3068810-1048-1-1,MS1,INV-000359,SERVICE_PROCUREMENT
1011HG3068810-1058-4-1,MS1,INV-000359,SERVICE_PROCUREMENT
1011HG3068810-1059-1-1,MS1,INV-000359,SERVICE_PROCUREMENT
1011HG3068810-1059-3-1,MS1,INV-000359,SERVICE_PROCUREMENT
1011HG3068810-1059-4-1,MS1,INV-000359,SERVICE_PROCUREMENT
1011HG3068809-3115-1-1,MS1,INV-000359,SERVICE_PROCUREMENT
1011HG3068809-3115-3-1,MS1,INV-000359,SERVICE_PROCUREMENT
1011HG3068809-3116-2-1,MS1,INV-000359,SERVICE_PROCUREMENT
1011HG3068809-3116-3-1,MS1,INV-000359,SERVICE_PROCUREMENT
1011HG3068809-3124-1-1,MS1,INV-000359,SERVICE_PROCUREMENT
1011HG3068809-3124-2-1,MS1,INV-000359,SERVICE_PROCUREMENT
1011HG3068809-3143-1-1,MS1,INV-000359,SERVICE_PROCUREMENT
1011HG3167911-664-1-1,MS2,INV-000359,SERVICE_PROCUREMENT
1011HG3167911-664-2-1,MS2,INV-000359,SERVICE_PROCUREMENT
1011HG3167911-664-3-1,MS2,INV-000359,SERVICE_PROCUREMENT
1011HG3167911-664-4-1,MS2,INV-000359,SERVICE_PROCUREMENT
1011HG3167911-664-5-1,MS2,INV-000359,SERVICE_PROCUREMENT
1011HG3167911-665-1-1,MS1,INV-000359,SERVICE_PROCUREMENT
1011HG3167911-669-1-1,MS1,INV-000359,SERVICE_PROCUREMENT
1011HG3167911-670-1-1,MS2,INV-000359,SERVICE_PROCUREMENT
1011HG3167911-670-2-1,MS2,INV-000359,SERVICE_PROCUREMENT
1011HG3167911-670-3-1,MS2,INV-000359,SERVICE_PROCUREMENT
1011HG3167911-670-4-1,MS2,INV-000359,SERVICE_PROCUREMENT
1011HG3068809-3200-1-1,MS1,INV-000359,SERVICE_PROCUREMENT
1011HG3068809-3200-3-1,MS1,INV-000359,SERVICE_PROCUREMENT
1011HG3068810-1084-2-1,MS1,INV-000359,SERVICE_PROCUREMENT
1011HG3068809-3232-2-1,MS1,INV-000359,SERVICE_PROCUREMENT
1011HG3068809-3239-2-1,MS1,INV-000359,SERVICE_PROCUREMENT
1011HG3068809-3240-2-1,MS1,INV-000359,SERVICE_PROCUREMENT
1011HG3167911-749-1-1,MS2,INV-000359,SERVICE_PROCUREMENT
1011HG3167911-750-1-1,MS2,INV-000359,SERVICE_PROCUREMENT
1011HG3068809-3259-1-1,MS1,INV-000359,SERVICE_PROCUREMENT
1011HG3068809-3260-1-1,MS1,INV-000359,SERVICE_PROCUREMENT
1011HG3167911-772-1-1,MS2,INV-000359,SERVICE_PROCUREMENT
1011HG3167911-773-1-1,MS2,INV-000359,SERVICE_PROCUREMENT
1011HG3167911-774-2-1,MS2,INV-000359,SERVICE_PROCUREMENT
1011HG3068809-3289-1-1,MS1,INV-000359,SERVICE_PROCUREMENT
1011HG3068809-3289-3-1,MS1,INV-000359,SERVICE_PROCUREMENT
1011HG3068809-3291-2-1,MS1,INV-000359,SERVICE_PROCUREMENT
1011HG3068810-1102-1-1,MS1,INV-000359,SERVICE_PROCUREMENT
1011HG3068810-1105-1-1,MS1,INV-000359,SERVICE_PROCUREMENT
1011HG3068809-3302-2-1,MS1,INV-000359,SERVICE_PROCUREMENT
1011HG3068809-3304-4-1,MS1,INV-000359,SERVICE_PROCUREMENT
1011HG3068809-3313-3-1,MS1,INV-000359,SERVICE_PROCUREMENT
1011HG3068809-3313-4-1,MS1,INV-000359,SERVICE_PROCUREMENT
1011HG3068809-3334-1-1,MS1,INV-000359,SERVICE_PROCUREMENT
1011HG3068809-3335-1-1,MS1,INV-000359,SERVICE_PROCUREMENT
1011HG3167911-821-1-1,MS1,INV-000359,SERVICE_PROCUREMENT
1011HG3167911-822-1-1,MS2,INV-000359,SERVICE_PROCUREMENT
1011HG3167911-822-2-1,MS2,INV-000359,SERVICE_PROCUREMENT
1011HG3167911-822-3-1,MS2,INV-000359,SERVICE_PROCUREMENT
1011HG3167911-822-4-1,MS2,INV-000359,SERVICE_PROCUREMENT
1011HG3068810-1115-2-1,MS1,INV-000359,SERVICE_PROCUREMENT
1011HG3167911-891-5-1,MS1,INV-000359,SERVICE_PROCUREMENT
1011HG3068809-3388-4-1,MS1,INV-000359,SERVICE_PROCUREMENT
1011HG3068809-3395-1-1,MS1,INV-000359,SERVICE_PROCUREMENT
1011HG3068809-3398-1-1,MS1,INV-000359,SERVICE_PROCUREMENT
1011HG3068809-3398-2-1,MS1,INV-000359,SERVICE_PROCUREMENT
1011HG3068809-3399-1-1,MS1,INV-000359,SERVICE_PROCUREMENT
1011HG3068809-3399-2-1,MS1,INV-000359,SERVICE_PROCUREMENT
1011HG3068809-3402-1-1,MS1,INV-000359,SERVICE_PROCUREMENT
1011HG3068809-3402-3-1,MS1,INV-000359,SERVICE_PROCUREMENT
1011HG3068809-3426-3-1,MS1,INV-000359,SERVICE_PROCUREMENT
1011HG3068809-3427-2-1,MS1,INV-000359,SERVICE_PROCUREMENT
1011HG3068809-3429-1-1,MS1,INV-000359,SERVICE_PROCUREMENT
1011HG3068809-3467-3-1,MS1,INV-000359,SERVICE_PROCUREMENT
1011HG3068809-3484-6-1,MS1,INV-000359,SERVICE_PROCUREMENT
1011HG3068809-3485-6-1,MS1,INV-000359,SERVICE_PROCUREMENT
1011HG3068810-1146-1-1,MS1,INV-000359,SERVICE_PROCUREMENT
1011HG3068810-1147-1-1,MS1,INV-000359,SERVICE_PROCUREMENT
1011HG3068809-3562-1-1,MS1,INV-000359,SERVICE_PROCUREMENT
1011HG3068809-3618-2-1,MS1,INV-000359,SERVICE_PROCUREMENT
1011HG3068809-3619-1-1,MS1,INV-000359,SERVICE_PROCUREMENT
1011HG3068809-3624-4-1,MS1,INV-000359,SERVICE_PROCUREMENT
1011HG3068809-3626-4-1,MS1,INV-000359,SERVICE_PROCUREMENT
1011HG3068809-3663-2-1,MS1,INV-000359,SERVICE_PROCUREMENT
1011HG3068809-3666-2-1,MS1,INV-000359,SERVICE_PROCUREMENT
1011HG3068809-3667-3-1,MS1,INV-000359,SERVICE_PROCUREMENT
1011HG3068810-1179-1-1,MS1,INV-000359,SERVICE_PROCUREMENT
1011HG3068810-1180-1-1,MS1,INV-000359,SERVICE_PROCUREMENT
1011HG3068810-1181-2-1,MS1,INV-000359,SERVICE_PROCUREMENT
1011HG3068810-1181-3-1,MS1,INV-000359,SERVICE_PROCUREMENT
1011HG3068810-1183-2-1,MS1,INV-000359,SERVICE_PROCUREMENT
1011HG3068810-1183-3-1,MS1,INV-000359,SERVICE_PROCUREMENT
1011HG3167911-1053-1-1,MS1,INV-000359,SERVICE_PROCUREMENT
1011HG3167911-1053-2-1,MS1,INV-000359,SERVICE_PROCUREMENT
1011HG3167911-1053-3-1,MS1,INV-000359,SERVICE_PROCUREMENT
1011HG3167911-1053-4-1,MS1,INV-000359,SERVICE_PROCUREMENT
1011HG3167911-1053-5-1,MS1,INV-000359,SERVICE_PROCUREMENT
1011HG3167911-1053-6-1,MS1,INV-000359,SERVICE_PROCUREMENT
1011HG3068809-3682-1-1,MS1,INV-000359,SERVICE_PROCUREMENT
1011HG3068809-3682-3-1,MS1,INV-000359,SERVICE_PROCUREMENT
1011HG3068809-3683-2-1,MS1,INV-000359,SERVICE_PROCUREMENT
1011HG3068809-3688-2-1,MS1,INV-000359,SERVICE_PROCUREMENT
1011HG3068809-3689-1-1,MS1,INV-000359,SERVICE_PROCUREMENT
1011HG3068809-3690-1-1,MS1,INV-000359,SERVICE_PROCUREMENT
1011HG3068809-3691-1-1,MS1,INV-000359,SERVICE_PROCUREMENT
1011HG3068809-3692-1-1,MS1,INV-000359,SERVICE_PROCUREMENT
1011HG3068810-1189-1-1,MS1,INV-000359,SERVICE_PROCUREMENT
1011HG3068810-1190-1-1,MS1,INV-000359,SERVICE_PROCUREMENT
1011HG3068810-1191-1-1,MS1,INV-000359,SERVICE_PROCUREMENT
1011HG3068809-3695-1-1,MS1,INV-000359,SERVICE_PROCUREMENT
1011HG3068810-1194-1-1,MS1,INV-000359,SERVICE_PROCUREMENT
1011HG3068810-1195-1-1,MS1,INV-000359,SERVICE_PROCUREMENT
1011HG3068810-1199-1-1,MS1,INV-000359,SERVICE_PROCUREMENT
1011HG3068810-1200-1-1,MS1,INV-000359,SERVICE_PROCUREMENT
1011HG3068810-1207-1-1,MS1,INV-000359,SERVICE_PROCUREMENT
1011HG3068810-1208-1-1,MS1,INV-000359,SERVICE_PROCUREMENT
1011HG3068810-1209-1-1,MS1,INV-000359,SERVICE_PROCUREMENT
1011HG3167911-1072-1-1,MS1,INV-000359,SERVICE_PROCUREMENT
1011HG3167911-1072-2-1,MS1,INV-000359,SERVICE_PROCUREMENT
1011HG3167911-1072-3-1,MS1,INV-000359,SERVICE_PROCUREMENT
1011HG3167911-1072-4-1,MS1,INV-000359,SERVICE_PROCUREMENT
1011HG3167911-1072-5-1,MS1,INV-000359,SERVICE_PROCUREMENT
1011HG3167911-1072-6-1,MS1,INV-000359,SERVICE_PROCUREMENT
1011HG3167911-1074-1-1,MS1,INV-000359,SERVICE_PROCUREMENT
1011HG3167911-1074-2-1,MS1,INV-000359,SERVICE_PROCUREMENT
1011HG3167911-1074-3-1,MS1,INV-000359,SERVICE_PROCUREMENT
1011HG3167911-1074-4-1,MS1,INV-000359,SERVICE_PROCUREMENT
1011HG3167911-1074-5-1,MS1,INV-000359,SERVICE_PROCUREMENT
1011HG3167911-1074-6-1,MS1,INV-000359,SERVICE_PROCUREMENT
1011HG3167911-1079-1-1,MS1,INV-000359,SERVICE_PROCUREMENT
1011HG3167911-1079-2-1,MS1,INV-000359,SERVICE_PROCUREMENT
1011HG3167911-1079-3-1,MS1,INV-000359,SERVICE_PROCUREMENT
1011HG3167911-1079-4-1,MS1,INV-000359,SERVICE_PROCUREMENT
1011HG3167911-1079-5-1,MS1,INV-000359,SERVICE_PROCUREMENT
1011HG3167911-1079-6-1,MS1,INV-000359,SERVICE_PROCUREMENT
1011HG3167911-1083-1-1,MS1,INV-000359,SERVICE_PROCUREMENT
1011HG3167911-1083-2-1,MS1,INV-000359,SERVICE_PROCUREMENT
1011HG3167911-1083-3-1,MS1,INV-000359,SERVICE_PROCUREMENT
1011HG3167911-1083-4-1,MS1,INV-000359,SERVICE_PROCUREMENT
1011HG3167911-1086-1-1,MS1,INV-000359,SERVICE_PROCUREMENT
1011HG3068810-1222-1-1,MS1,INV-000359,SERVICE_PROCUREMENT
1011HG3068810-1225-1-1,MS1,INV-000359,SERVICE_PROCUREMENT
1011HG3068810-1232-1-1,MS1,INV-000359,SERVICE_PROCUREMENT
1011HG3167911-1096-1-1,MS1,INV-000359,SERVICE_PROCUREMENT
1011HG3167911-1097-1-1,MS1,INV-000359,SERVICE_PROCUREMENT
1011HG3167911-1099-1-1,MS1,INV-000359,SERVICE_PROCUREMENT
1011HG3068809-3810-1-1,MS1,INV-000359,SERVICE_PROCUREMENT
1011HG3068810-1242-1-1,MS1,INV-000359,SERVICE_PROCUREMENT
1011HG3068810-1247-1-1,MS1,INV-000359,SERVICE_PROCUREMENT
1011HG3068810-1248-1-1,MS1,INV-000359,SERVICE_PROCUREMENT
1011HG3068810-1249-1-1,MS1,INV-000359,SERVICE_PROCUREMENT
1011HG3068810-1250-1-1,MS1,INV-000359,SERVICE_PROCUREMENT
1011HG3068810-1251-1-1,MS1,INV-000359,SERVICE_PROCUREMENT
1011HG3068810-1252-1-1,MS1,INV-000359,SERVICE_PROCUREMENT
1011HG3068810-1253-1-1,MS1,INV-000359,SERVICE_PROCUREMENT
1011HG3068810-1254-1-1,MS1,INV-000359,SERVICE_PROCUREMENT
1011HG3167911-86-1-1,MS1,INV-000360,SERVICE_PROCUREMENT
1011HG3167911-86-2-1,MS1,INV-000360,SERVICE_PROCUREMENT
1011HG3167911-86-3-1,MS1,INV-000360,SERVICE_PROCUREMENT
1011HG3167911-169-1-1,MS1,INV-000360,SERVICE_PROCUREMENT
1011HG3167911-169-2-1,MS1,INV-000360,SERVICE_PROCUREMENT
1011HG3167911-169-3-1,MS1,INV-000360,SERVICE_PROCUREMENT
1011HG3167911-388-1-1,MS1,INV-000360,SERVICE_PROCUREMENT
1011HG3167911-388-2-1,MS1,INV-000360,SERVICE_PROCUREMENT
1011HG3167911-388-3-1,MS1,INV-000360,SERVICE_PROCUREMENT
1011HG3167911-388-4-1,MS1,INV-000360,SERVICE_PROCUREMENT
1011HG3167911-388-5-1,MS1,INV-000360,SERVICE_PROCUREMENT
1011HG3167911-473-1-1,MS1,INV-000360,SERVICE_PROCUREMENT
1011HG3167911-473-2-1,MS1,INV-000360,SERVICE_PROCUREMENT
1011HG3167911-473-3-1,MS1,INV-000360,SERVICE_PROCUREMENT
1011HG3167911-473-4-1,MS1,INV-000360,SERVICE_PROCUREMENT
1011HG3167911-474-1-1,MS1,INV-000360,SERVICE_PROCUREMENT
1011HG3167911-474-2-1,MS1,INV-000360,SERVICE_PROCUREMENT
1011HG3167911-474-3-1,MS1,INV-000360,SERVICE_PROCUREMENT
1011HG3167911-474-4-1,MS1,INV-000360,SERVICE_PROCUREMENT
1011HG3167911-475-1-1,MS1,INV-000360,SERVICE_PROCUREMENT
1011HG3167911-475-2-1,MS1,INV-000360,SERVICE_PROCUREMENT
1011HG3167911-475-3-1,MS1,INV-000360,SERVICE_PROCUREMENT
1011HG3167911-475-4-1,MS1,INV-000360,SERVICE_PROCUREMENT
1011HG3167911-581-1-1,MS1,INV-000360,SERVICE_PROCUREMENT
1011HG3068809-3077-1-1,MS1,INV-000360,SERVICE_PROCUREMENT
1011HG3167911-607-1-1,MS1,INV-000360,SERVICE_PROCUREMENT
1011HG3167911-612-1-1,MS1,INV-000360,SERVICE_PROCUREMENT
1011HG3167911-620-1-1,MS1,INV-000360,SERVICE_PROCUREMENT
1011HG3167911-714-1-1,MS1,INV-000360,SERVICE_PROCUREMENT
1011HG3167911-771-1-1,MS2,INV-000360,SERVICE_PROCUREMENT
1011HG3167911-860-1-1,MS1,INV-000360,SERVICE_PROCUREMENT
1011HG3167911-932-1-1,MS1,INV-000360,SERVICE_PROCUREMENT
1011HG3167911-932-2-1,MS1,INV-000360,SERVICE_PROCUREMENT
1011HG3167911-932-3-1,MS1,INV-000360,SERVICE_PROCUREMENT
1011HG3167911-932-4-1,MS1,INV-000360,SERVICE_PROCUREMENT
1011HG3068809-3471-1-1,MS1,INV-000360,SERVICE_PROCUREMENT
1011HG3068809-3471-2-1,MS1,INV-000360,SERVICE_PROCUREMENT
1011HG3068809-3471-3-1,MS1,INV-000360,SERVICE_PROCUREMENT
1011HG3167911-955-1-1,MS2,INV-000360,SERVICE_PROCUREMENT
1011HG3068809-3544-1-1,MS1,INV-000360,SERVICE_PROCUREMENT
1011HG3068809-3544-2-1,MS1,INV-000360,SERVICE_PROCUREMENT
1011HG3068809-3544-3-1,MS1,INV-000360,SERVICE_PROCUREMENT
1011HG3167911-976-1-1,MS1,INV-000360,SERVICE_PROCUREMENT
1011HG3167911-976-2-1,MS1,INV-000360,SERVICE_PROCUREMENT
1011HG3167911-976-3-1,MS1,INV-000360,SERVICE_PROCUREMENT
1011HG3167911-976-4-1,MS1,INV-000360,SERVICE_PROCUREMENT
1011HG3167911-978-1-1,MS1,INV-000360,SERVICE_PROCUREMENT
1011HG3167911-978-2-1,MS1,INV-000360,SERVICE_PROCUREMENT
1011HG3167911-978-3-1,MS1,INV-000360,SERVICE_PROCUREMENT
1011HG3167911-978-4-1,MS1,INV-000360,SERVICE_PROCUREMENT
1011HG3167911-1070-1-1,MS1,INV-000360,SERVICE_PROCUREMENT
1011HG3068809-3763-1-1,MS1,INV-000360,SERVICE_PROCUREMENT
1011HG3068809-3763-2-1,MS1,INV-000360,SERVICE_PROCUREMENT
1011HG3068809-3763-3-1,MS1,INV-000360,SERVICE_PROCUREMENT
1011HG3167911-1080-1-1,MS1,INV-000360,SERVICE_PROCUREMENT
1011HG3167911-1080-2-1,MS1,INV-000360,SERVICE_PROCUREMENT
1011HG3167911-1080-3-1,MS1,INV-000360,SERVICE_PROCUREMENT
1011HG3167911-1080-4-1,MS1,INV-000360,SERVICE_PROCUREMENT
1011HG3167911-1081-1-1,MS1,INV-000360,SERVICE_PROCUREMENT
1011HG3167911-1081-2-1,MS1,INV-000360,SERVICE_PROCUREMENT
1011HG3167911-1081-3-1,MS1,INV-000360,SERVICE_PROCUREMENT
1011HG3167911-1081-4-1,MS1,INV-000360,SERVICE_PROCUREMENT
1011HG3167911-1085-1-1,MS1,INV-000360,SERVICE_PROCUREMENT
1011HG3167911-1085-2-1,MS1,INV-000360,SERVICE_PROCUREMENT
1011HG3167911-1085-3-1,MS1,INV-000360,SERVICE_PROCUREMENT
1011HG3167911-1085-4-1,MS1,INV-000360,SERVICE_PROCUREMENT
1011HG3167911-1098-1-1,MS1,INV-000360,SERVICE_PROCUREMENT
1011HG3167911-1135-1-1,MS1,INV-000360,SERVICE_PROCUREMENT
1011HG3068810-553-1-1,MS1,INV-000361,SERVICE_PROCUREMENT
1011HG3068809-2472-1-1,MS1,INV-000361,SERVICE_PROCUREMENT
1011HG3068809-2653-1-1,MS1,INV-000361,SERVICE_PROCUREMENT
1011HG3068809-2653-2-1,MS1,INV-000361,SERVICE_PROCUREMENT
1011HG3068809-2654-1-1,MS1,INV-000361,SERVICE_PROCUREMENT
1011HG3068809-2655-1-1,MS1,INV-000361,SERVICE_PROCUREMENT
1011HG3068809-2656-1-1,MS1,INV-000361,SERVICE_PROCUREMENT
1011HG3068809-2657-1-1,MS1,INV-000361,SERVICE_PROCUREMENT
1011HG3068809-2657-2-1,MS1,INV-000361,SERVICE_PROCUREMENT
1011HG3068809-2658-1-1,MS1,INV-000361,SERVICE_PROCUREMENT
1011HG3068809-2659-1-1,MS1,INV-000361,SERVICE_PROCUREMENT
1011HG3068809-2660-1-1,MS1,INV-000361,SERVICE_PROCUREMENT
1011HG3068809-3153-2-1,MS1,INV-000361,SERVICE_PROCUREMENT
1011HG3068809-3153-3-1,MS1,INV-000361,SERVICE_PROCUREMENT
1011HG3068810-1066-1-1,MS1,INV-000361,SERVICE_PROCUREMENT
1011HG3068809-3386-1-1,MS1,INV-000361,SERVICE_PROCUREMENT
1011HG3068809-3386-2-1,MS1,INV-000361,SERVICE_PROCUREMENT
1011HG3167911-949-1-1,MS1,INV-000361,SERVICE_PROCUREMENT
1011HG3068809-3672-1-1,MS1,INV-000361,SERVICE_PROCUREMENT
1011HG3068809-3729-1-1,MS1,INV-000361,SERVICE_PROCUREMENT
1011HG3068809-3730-1-1,MS1,INV-000361,SERVICE_PROCUREMENT
1011HG3068809-3731-1-1,MS1,INV-000361,SERVICE_PROCUREMENT
1011HG3068809-3731-2-1,MS1,INV-000361,SERVICE_PROCUREMENT
1011HG3068809-3732-1-1,MS1,INV-000361,SERVICE_PROCUREMENT
1011HG3068809-3762-1-1,MS1,INV-000361,SERVICE_PROCUREMENT
1011HG3068809-3766-1-1,MS1,INV-000361,SERVICE_PROCUREMENT
1011HG3068809-3766-2-1,MS1,INV-000361,SERVICE_PROCUREMENT
1011HG3068809-3801-1-1,MS1,INV-000361,SERVICE_PROCUREMENT
1011HG3068809-3801-2-1,MS1,INV-000361,SERVICE_PROCUREMENT
1011HG3068809-3801-3-1,MS1,INV-000361,SERVICE_PROCUREMENT
1011HG3068809-3801-4-1,MS1,INV-000361,SERVICE_PROCUREMENT
1011HG3068809-3802-1-1,MS1,INV-000361,SERVICE_PROCUREMENT
1011HG3068810-1230-2-1,MS1,INV-000361,SERVICE_PROCUREMENT
1011HG3068810-1231-2-1,MS1,INV-000361,SERVICE_PROCUREMENT
1011HG3068809-3804-1-1,MS1,INV-000361,SERVICE_PROCUREMENT
1011HG3068809-3804-2-1,MS1,INV-000361,SERVICE_PROCUREMENT
1011HG3068809-3804-3-1,MS1,INV-000361,SERVICE_PROCUREMENT
1011HG3068809-3804-4-1,MS1,INV-000361,SERVICE_PROCUREMENT
1011HG3068809-3805-1-1,MS1,INV-000361,SERVICE_PROCUREMENT
1011HG3068809-3805-2-1,MS1,INV-000361,SERVICE_PROCUREMENT
1011HG3068809-3805-3-1,MS1,INV-000361,SERVICE_PROCUREMENT
1011HG3068809-3805-4-1,MS1,INV-000361,SERVICE_PROCUREMENT
1011HG3068809-3823-1-1,MS1,INV-000361,SERVICE_PROCUREMENT
1011HG3068809-3824-1-1,MS1,INV-000361,SERVICE_PROCUREMENT
1011HG3068809-3825-1-1,MS1,INV-000361,SERVICE_PROCUREMENT
1011HG3068809-3826-1-1,MS1,INV-000361,SERVICE_PROCUREMENT
1011HG3068809-3827-1-1,MS1,INV-000361,SERVICE_PROCUREMENT
1011HG3068810-1243-1-1,MS1,INV-000361,SERVICE_PROCUREMENT
1011HG3068810-1244-1-1,MS1,INV-000361,SERVICE_PROCUREMENT
1011HG3068809-3836-1-1,MS1,INV-000361,SERVICE_PROCUREMENT
1011HG3068809-3837-1-1,MS1,INV-000361,SERVICE_PROCUREMENT
1011HG3068809-3838-1-1,MS1,INV-000361,SERVICE_PROCUREMENT
1011HG3068809-3839-1-1,MS1,INV-000361,SERVICE_PROCUREMENT
1011HG3068809-3840-1-1,MS1,INV-000361,SERVICE_PROCUREMENT
1011HG3167911-1118-1-1,MS1,INV-000361,SERVICE_PROCUREMENT
1011HG3167911-1118-2-1,MS1,INV-000361,SERVICE_PROCUREMENT
1011HG3167911-1118-3-1,MS1,INV-000361,SERVICE_PROCUREMENT
1011HG3167911-1118-4-1,MS1,INV-000361,SERVICE_PROCUREMENT
1011HG3167911-1118-5-1,MS1,INV-000361,SERVICE_PROCUREMENT
1011HG3068809-3913-1-1,MS1,INV-000361,SERVICE_PROCUREMENT
1011HG3068809-3913-2-1,MS1,INV-000361,SERVICE_PROCUREMENT
1011HG3068809-3913-3-1,MS1,INV-000361,SERVICE_PROCUREMENT
1011HG3068809-3913-4-1,MS1,INV-000361,SERVICE_PROCUREMENT
1011HG3068809-3912-1-1,MS1,INV-000361,SERVICE_PROCUREMENT
1011HG3068809-3912-2-1,MS1,INV-000361,SERVICE_PROCUREMENT
1011HG3068809-3914-1-1,MS1,INV-000361,SERVICE_PROCUREMENT
1011HG3068809-3914-2-1,MS1,INV-000361,SERVICE_PROCUREMENT
1011HG3068809-3915-1-1,MS1,INV-000361,SERVICE_PROCUREMENT
1011HG3068809-3915-2-1,MS1,INV-000361,SERVICE_PROCUREMENT
1011HG3068809-3917-1-1,MS1,INV-000361,SERVICE_PROCUREMENT
1011HG3068809-3917-2-1,MS1,INV-000361,SERVICE_PROCUREMENT
1011HG3068809-3918-1-1,MS1,INV-000361,SERVICE_PROCUREMENT
1011HG3068809-3918-4-1,MS1,INV-000361,SERVICE_PROCUREMENT
1011HG3068809-3919-1-1,MS1,INV-000361,SERVICE_PROCUREMENT
1011HG3068809-3919-2-1,MS1,INV-000361,SERVICE_PROCUREMENT
1011HG3068809-3920-1-1,MS1,INV-000361,SERVICE_PROCUREMENT
1011HG3068809-3920-2-1,MS1,INV-000361,SERVICE_PROCUREMENT
1011HG3068809-3922-1-1,MS1,INV-000361,SERVICE_PROCUREMENT
1011HG3167911-1149-1-1,MS1,INV-000361,SERVICE_PROCUREMENT
1011HG3068809-3964-1-1,MS1,INV-000361,SERVICE_PROCUREMENT
1011HG3068809-3964-2-1,MS1,INV-000361,SERVICE_PROCUREMENT
1011HG3068809-3977-1-1,MS1,INV-000361,SERVICE_PROCUREMENT
1011HG3068809-3978-1-1,MS1,INV-000361,SERVICE_PROCUREMENT
1011HG3068809-3979-1-1,MS1,INV-000361,SERVICE_PROCUREMENT
1011HG3068809-3981-1-1,MS1,INV-000361,SERVICE_PROCUREMENT
1011HG3068809-3980-1-1,MS1,INV-000361,SERVICE_PROCUREMENT
1011HG3068809-3982-1-1,MS1,INV-000361,SERVICE_PROCUREMENT
1011HG3068809-3983-1-1,MS1,INV-000361,SERVICE_PROCUREMENT
1011HG3068809-3984-1-1,MS1,INV-000361,SERVICE_PROCUREMENT
1011HG3068809-3985-1-1,MS1,INV-000361,SERVICE_PROCUREMENT
1011HG3068809-4004-1-1,MS1,INV-000361,SERVICE_PROCUREMENT
1011HG3068810-1311-1-1,MS1,INV-000361,SERVICE_PROCUREMENT
1011HG3068810-1311-2-1,MS1,INV-000361,SERVICE_PROCUREMENT
1011HG3068810-1311-3-1,MS1,INV-000361,SERVICE_PROCUREMENT
1011HG3068810-1311-4-1,MS1,INV-000361,SERVICE_PROCUREMENT
1011HG3068809-4011-1-1,MS1,INV-000361,SERVICE_PROCUREMENT
1011HG3068809-4011-2-1,MS1,INV-000361,SERVICE_PROCUREMENT
1011HG3068809-4015-1-1,MS1,INV-000361,SERVICE_PROCUREMENT
1011HG3068809-4016-1-1,MS1,INV-000361,SERVICE_PROCUREMENT
1011HG3068809-4017-1-1,MS1,INV-000361,SERVICE_PROCUREMENT
1011HG3167911-283-1-1,MS1,INV-000363,SERVICE_PROCUREMENT
1011HG3167911-285-1-1,MS2,INV-000363,SERVICE_PROCUREMENT
1011HG3167911-285-2-1,MS2,INV-000363,SERVICE_PROCUREMENT
1011HG3167911-285-3-1,MS2,INV-000363,SERVICE_PROCUREMENT
1011HG3167911-285-4-1,MS2,INV-000363,SERVICE_PROCUREMENT
1011HG3167911-285-5-1,MS2,INV-000363,SERVICE_PROCUREMENT
1011HG3167911-285-6-1,MS2,INV-000363,SERVICE_PROCUREMENT
1011HG3167911-298-1-1,MS2,INV-000363,SERVICE_PROCUREMENT
1011HG3167911-298-2-1,MS2,INV-000363,SERVICE_PROCUREMENT
1011HG3167911-298-3-1,MS2,INV-000363,SERVICE_PROCUREMENT
1011HG3167911-298-4-1,MS2,INV-000363,SERVICE_PROCUREMENT
1011HG3167911-298-5-1,MS2,INV-000363,SERVICE_PROCUREMENT
1011HG3167911-298-6-1,MS2,INV-000363,SERVICE_PROCUREMENT
1011HG3167911-301-1-1,MS1,INV-000363,SERVICE_PROCUREMENT
1011HG3167911-302-1-1,MS2,INV-000363,SERVICE_PROCUREMENT
1011HG3167911-302-2-1,MS2,INV-000363,SERVICE_PROCUREMENT
1011HG3167911-302-3-1,MS2,INV-000363,SERVICE_PROCUREMENT
1011HG3167911-302-4-1,MS2,INV-000363,SERVICE_PROCUREMENT
1011HG3167911-302-5-1,MS2,INV-000363,SERVICE_PROCUREMENT
1011HG3167911-302-6-1,MS2,INV-000363,SERVICE_PROCUREMENT
1011HG3167911-303-1-1,MS1,INV-000363,SERVICE_PROCUREMENT
1011HG3167911-405-1-1,MS2,INV-000363,SERVICE_PROCUREMENT
1011HG3167911-417-1-1,MS2,INV-000363,SERVICE_PROCUREMENT
1011HG3167911-417-2-1,MS2,INV-000363,SERVICE_PROCUREMENT
1011HG3167911-417-3-1,MS2,INV-000363,SERVICE_PROCUREMENT
1011HG3167911-417-4-1,MS2,INV-000363,SERVICE_PROCUREMENT
1011HG3167911-417-5-1,MS2,INV-000363,SERVICE_PROCUREMENT
1011HG3167911-417-6-1,MS2,INV-000363,SERVICE_PROCUREMENT
1011HG3167911-416-1-1,MS2,INV-000363,SERVICE_PROCUREMENT
1011HG3167911-416-2-1,MS2,INV-000363,SERVICE_PROCUREMENT
1011HG3167911-416-3-1,MS2,INV-000363,SERVICE_PROCUREMENT
1011HG3167911-416-4-1,MS2,INV-000363,SERVICE_PROCUREMENT
1011HG3167911-416-5-1,MS2,INV-000363,SERVICE_PROCUREMENT
1011HG3167911-416-6-1,MS2,INV-000363,SERVICE_PROCUREMENT
1011HG3167911-419-1-1,MS1,INV-000363,SERVICE_PROCUREMENT
1011HG3167911-565-1-1,MS2,INV-000363,SERVICE_PROCUREMENT
1011HG3167911-565-2-1,MS2,INV-000363,SERVICE_PROCUREMENT
1011HG3167911-565-3-1,MS2,INV-000363,SERVICE_PROCUREMENT
1011HG3167911-565-4-1,MS2,INV-000363,SERVICE_PROCUREMENT
1011HG3167911-565-5-1,MS2,INV-000363,SERVICE_PROCUREMENT
1011HG3167911-565-6-1,MS2,INV-000363,SERVICE_PROCUREMENT
1011HG3167911-568-1-1,MS1,INV-000363,SERVICE_PROCUREMENT
1011HG3167911-569-1-1,MS2,INV-000363,SERVICE_PROCUREMENT
1011HG3167911-569-2-1,MS2,INV-000363,SERVICE_PROCUREMENT
1011HG3167911-569-3-1,MS2,INV-000363,SERVICE_PROCUREMENT
1011HG3167911-569-4-1,MS2,INV-000363,SERVICE_PROCUREMENT
1011HG3167911-569-5-1,MS2,INV-000363,SERVICE_PROCUREMENT
1011HG3167911-569-6-1,MS2,INV-000363,SERVICE_PROCUREMENT
1011HG3167911-570-1-1,MS1,INV-000363,SERVICE_PROCUREMENT
1011HG3068809-3146-2-1,MS1,INV-000363,SERVICE_PROCUREMENT
1011HG3068809-3146-4-1,MS1,INV-000363,SERVICE_PROCUREMENT
1011HG3167911-872-1-1,MS1,INV-000363,SERVICE_PROCUREMENT
1011HG3167911-872-2-1,MS1,INV-000363,SERVICE_PROCUREMENT
1011HG3167911-872-3-1,MS1,INV-000363,SERVICE_PROCUREMENT
1011HG3167911-872-4-1,MS1,INV-000363,SERVICE_PROCUREMENT
1011HG3167911-872-5-1,MS1,INV-000363,SERVICE_PROCUREMENT
1011HG3167911-872-6-1,MS1,INV-000363,SERVICE_PROCUREMENT
1011HG3167911-912-2-1,MS1,INV-000363,SERVICE_PROCUREMENT
1011HG3167911-913-2-1,MS1,INV-000363,SERVICE_PROCUREMENT
1011HG3167911-917-1-1,MS1,INV-000363,SERVICE_PROCUREMENT
1011HG3068809-3542-2-1,MS1,INV-000363,SERVICE_PROCUREMENT
1011HG3068809-3542-3-1,MS1,INV-000363,SERVICE_PROCUREMENT
1011HG3068809-3543-1-1,MS1,INV-000363,SERVICE_PROCUREMENT
1011HG3068809-3543-3-1,MS1,INV-000363,SERVICE_PROCUREMENT
1011HG3068809-3558-1-1,MS1,INV-000363,SERVICE_PROCUREMENT
1011HG3167911-1038-1-1,MS1,INV-000363,SERVICE_PROCUREMENT
1011HG3167911-1038-2-1,MS1,INV-000363,SERVICE_PROCUREMENT
1011HG3167911-1038-3-1,MS1,INV-000363,SERVICE_PROCUREMENT
1011HG3167911-1038-4-1,MS1,INV-000363,SERVICE_PROCUREMENT
1011HG3167911-1038-5-1,MS1,INV-000363,SERVICE_PROCUREMENT
1011HG3167911-1038-6-1,MS1,INV-000363,SERVICE_PROCUREMENT
1011HG3167911-1041-1-1,MS1,INV-000363,SERVICE_PROCUREMENT
1011HG3167911-1041-2-1,MS1,INV-000363,SERVICE_PROCUREMENT
1011HG3167911-1041-3-1,MS1,INV-000363,SERVICE_PROCUREMENT
1011HG3167911-1041-4-1,MS1,INV-000363,SERVICE_PROCUREMENT
1011HG3167911-1041-5-1,MS1,INV-000363,SERVICE_PROCUREMENT
1011HG3167911-1041-6-1,MS1,INV-000363,SERVICE_PROCUREMENT
1011HG3167911-1043-1-1,MS1,INV-000363,SERVICE_PROCUREMENT
1011HG3167911-1043-2-1,MS1,INV-000363,SERVICE_PROCUREMENT
1011HG3167911-1043-3-1,MS1,INV-000363,SERVICE_PROCUREMENT
1011HG3167911-1043-4-1,MS1,INV-000363,SERVICE_PROCUREMENT
1011HG3167911-1043-5-1,MS1,INV-000363,SERVICE_PROCUREMENT
1011HG3167911-1043-6-1,MS1,INV-000363,SERVICE_PROCUREMENT
1011HG3167911-1050-1-1,MS2,INV-000363,SERVICE_PROCUREMENT
1011HG3167911-1054-1-1,MS1,INV-000363,SERVICE_PROCUREMENT
1011HG3167911-1054-2-1,MS1,INV-000363,SERVICE_PROCUREMENT
1011HG3167911-1054-3-1,MS1,INV-000363,SERVICE_PROCUREMENT
1011HG3167911-1054-4-1,MS1,INV-000363,SERVICE_PROCUREMENT
1011HG3167911-1054-5-1,MS1,INV-000363,SERVICE_PROCUREMENT
1011HG3167911-1054-6-1,MS1,INV-000363,SERVICE_PROCUREMENT
1011HG3068809-3694-1-1,MS1,INV-000363,SERVICE_PROCUREMENT
1011HG3167911-1061-1-1,MS1,INV-000363,SERVICE_PROCUREMENT
1011HG3167911-1061-2-1,MS1,INV-000363,SERVICE_PROCUREMENT
1011HG3167911-1061-3-1,MS1,INV-000363,SERVICE_PROCUREMENT
1011HG3167911-1061-4-1,MS1,INV-000363,SERVICE_PROCUREMENT
1011HG3167911-1061-5-1,MS1,INV-000363,SERVICE_PROCUREMENT
1011HG3167911-1061-6-1,MS1,INV-000363,SERVICE_PROCUREMENT
1011HG3167911-1060-1-1,MS1,INV-000363,SERVICE_PROCUREMENT
1011HG3167911-1060-2-1,MS1,INV-000363,SERVICE_PROCUREMENT
1011HG3167911-1060-3-1,MS1,INV-000363,SERVICE_PROCUREMENT
1011HG3167911-1060-4-1,MS1,INV-000363,SERVICE_PROCUREMENT
1011HG3167911-1060-5-1,MS1,INV-000363,SERVICE_PROCUREMENT
1011HG3167911-1060-6-1,MS1,INV-000363,SERVICE_PROCUREMENT
1011HG3167911-1063-1-1,MS1,INV-000363,SERVICE_PROCUREMENT
1011HG3167911-1064-1-1,MS1,INV-000363,SERVICE_PROCUREMENT
1011HG3167911-1065-1-1,MS1,INV-000363,SERVICE_PROCUREMENT
1011HG3167911-1069-1-1,MS1,INV-000363,SERVICE_PROCUREMENT
1011HG3167911-1069-2-1,MS1,INV-000363,SERVICE_PROCUREMENT
1011HG3167911-1069-3-1,MS1,INV-000363,SERVICE_PROCUREMENT
1011HG3167911-1069-4-1,MS1,INV-000363,SERVICE_PROCUREMENT
1011HG3167911-1069-5-1,MS1,INV-000363,SERVICE_PROCUREMENT
1011HG3167911-1069-6-1,MS1,INV-000363,SERVICE_PROCUREMENT
1011HG3167911-1071-1-1,MS1,INV-000363,SERVICE_PROCUREMENT
1011HG3167911-1075-1-1,MS1,INV-000363,SERVICE_PROCUREMENT
1011HG3167911-1075-2-1,MS1,INV-000363,SERVICE_PROCUREMENT
1011HG3167911-1075-3-1,MS1,INV-000363,SERVICE_PROCUREMENT
1011HG3167911-1075-4-1,MS1,INV-000363,SERVICE_PROCUREMENT
1011HG3167911-1075-5-1,MS1,INV-000363,SERVICE_PROCUREMENT
1011HG3167911-1075-6-1,MS1,INV-000363,SERVICE_PROCUREMENT
1011HG3068809-3778-1-1,MS1,INV-000363,SERVICE_PROCUREMENT
1011HG3068809-3778-2-1,MS1,INV-000363,SERVICE_PROCUREMENT
1011HG3068809-3778-3-1,MS1,INV-000363,SERVICE_PROCUREMENT
1011HG3068809-3779-1-1,MS1,INV-000363,SERVICE_PROCUREMENT
1011HG3068809-3779-2-1,MS1,INV-000363,SERVICE_PROCUREMENT
1011HG3068809-3779-3-1,MS1,INV-000363,SERVICE_PROCUREMENT
1011HG3068809-3780-1-1,MS1,INV-000363,SERVICE_PROCUREMENT
1011HG3068809-3780-2-1,MS1,INV-000363,SERVICE_PROCUREMENT
1011HG3068809-3780-3-1,MS1,INV-000363,SERVICE_PROCUREMENT
1011HG3068809-3784-1-1,MS1,INV-000363,SERVICE_PROCUREMENT
1011HG3068809-3784-2-1,MS1,INV-000363,SERVICE_PROCUREMENT
1011HG3068809-3784-3-1,MS1,INV-000363,SERVICE_PROCUREMENT
1011HG3167911-1087-1-1,MS1,INV-000363,SERVICE_PROCUREMENT
1011HG3167911-1095-1-1,MS1,INV-000363,SERVICE_PROCUREMENT
1011HG3167911-1102-1-1,MS1,INV-000363,SERVICE_PROCUREMENT
1011HG3167911-1102-2-1,MS1,INV-000363,SERVICE_PROCUREMENT
1011HG3167911-1102-3-1,MS1,INV-000363,SERVICE_PROCUREMENT
1011HG3167911-1102-4-1,MS1,INV-000363,SERVICE_PROCUREMENT
1011HG3167911-1102-5-1,MS1,INV-000363,SERVICE_PROCUREMENT
1011HG3167911-1102-6-1,MS1,INV-000363,SERVICE_PROCUREMENT
1011HG3167911-1104-1-1,MS1,INV-000363,SERVICE_PROCUREMENT
1011HG3167911-1104-2-1,MS1,INV-000363,SERVICE_PROCUREMENT
1011HG3167911-1104-3-1,MS1,INV-000363,SERVICE_PROCUREMENT
1011HG3167911-1106-1-1,MS1,INV-000363,SERVICE_PROCUREMENT
1011HG3167911-1106-2-1,MS1,INV-000363,SERVICE_PROCUREMENT
1011HG3167911-1106-3-1,MS1,INV-000363,SERVICE_PROCUREMENT
1011HG3167911-1106-4-1,MS1,INV-000363,SERVICE_PROCUREMENT
1011HG3167911-1106-5-1,MS1,INV-000363,SERVICE_PROCUREMENT
1011HG3167911-1106-6-1,MS1,INV-000363,SERVICE_PROCUREMENT
1011HG3167911-1108-1-1,MS1,INV-000363,SERVICE_PROCUREMENT
1011HG3167911-1108-2-1,MS1,INV-000363,SERVICE_PROCUREMENT
1011HG3167911-1108-3-1,MS1,INV-000363,SERVICE_PROCUREMENT
1011HG3167911-1115-1-1,MS1,INV-000363,SERVICE_PROCUREMENT
1011HG3167911-1115-2-1,MS1,INV-000363,SERVICE_PROCUREMENT
1011HG3167911-1115-3-1,MS1,INV-000363,SERVICE_PROCUREMENT
1011HG3167911-1115-4-1,MS1,INV-000363,SERVICE_PROCUREMENT
1011HG3167911-1115-5-1,MS1,INV-000363,SERVICE_PROCUREMENT
1011HG3167911-1115-6-1,MS1,INV-000363,SERVICE_PROCUREMENT
1011HG3167911-1120-1-1,MS1,INV-000363,SERVICE_PROCUREMENT
1011HG3167911-1120-2-1,MS1,INV-000363,SERVICE_PROCUREMENT
1011HG3167911-1120-3-1,MS1,INV-000363,SERVICE_PROCUREMENT
1011HG3167911-1120-4-1,MS1,INV-000363,SERVICE_PROCUREMENT
1011HG3167911-1120-5-1,MS1,INV-000363,SERVICE_PROCUREMENT
1011HG3167911-1120-6-1,MS1,INV-000363,SERVICE_PROCUREMENT
1011HG3167911-1122-1-1,MS1,INV-000363,SERVICE_PROCUREMENT
1011HG3167911-1122-2-1,MS1,INV-000363,SERVICE_PROCUREMENT
1011HG3167911-1122-3-1,MS1,INV-000363,SERVICE_PROCUREMENT
1011HG3167911-1122-4-1,MS1,INV-000363,SERVICE_PROCUREMENT
1011HG3167911-1122-5-1,MS1,INV-000363,SERVICE_PROCUREMENT
1011HG3167911-1122-6-1,MS1,INV-000363,SERVICE_PROCUREMENT
1011HG3167911-1123-1-1,MS1,INV-000363,SERVICE_PROCUREMENT
1011HG3167911-1123-2-1,MS1,INV-000363,SERVICE_PROCUREMENT
1011HG3167911-1123-3-1,MS1,INV-000363,SERVICE_PROCUREMENT
1011HG3167911-1124-1-1,MS1,INV-000363,SERVICE_PROCUREMENT
1011HG3167911-1124-2-1,MS1,INV-000363,SERVICE_PROCUREMENT
1011HG3167911-1124-3-1,MS1,INV-000363,SERVICE_PROCUREMENT
1011HG3167911-1137-1-1,MS1,INV-000363,SERVICE_PROCUREMENT
1011HG3167911-1139-1-1,MS1,INV-000363,SERVICE_PROCUREMENT
1011HG3167911-1142-1-1,MS1,INV-000363,SERVICE_PROCUREMENT
1011HG3167911-1142-2-1,MS1,INV-000363,SERVICE_PROCUREMENT
1011HG3167911-1142-3-1,MS1,INV-000363,SERVICE_PROCUREMENT
1011HG3167911-1142-4-1,MS1,INV-000363,SERVICE_PROCUREMENT
1011HG3167911-1142-5-1,MS1,INV-000363,SERVICE_PROCUREMENT
1011HG3167911-1147-1-1,MS1,INV-000363,SERVICE_PROCUREMENT
1011HG3167911-1148-1-1,MS1,INV-000363,SERVICE_PROCUREMENT
1011HG3167911-1150-1-1,MS1,INV-000363,SERVICE_PROCUREMENT
1011HG3167911-1150-2-1,MS1,INV-000363,SERVICE_PROCUREMENT
1011HG3167911-1152-1-1,MS1,INV-000363,SERVICE_PROCUREMENT
1011HG3167911-1153-1-1,MS1,INV-000363,SERVICE_PROCUREMENT
1011HG3068809-4014-1-1,MS1,INV-000363,SERVICE_PROCUREMENT
1011HG3068809-4014-2-1,MS1,INV-000363,SERVICE_PROCUREMENT
1011HG3167911-1154-1-1,MS1,INV-000363,SERVICE_PROCUREMENT
1011HG3167911-1155-1-1,MS1,INV-000363,SERVICE_PROCUREMENT
1011HG3167911-1157-1-1,MS1,INV-000363,SERVICE_PROCUREMENT
1011HG3167911-1156-1-1,MS1,INV-000363,SERVICE_PROCUREMENT
1011HG3068810-719-4-1,MS1,INV-000364,SERVICE_PROCUREMENT
1011HG3068810-721-4-1,MS1,INV-000364,SERVICE_PROCUREMENT
1011HG3068810-723-4-1,MS1,INV-000364,SERVICE_PROCUREMENT
1011HG3068810-733-2-1,MS1,INV-000364,SERVICE_PROCUREMENT
1011HG3068810-794-1-1,MS1,INV-000364,SERVICE_PROCUREMENT
1011HG3068810-794-2-1,MS1,INV-000364,SERVICE_PROCUREMENT
1011HG3068810-872-1-1,MS1,INV-000364,SERVICE_PROCUREMENT
1011HG3167911-321-1-1,MS2,INV-000364,SERVICE_PROCUREMENT
1011HG3167911-321-2-1,MS2,INV-000364,SERVICE_PROCUREMENT
1011HG3167911-321-3-1,MS2,INV-000364,SERVICE_PROCUREMENT
1011HG3167911-321-4-1,MS2,INV-000364,SERVICE_PROCUREMENT
1011HG3167911-321-5-1,MS2,INV-000364,SERVICE_PROCUREMENT
1011HG3167911-321-6-1,MS2,INV-000364,SERVICE_PROCUREMENT
1011HG3167911-322-1-1,MS1,INV-000364,SERVICE_PROCUREMENT
1011HG3068809-2798-1-1,MS1,INV-000364,SERVICE_PROCUREMENT
1011HG3167912-361-1-1,MS1,INV-000364,SERVICE_PROCUREMENT
1011HG3167911-345-1-1,MS1,INV-000364,SERVICE_PROCUREMENT
1011HG3167912-364-1-1,MS1,INV-000364,SERVICE_PROCUREMENT
1011HG3167912-365-1-1,MS1,INV-000364,SERVICE_PROCUREMENT
1011HG3167912-369-1-1,MS1,INV-000364,SERVICE_PROCUREMENT
1011HG3167912-370-1-1,MS1,INV-000364,SERVICE_PROCUREMENT
1011HG3167912-373-1-1,MS1,INV-000364,SERVICE_PROCUREMENT
1011HG3167912-374-1-1,MS1,INV-000364,SERVICE_PROCUREMENT
1011HG3167912-376-1-1,MS1,INV-000364,SERVICE_PROCUREMENT
1011HG3167912-377-1-1,MS1,INV-000364,SERVICE_PROCUREMENT
1011HG3167912-379-1-1,MS1,INV-000364,SERVICE_PROCUREMENT
1011HG3167912-382-1-1,MS1,INV-000364,SERVICE_PROCUREMENT
1011HG3167912-383-1-1,MS1,INV-000364,SERVICE_PROCUREMENT
1011HG3167912-384-1-1,MS1,INV-000364,SERVICE_PROCUREMENT
1011HG3167911-350-1-1,MS1,INV-000364,SERVICE_PROCUREMENT
1011HG3167911-351-1-1,MS1,INV-000364,SERVICE_PROCUREMENT
1011HG3167911-352-1-1,MS1,INV-000364,SERVICE_PROCUREMENT
1011HG3167912-388-1-1,MS1,INV-000364,SERVICE_PROCUREMENT
1011HG3167911-372-1-1,MS1,INV-000364,SERVICE_PROCUREMENT
1011HG3167911-373-1-1,MS1,INV-000364,SERVICE_PROCUREMENT
1011HG3167911-374-1-1,MS1,INV-000364,SERVICE_PROCUREMENT
1011HG3068809-2831-1-1,MS1,INV-000364,SERVICE_PROCUREMENT
1011HG3068809-2831-2-1,MS1,INV-000364,SERVICE_PROCUREMENT
1011HG3068809-2832-1-1,MS1,INV-000364,SERVICE_PROCUREMENT
1011HG3068809-2832-2-1,MS1,INV-000364,SERVICE_PROCUREMENT
1011HG3068810-997-2-1,MS1,INV-000364,SERVICE_PROCUREMENT
1011HG3068810-999-3-1,MS1,INV-000364,SERVICE_PROCUREMENT
1011HG3167911-450-1-1,MS1,INV-000364,SERVICE_PROCUREMENT
1011HG3167912-399-1-1,MS1,INV-000364,SERVICE_PROCUREMENT
1011HG3167911-453-1-1,MS1,INV-000364,SERVICE_PROCUREMENT
1011HG3167911-454-1-1,MS1,INV-000364,SERVICE_PROCUREMENT
1011HG3167911-455-1-1,MS1,INV-000364,SERVICE_PROCUREMENT
1011HG3167911-457-1-1,MS1,INV-000364,SERVICE_PROCUREMENT
1011HG3167912-404-1-1,MS1,INV-000364,SERVICE_PROCUREMENT
1011HG3167912-406-1-1,MS1,INV-000364,SERVICE_PROCUREMENT
1011HG3167912-408-1-1,MS1,INV-000364,SERVICE_PROCUREMENT
1011HG3167912-409-1-1,MS1,INV-000364,SERVICE_PROCUREMENT
1011HG3167911-461-1-1,MS1,INV-000364,SERVICE_PROCUREMENT
1011HG3167911-464-1-1,MS1,INV-000364,SERVICE_PROCUREMENT
1011HG3167911-465-1-1,MS1,INV-000364,SERVICE_PROCUREMENT
1011HG3167911-603-1-1,MS2,INV-000364,SERVICE_PROCUREMENT
1011HG3068809-3114-2-1,MS1,INV-000364,SERVICE_PROCUREMENT
1011HG3068809-3115-2-1,MS1,INV-000364,SERVICE_PROCUREMENT
1011HG3068809-3117-1-1,MS1,INV-000364,SERVICE_PROCUREMENT
1011HG3068809-3116-1-1,MS1,INV-000364,SERVICE_PROCUREMENT
1011HG3068809-3118-2-1,MS1,INV-000364,SERVICE_PROCUREMENT
1011HG3068809-3119-2-1,MS1,INV-000364,SERVICE_PROCUREMENT
1011HG3068809-3120-2-1,MS1,INV-000364,SERVICE_PROCUREMENT
1011HG3068809-3121-2-1,MS1,INV-000364,SERVICE_PROCUREMENT
1011HG3068809-3122-2-1,MS1,INV-000364,SERVICE_PROCUREMENT
1011HG3167912-437-1-1,MS2,INV-000364,SERVICE_PROCUREMENT
1011HG3068809-3199-1-1,MS1,INV-000364,SERVICE_PROCUREMENT
1011HG3068809-3199-3-1,MS1,INV-000364,SERVICE_PROCUREMENT
1011HG3068809-3200-2-1,MS1,INV-000364,SERVICE_PROCUREMENT
1011HG3167911-734-1-1,MS2,INV-000364,SERVICE_PROCUREMENT
1011HG3167911-740-1-1,MS2,INV-000364,SERVICE_PROCUREMENT
1011HG3167911-742-1-1,MS2,INV-000364,SERVICE_PROCUREMENT
1011HG3167911-743-1-1,MS2,INV-000364,SERVICE_PROCUREMENT
1011HG3167911-744-1-1,MS2,INV-000364,SERVICE_PROCUREMENT
1011HG3167911-745-1-1,MS2,INV-000364,SERVICE_PROCUREMENT
1011HG3167911-748-1-1,MS2,INV-000364,SERVICE_PROCUREMENT
1011HG3068809-3239-1-1,MS1,INV-000364,SERVICE_PROCUREMENT
1011HG3068809-3240-1-1,MS1,INV-000364,SERVICE_PROCUREMENT
1011HG3167911-751-1-1,MS2,INV-000364,SERVICE_PROCUREMENT
1011HG3167911-757-1-1,MS2,INV-000364,SERVICE_PROCUREMENT
1011HG3167911-782-2-1,MS1,INV-000364,SERVICE_PROCUREMENT
1011HG3068809-3289-2-1,MS1,INV-000364,SERVICE_PROCUREMENT
1011HG3068809-3290-1-1,MS1,INV-000364,SERVICE_PROCUREMENT
1011HG3068809-3290-2-1,MS1,INV-000364,SERVICE_PROCUREMENT
1011HG3068809-3291-1-1,MS1,INV-000364,SERVICE_PROCUREMENT
1011HG3167911-827-1-1,MS2,INV-000364,SERVICE_PROCUREMENT
1011HG3167911-828-1-1,MS2,INV-000364,SERVICE_PROCUREMENT
1011HG3167911-829-1-1,MS2,INV-000364,SERVICE_PROCUREMENT
1011HG3167911-838-1-1,MS2,INV-000364,SERVICE_PROCUREMENT
1011HG3167911-861-1-1,MS2,INV-000364,SERVICE_PROCUREMENT
1011HG3167911-862-1-1,MS2,INV-000364,SERVICE_PROCUREMENT
1011HG3167911-884-1-1,MS1,INV-000364,SERVICE_PROCUREMENT
1011HG3167911-887-1-1,MS1,INV-000364,SERVICE_PROCUREMENT
1011HG3167911-889-1-1,MS1,INV-000364,SERVICE_PROCUREMENT
1011HG3167911-892-2-1,MS1,INV-000364,SERVICE_PROCUREMENT
1011HG3068809-3398-3-1,MS1,INV-000364,SERVICE_PROCUREMENT
1011HG3068809-3399-3-1,MS1,INV-000364,SERVICE_PROCUREMENT
1011HG3068810-1126-1-1,MS1,INV-000364,SERVICE_PROCUREMENT
1011HG3068810-1126-2-1,MS1,INV-000364,SERVICE_PROCUREMENT
1011HG3068809-3400-1-1,MS1,INV-000364,SERVICE_PROCUREMENT
1011HG3068809-3401-1-1,MS1,INV-000364,SERVICE_PROCUREMENT
1011HG3068809-3401-2-1,MS1,INV-000364,SERVICE_PROCUREMENT
1011HG3068809-3402-2-1,MS1,INV-000364,SERVICE_PROCUREMENT
1011HG3068809-3430-2-1,MS1,INV-000364,SERVICE_PROCUREMENT
1011HG3068809-3430-3-1,MS1,INV-000364,SERVICE_PROCUREMENT
1011HG3068809-3431-2-1,MS1,INV-000364,SERVICE_PROCUREMENT
1011HG3068809-3431-3-1,MS1,INV-000364,SERVICE_PROCUREMENT
1011HG3068809-3432-2-1,MS1,INV-000364,SERVICE_PROCUREMENT
1011HG3167911-910-2-1,MS1,INV-000364,SERVICE_PROCUREMENT
1011HG3167911-945-1-1,MS1,INV-000364,SERVICE_PROCUREMENT
1011HG3068809-3542-1-1,MS1,INV-000364,SERVICE_PROCUREMENT
1011HG3068809-3543-2-1,MS1,INV-000364,SERVICE_PROCUREMENT
1011HG3167911-989-1-1,MS1,INV-000364,SERVICE_PROCUREMENT
1011HG3167911-989-2-1,MS1,INV-000364,SERVICE_PROCUREMENT
1011HG3167911-989-3-1,MS1,INV-000364,SERVICE_PROCUREMENT
1011HG3167911-989-4-1,MS1,INV-000364,SERVICE_PROCUREMENT
1011HG3167911-1030-1-1,MS1,INV-000364,SERVICE_PROCUREMENT
1011HG3068809-3623-1-1,MS1,INV-000364,SERVICE_PROCUREMENT
1011HG3068809-3626-1-1,MS1,INV-000364,SERVICE_PROCUREMENT
1011HG3068809-3660-1-1,MS1,INV-000364,SERVICE_PROCUREMENT
1011HG3068809-3665-1-1,MS1,INV-000364,SERVICE_PROCUREMENT
1011HG3068809-3667-1-1,MS1,INV-000364,SERVICE_PROCUREMENT
1011HG3068810-1179-2-1,MS1,INV-000364,SERVICE_PROCUREMENT
1011HG3068810-1180-2-1,MS1,INV-000364,SERVICE_PROCUREMENT
1011HG3068810-1181-1-1,MS1,INV-000364,SERVICE_PROCUREMENT
1011HG3068810-1183-1-1,MS1,INV-000364,SERVICE_PROCUREMENT
1011HG3167911-1049-1-1,MS2,INV-000364,SERVICE_PROCUREMENT
1011HG3068809-3679-1-1,MS1,INV-000364,SERVICE_PROCUREMENT
1011HG3068810-1192-2-1,MS1,INV-000364,SERVICE_PROCUREMENT
1011HG3068809-3696-1-1,MS1,INV-000364,SERVICE_PROCUREMENT
1011HG3068809-3697-1-1,MS1,INV-000364,SERVICE_PROCUREMENT
1011HG3167911-1066-1-1,MS1,INV-000364,SERVICE_PROCUREMENT
1011HG3167911-1066-2-1,MS1,INV-000364,SERVICE_PROCUREMENT
1011HG3167911-1066-3-1,MS1,INV-000364,SERVICE_PROCUREMENT
1011HG3167911-1066-4-1,MS1,INV-000364,SERVICE_PROCUREMENT
1011HG3167911-1066-5-1,MS1,INV-000364,SERVICE_PROCUREMENT
1011HG3167911-1066-6-1,MS1,INV-000364,SERVICE_PROCUREMENT
1011HG3167911-1095-1-1,MS2,INV-000364,SERVICE_PROCUREMENT
1011HG3068809-3802-2-1,MS1,INV-000364,SERVICE_PROCUREMENT
1011HG3068809-3802-3-1,MS1,INV-000364,SERVICE_PROCUREMENT
1011HG3068809-3802-4-1,MS1,INV-000364,SERVICE_PROCUREMENT
1011HG3068810-1240-1-1,MS1,INV-000364,SERVICE_PROCUREMENT
1011HG3068809-3814-1-1,MS1,INV-000364,SERVICE_PROCUREMENT
1011HG3068809-3831-1-1,MS1,INV-000364,SERVICE_PROCUREMENT
1011HG3068809-3831-2-1,MS1,INV-000364,SERVICE_PROCUREMENT
1011HG3068809-3841-1-1,MS1,INV-000364,SERVICE_PROCUREMENT
1011HG3068809-3852-2-1,MS1,INV-000364,SERVICE_PROCUREMENT
1011HG3068809-3853-2-1,MS1,INV-000364,SERVICE_PROCUREMENT
1011HG3068809-3854-1-1,MS1,INV-000364,SERVICE_PROCUREMENT
1011HG3068809-3855-1-1,MS1,INV-000364,SERVICE_PROCUREMENT
1011HG3068809-3869-1-1,MS1,INV-000364,SERVICE_PROCUREMENT
1011HG3068809-3870-1-1,MS1,INV-000364,SERVICE_PROCUREMENT
1011HG3068809-3871-1-1,MS1,INV-000364,SERVICE_PROCUREMENT
1011HG3068809-3884-1-1,MS1,INV-000364,SERVICE_PROCUREMENT
1011HG3068809-3918-2-1,MS1,INV-000364,SERVICE_PROCUREMENT
1011HG3068809-3918-3-1,MS1,INV-000364,SERVICE_PROCUREMENT
1011HG3068809-3922-2-1,MS1,INV-000364,SERVICE_PROCUREMENT
1011HG3167911-1133-1-1,MS1,INV-000364,SERVICE_PROCUREMENT
1011HG3167911-1133-2-1,MS1,INV-000364,SERVICE_PROCUREMENT
1011HG3167911-1133-3-1,MS1,INV-000364,SERVICE_PROCUREMENT
1011HG3167911-1133-4-1,MS1,INV-000364,SERVICE_PROCUREMENT
1011HG3167911-1134-2-1,MS1,INV-000364,SERVICE_PROCUREMENT
1011HG3167911-1138-1-1,MS1,INV-000364,SERVICE_PROCUREMENT
1011HG3167911-1140-1-1,MS1,INV-000364,SERVICE_PROCUREMENT
1011HG3068809-3963-1-1,MS1,INV-000364,SERVICE_PROCUREMENT
1011HG3068809-3963-2-1,MS1,INV-000364,SERVICE_PROCUREMENT
1011HG3068809-4005-1-1,MS1,INV-000364,SERVICE_PROCUREMENT
1011HG3068809-4006-1-1,MS1,INV-000364,SERVICE_PROCUREMENT
1011HG3068809-4033-1-1,MS1,INV-000364,SERVICE_PROCUREMENT
1011HG3068809-4034-1-1,MS1,INV-000364,SERVICE_PROCUREMENT
1011HG3068809-4037-1-1,MS1,INV-000364,SERVICE_PROCUREMENT
1011HG3068809-4038-1-1,MS1,INV-000364,SERVICE_PROCUREMENT
1011HG3068810-1368-1-1,MS1,INV-000364,SERVICE_PROCUREMENT
1011HG3068809-4050-1-1,MS1,INV-000364,SERVICE_PROCUREMENT
1011HG3068809-4050-2-1,MS1,INV-000364,SERVICE_PROCUREMENT
1011HG3068809-4054-1-1,MS1,INV-000364,SERVICE_PROCUREMENT
1011HG3068809-4054-2-1,MS1,INV-000364,SERVICE_PROCUREMENT
1011HG3167911-1176-1-1,MS1,INV-000364,SERVICE_PROCUREMENT
1011HG3167911-1176-2-1,MS1,INV-000364,SERVICE_PROCUREMENT
1011HG3167911-1176-3-1,MS1,INV-000364,SERVICE_PROCUREMENT
1011HG3167911-1176-4-1,MS1,INV-000364,SERVICE_PROCUREMENT
1011HG3167911-1176-5-1,MS1,INV-000364,SERVICE_PROCUREMENT
1011HG3167911-1176-6-1,MS1,INV-000364,SERVICE_PROCUREMENT
1011HG3167911-1183-1-1,MS1,INV-000364,SERVICE_PROCUREMENT
1011HG3068809-4121-1-1,MS1,INV-000364,SERVICE_PROCUREMENT
1011HG3068809-4127-1-1,MS1,INV-000364,SERVICE_PROCUREMENT
1011HG3068809-4128-1-1,MS1,INV-000364,SERVICE_PROCUREMENT
1011HG3068809-4130-1-1,MS1,INV-000364,SERVICE_PROCUREMENT
1011HG3068809-4131-1-1,MS1,INV-000364,SERVICE_PROCUREMENT
1011HG3167911-1200-1-1,MS1,INV-000364,SERVICE_PROCUREMENT
1011HG3167911-1200-2-1,MS1,INV-000364,SERVICE_PROCUREMENT
1011HG3167911-1200-3-1,MS1,INV-000364,SERVICE_PROCUREMENT
1011HG3167911-1200-4-1,MS1,INV-000364,SERVICE_PROCUREMENT
1011HG3167911-1200-5-1,MS1,INV-000364,SERVICE_PROCUREMENT
1011HG3167911-1200-6-1,MS1,INV-000364,SERVICE_PROCUREMENT
1011HG3167911-1203-1-1,MS1,INV-000364,SERVICE_PROCUREMENT
1011HG3167911-496-1-1,MS2,INV-000365,SERVICE_PROCUREMENT
1011HG3167911-496-2-1,MS2,INV-000365,SERVICE_PROCUREMENT
1011HG3167911-496-3-1,MS2,INV-000365,SERVICE_PROCUREMENT
1011HG3167911-496-4-1,MS2,INV-000365,SERVICE_PROCUREMENT
1011HG3167911-496-5-1,MS2,INV-000365,SERVICE_PROCUREMENT
1011HG3167911-498-1-1,MS1,INV-000365,SERVICE_PROCUREMENT
1011HG3167911-581-1-1,MS2,INV-000365,SERVICE_PROCUREMENT
1011HG3167911-607-1-1,MS2,INV-000365,SERVICE_PROCUREMENT
1011HG3167911-642-1-1,MS2,INV-000365,SERVICE_PROCUREMENT
1011HG3167911-642-2-1,MS2,INV-000365,SERVICE_PROCUREMENT
1011HG3167911-642-3-1,MS2,INV-000365,SERVICE_PROCUREMENT
1011HG3167911-643-1-1,MS1,INV-000365,SERVICE_PROCUREMENT
1011HG3167911-935-1-1,MS1,INV-000365,SERVICE_PROCUREMENT
1011HG3167911-935-3-1,MS1,INV-000365,SERVICE_PROCUREMENT
1011HG3167911-935-4-1,MS1,INV-000365,SERVICE_PROCUREMENT
1011HG3167911-1125-1-1,MS1,INV-000365,SERVICE_PROCUREMENT
1011HG3167911-1125-2-1,MS1,INV-000365,SERVICE_PROCUREMENT
1011HG3167911-1125-3-1,MS1,INV-000365,SERVICE_PROCUREMENT
1011HG3167911-1125-4-1,MS1,INV-000365,SERVICE_PROCUREMENT
1011HG3167911-1125-5-1,MS1,INV-000365,SERVICE_PROCUREMENT
1011HG3167911-1125-6-1,MS1,INV-000365,SERVICE_PROCUREMENT
1011HG3167911-1126-1-1,MS1,INV-000365,SERVICE_PROCUREMENT
1011HG3167911-1126-2-1,MS1,INV-000365,SERVICE_PROCUREMENT
1011HG3167911-1126-3-1,MS1,INV-000365,SERVICE_PROCUREMENT
1011HG3167911-1126-4-1,MS1,INV-000365,SERVICE_PROCUREMENT
1011HG3167911-1126-5-1,MS1,INV-000365,SERVICE_PROCUREMENT
1011HG3167911-1127-1-1,MS1,INV-000365,SERVICE_PROCUREMENT
1011HG3167911-1127-2-1,MS1,INV-000365,SERVICE_PROCUREMENT
1011HG3167911-1127-3-1,MS1,INV-000365,SERVICE_PROCUREMENT
1011HG3167911-1127-4-1,MS1,INV-000365,SERVICE_PROCUREMENT
1011HG3167911-1127-5-1,MS1,INV-000365,SERVICE_PROCUREMENT
1011HG3167911-1128-1-1,MS1,INV-000365,SERVICE_PROCUREMENT
1011HG3167911-1128-2-1,MS1,INV-000365,SERVICE_PROCUREMENT
1011HG3167911-1128-3-1,MS1,INV-000365,SERVICE_PROCUREMENT
1011HG3167911-1128-4-1,MS1,INV-000365,SERVICE_PROCUREMENT
1011HG3167911-1128-5-1,MS1,INV-000365,SERVICE_PROCUREMENT
1011HG3167911-1132-1-1,MS1,INV-000365,SERVICE_PROCUREMENT
1011HG3167911-1132-2-1,MS1,INV-000365,SERVICE_PROCUREMENT
1011HG3167911-1132-4-1,MS1,INV-000365,SERVICE_PROCUREMENT
1011HG3167911-1132-5-1,MS1,INV-000365,SERVICE_PROCUREMENT
1011HG3167911-1131-1-1,MS1,INV-000365,SERVICE_PROCUREMENT
1011HG3167911-1131-2-1,MS1,INV-000365,SERVICE_PROCUREMENT
1011HG3167911-1131-3-1,MS1,INV-000365,SERVICE_PROCUREMENT
1011HG3167911-1131-4-1,MS1,INV-000365,SERVICE_PROCUREMENT
1011HG3167911-1136-1-1,MS1,INV-000365,SERVICE_PROCUREMENT
1011HG3167911-1136-2-1,MS1,INV-000365,SERVICE_PROCUREMENT
1011HG3167911-1136-3-1,MS1,INV-000365,SERVICE_PROCUREMENT
1011HG3167911-1136-4-1,MS1,INV-000365,SERVICE_PROCUREMENT
1011HG3167911-1136-5-1,MS1,INV-000365,SERVICE_PROCUREMENT
1011HG3167911-1145-1-1,MS1,INV-000365,SERVICE_PROCUREMENT
1011HG3167911-1146-1-1,MS1,INV-000365,SERVICE_PROCUREMENT
1011HG3068809-1827-2-1,MS1,INV-000366,SERVICE_PROCUREMENT
1011HG3167911-142-1-1,MS1,INV-000366,SERVICE_PROCUREMENT
1011HG3167912-238-1-1,MS2,INV-000366,SERVICE_PROCUREMENT
1011HG3167912-247-1-1,MS1,INV-000366,SERVICE_PROCUREMENT
1011HG3167911-329-1-1,MS1,INV-000366,SERVICE_PROCUREMENT
1011HG3167911-433-2-1,MS2,INV-000366,SERVICE_PROCUREMENT
1011HG3167911-447-1-1,MS2,INV-000366,SERVICE_PROCUREMENT
1011HG3167911-469-1-1,MS1,INV-000366,SERVICE_PROCUREMENT
1011HG3167911-469-2-1,MS1,INV-000366,SERVICE_PROCUREMENT
1011HG3167911-469-3-1,MS1,INV-000366,SERVICE_PROCUREMENT
1011HG3167911-469-4-1,MS1,INV-000366,SERVICE_PROCUREMENT
1011HG3167911-483-1-1,MS1,INV-000366,SERVICE_PROCUREMENT
1011HG3167911-484-1-1,MS2,INV-000366,SERVICE_PROCUREMENT
1011HG3167911-484-2-1,MS2,INV-000366,SERVICE_PROCUREMENT
1011HG3167911-484-3-1,MS2,INV-000366,SERVICE_PROCUREMENT
1011HG3167911-484-4-1,MS2,INV-000366,SERVICE_PROCUREMENT
1011HG3167911-626-1-1,MS1,INV-000366,SERVICE_PROCUREMENT
1011HG3167911-626-2-1,MS1,INV-000366,SERVICE_PROCUREMENT
1011HG3167911-688-1-1,MS1,INV-000366,SERVICE_PROCUREMENT
1011HG3167911-689-1-1,MS2,INV-000366,SERVICE_PROCUREMENT
1011HG3167911-689-2-1,MS2,INV-000366,SERVICE_PROCUREMENT
1011HG3167911-689-3-1,MS2,INV-000366,SERVICE_PROCUREMENT
1011HG3167911-689-4-1,MS2,INV-000366,SERVICE_PROCUREMENT
1011HG3167911-689-5-1,MS2,INV-000366,SERVICE_PROCUREMENT
1011HG3068809-3452-1-1,MS1,INV-000366,SERVICE_PROCUREMENT
1011HG3068809-3453-1-1,MS1,INV-000366,SERVICE_PROCUREMENT
1011HG3068809-3454-1-1,MS1,INV-000366,SERVICE_PROCUREMENT
1011HG3068809-3455-1-1,MS1,INV-000366,SERVICE_PROCUREMENT
1011HG3068809-3456-1-1,MS1,INV-000366,SERVICE_PROCUREMENT
1011HG3068809-3457-1-1,MS1,INV-000366,SERVICE_PROCUREMENT
1011HG3068809-3458-1-1,MS1,INV-000366,SERVICE_PROCUREMENT
1011HG3068809-3459-1-1,MS1,INV-000366,SERVICE_PROCUREMENT
1011HG3068809-3460-1-1,MS1,INV-000366,SERVICE_PROCUREMENT
1011HG3068809-3461-1-1,MS1,INV-000366,SERVICE_PROCUREMENT
1011HG3068809-3462-1-1,MS1,INV-000366,SERVICE_PROCUREMENT
1011HG3068809-3463-1-1,MS1,INV-000366,SERVICE_PROCUREMENT
1011HG3167911-924-1-1,MS1,INV-000366,SERVICE_PROCUREMENT
1011HG3167911-925-1-1,MS2,INV-000366,SERVICE_PROCUREMENT
1011HG3167911-925-2-1,MS2,INV-000366,SERVICE_PROCUREMENT
1011HG3167911-925-3-1,MS2,INV-000366,SERVICE_PROCUREMENT
1011HG3167911-925-4-1,MS2,INV-000366,SERVICE_PROCUREMENT
1011HG3167911-1023-1-1,MS1,INV-000366,SERVICE_PROCUREMENT
1011HG3167911-1025-1-1,MS1,INV-000366,SERVICE_PROCUREMENT
1011HG3167911-1025-2-1,MS1,INV-000366,SERVICE_PROCUREMENT
1011HG3068809-3571-2-1,MS1,INV-000366,SERVICE_PROCUREMENT
1011HG3068809-3571-3-1,MS1,INV-000366,SERVICE_PROCUREMENT
1011HG3068809-3572-2-1,MS1,INV-000366,SERVICE_PROCUREMENT
1011HG3068809-3572-3-1,MS1,INV-000366,SERVICE_PROCUREMENT
1011HG3068809-3765-1-1,MS1,INV-000366,SERVICE_PROCUREMENT
1011HG3068809-3765-2-1,MS1,INV-000366,SERVICE_PROCUREMENT
1011HG3068809-3765-3-1,MS1,INV-000366,SERVICE_PROCUREMENT
1011HG3068809-3916-1-1,MS1,INV-000366,SERVICE_PROCUREMENT
1011HG3068809-3916-2-1,MS1,INV-000366,SERVICE_PROCUREMENT
1011HG3068809-3916-3-1,MS1,INV-000366,SERVICE_PROCUREMENT
1011HG3068809-3916-4-1,MS1,INV-000366,SERVICE_PROCUREMENT
1011HG3068809-3921-1-1,MS1,INV-000366,SERVICE_PROCUREMENT
1011HG3068809-3990-1-1,MS1,INV-000366,SERVICE_PROCUREMENT
1011HG3068809-3992-2-1,MS1,INV-000366,SERVICE_PROCUREMENT
1011HG3167912-499-1-1,MS1,INV-000366,SERVICE_PROCUREMENT
1011HG3167912-499-2-1,MS1,INV-000366,SERVICE_PROCUREMENT
1011HG3167911-1167-1-1,MS1,INV-000366,SERVICE_PROCUREMENT
1011HG3167911-1196-1-1,MS1,INV-000366,SERVICE_PROCUREMENT
1011HG3167911-1197-1-1,MS1,INV-000366,SERVICE_PROCUREMENT
1011HG3167911-1198-1-1,MS1,INV-000366,SERVICE_PROCUREMENT
1011HG3167911-1199-1-1,MS1,INV-000366,SERVICE_PROCUREMENT
1011HG3068809-4129-1-1,MS1,INV-000366,SERVICE_PROCUREMENT
1011HG3167911-612-1-1,MS2,INV-000369,SERVICE_PROCUREMENT
1011HG3167911-620-1-1,MS2,INV-000369,SERVICE_PROCUREMENT
1011HG3167911-786-1-1,MS2,INV-000369,SERVICE_PROCUREMENT
1011HG3167911-786-2-1,MS2,INV-000369,SERVICE_PROCUREMENT
1011HG3167911-786-3-1,MS2,INV-000369,SERVICE_PROCUREMENT
1011HG3167911-786-4-1,MS2,INV-000369,SERVICE_PROCUREMENT
1011HG3167911-786-5-1,MS2,INV-000369,SERVICE_PROCUREMENT
1011HG3167911-787-1-1,MS1,INV-000369,SERVICE_PROCUREMENT
1011HG3167911-860-1-1,MS2,INV-000369,SERVICE_PROCUREMENT
1011HG3167911-926-1-1,MS2,INV-000369,SERVICE_PROCUREMENT
1011HG3068809-3995-1-1,MS1,INV-000369,SERVICE_PROCUREMENT
1011HG3068809-3996-1-1,MS1,INV-000369,SERVICE_PROCUREMENT
1011HG3167911-1180-1-1,MS1,INV-000369,SERVICE_PROCUREMENT
1011HG3167911-1180-2-1,MS1,INV-000369,SERVICE_PROCUREMENT
1011HG3167911-1180-3-1,MS1,INV-000369,SERVICE_PROCUREMENT
1011HG3167911-1180-4-1,MS1,INV-000369,SERVICE_PROCUREMENT
1011HG3167911-1180-5-1,MS1,INV-000369,SERVICE_PROCUREMENT
1011HG3167911-1187-1-1,MS1,INV-000369,SERVICE_PROCUREMENT
1011HG3167911-1208-1-1,MS1,INV-000369,SERVICE_PROCUREMENT
1011HG3167911-1210-1-1,MS1,INV-000369,SERVICE_PROCUREMENT
1011HG3167911-1211-1-1,MS1,INV-000369,SERVICE_PROCUREMENT
1011HG3068810-712-3-1,MS1,INV-000370,SERVICE_PROCUREMENT
1011HG3068809-2795-1-1,MS1,INV-000370,SERVICE_PROCUREMENT
1011HG3068809-2829-1-1,MS1,INV-000370,SERVICE_PROCUREMENT
1011HG3068809-2829-2-1,MS1,INV-000370,SERVICE_PROCUREMENT
1011HG3167911-407-1-1,MS1,INV-000370,SERVICE_PROCUREMENT
1011HG3167911-408-1-1,MS2,INV-000370,SERVICE_PROCUREMENT
1011HG3167911-408-2-1,MS2,INV-000370,SERVICE_PROCUREMENT
1011HG3167911-408-3-1,MS2,INV-000370,SERVICE_PROCUREMENT
1011HG3167911-408-4-1,MS2,INV-000370,SERVICE_PROCUREMENT
1011HG3167911-408-5-1,MS2,INV-000370,SERVICE_PROCUREMENT
1011HG3068810-1005-3-1,MS1,INV-000370,SERVICE_PROCUREMENT
1011HG3068810-1005-6-1,MS1,INV-000370,SERVICE_PROCUREMENT
1011HG3068810-1006-3-1,MS1,INV-000370,SERVICE_PROCUREMENT
1011HG3068810-1006-6-1,MS1,INV-000370,SERVICE_PROCUREMENT
1011HG3167911-504-1-1,MS1,INV-000370,SERVICE_PROCUREMENT
1011HG3167911-506-1-1,MS2,INV-000370,SERVICE_PROCUREMENT
1011HG3167911-506-2-1,MS2,INV-000370,SERVICE_PROCUREMENT
1011HG3167911-506-3-1,MS2,INV-000370,SERVICE_PROCUREMENT
1011HG3167911-506-4-1,MS2,INV-000370,SERVICE_PROCUREMENT
1011HG3167911-506-5-1,MS2,INV-000370,SERVICE_PROCUREMENT
1011HG3167911-520-1-1,MS1,INV-000370,SERVICE_PROCUREMENT
1011HG3167911-522-1-1,MS2,INV-000370,SERVICE_PROCUREMENT
1011HG3167911-522-2-1,MS2,INV-000370,SERVICE_PROCUREMENT
1011HG3167911-522-3-1,MS2,INV-000370,SERVICE_PROCUREMENT
1011HG3167911-522-4-1,MS2,INV-000370,SERVICE_PROCUREMENT
1011HG3068809-3199-2-1,MS1,INV-000370,SERVICE_PROCUREMENT
1011HG3068810-1126-3-1,MS1,INV-000370,SERVICE_PROCUREMENT
1011HG3068809-3400-3-1,MS1,INV-000370,SERVICE_PROCUREMENT
1011HG3068809-3401-3-1,MS1,INV-000370,SERVICE_PROCUREMENT
1011HG3068809-3484-5-1,MS1,INV-000370,SERVICE_PROCUREMENT
1011HG3068809-3485-5-1,MS1,INV-000370,SERVICE_PROCUREMENT
1011HG3068809-3528-2-1,MS1,INV-000370,SERVICE_PROCUREMENT
1011HG3068809-3529-2-1,MS1,INV-000370,SERVICE_PROCUREMENT
1011HG3068809-3625-1-1,MS1,INV-000370,SERVICE_PROCUREMENT
1011HG3068810-1173-1-1,MS1,INV-000370,SERVICE_PROCUREMENT
1011HG3068810-1174-1-1,MS1,INV-000370,SERVICE_PROCUREMENT
1011HG3068810-1175-1-1,MS1,INV-000370,SERVICE_PROCUREMENT
1011HG3068810-1176-1-1,MS1,INV-000370,SERVICE_PROCUREMENT
1011HG3068809-3711-1-1,MS1,INV-000370,SERVICE_PROCUREMENT
1011HG3068810-1201-1-1,MS1,INV-000370,SERVICE_PROCUREMENT
1011HG3068809-3713-1-1,MS1,INV-000370,SERVICE_PROCUREMENT
1011HG3068809-3714-1-1,MS1,INV-000370,SERVICE_PROCUREMENT
1011HG3068809-3715-1-1,MS1,INV-000370,SERVICE_PROCUREMENT
1011HG3068809-3716-1-1,MS1,INV-000370,SERVICE_PROCUREMENT
1011HG3068809-3717-1-1,MS1,INV-000370,SERVICE_PROCUREMENT
1011HG3068809-3718-1-1,MS1,INV-000370,SERVICE_PROCUREMENT
1011HG3068809-3719-1-1,MS1,INV-000370,SERVICE_PROCUREMENT
1011HG3068809-3720-1-1,MS1,INV-000370,SERVICE_PROCUREMENT
1011HG3068809-3722-1-1,MS1,INV-000370,SERVICE_PROCUREMENT
1011HG3068809-3725-1-1,MS1,INV-000370,SERVICE_PROCUREMENT
1011HG3068809-3728-1-1,MS1,INV-000370,SERVICE_PROCUREMENT
1011HG3068810-1211-1-1,MS1,INV-000370,SERVICE_PROCUREMENT
1011HG3068809-3785-1-1,MS1,INV-000370,SERVICE_PROCUREMENT
1011HG3068809-3786-1-1,MS1,INV-000370,SERVICE_PROCUREMENT
1011HG3068809-3787-1-1,MS1,INV-000370,SERVICE_PROCUREMENT
1011HG3068809-3788-1-1,MS1,INV-000370,SERVICE_PROCUREMENT
1011HG3068809-3791-1-1,MS1,INV-000370,SERVICE_PROCUREMENT
1011HG3068809-3792-1-1,MS1,INV-000370,SERVICE_PROCUREMENT
1011HG3068809-3814-2-1,MS1,INV-000370,SERVICE_PROCUREMENT
1011HG3068809-3842-1-1,MS1,INV-000370,SERVICE_PROCUREMENT
1011HG3068810-1255-1-1,MS1,INV-000370,SERVICE_PROCUREMENT
1011HG3068810-1256-1-1,MS1,INV-000370,SERVICE_PROCUREMENT
1011HG3068809-3852-1-1,MS1,INV-000370,SERVICE_PROCUREMENT
1011HG3068809-3853-1-1,MS1,INV-000370,SERVICE_PROCUREMENT
1011HG3068809-3854-2-1,MS1,INV-000370,SERVICE_PROCUREMENT
1011HG3068809-3855-2-1,MS1,INV-000370,SERVICE_PROCUREMENT
1011HG3068810-1290-1-1,MS1,INV-000370,SERVICE_PROCUREMENT
1011HG3068810-1291-1-1,MS1,INV-000370,SERVICE_PROCUREMENT
1011HG3068810-1292-1-1,MS1,INV-000370,SERVICE_PROCUREMENT
1011HG3068809-3923-1-1,MS1,INV-000370,SERVICE_PROCUREMENT
1011HG3068809-3924-1-1,MS1,INV-000370,SERVICE_PROCUREMENT
1011HG3068809-3925-1-1,MS1,INV-000370,SERVICE_PROCUREMENT
1011HG3068809-3926-1-1,MS1,INV-000370,SERVICE_PROCUREMENT
1011HG3068809-3927-1-1,MS1,INV-000370,SERVICE_PROCUREMENT
1011HG3068809-3929-1-1,MS1,INV-000370,SERVICE_PROCUREMENT
1011HG3068809-3930-1-1,MS1,INV-000370,SERVICE_PROCUREMENT
1011HG3068809-3931-1-1,MS1,INV-000370,SERVICE_PROCUREMENT
1011HG3068810-1293-1-1,MS1,INV-000370,SERVICE_PROCUREMENT
1011HG3068809-3932-1-1,MS1,INV-000370,SERVICE_PROCUREMENT
1011HG3068810-1295-1-1,MS1,INV-000370,SERVICE_PROCUREMENT
1011HG3068810-1296-1-1,MS1,INV-000370,SERVICE_PROCUREMENT
1011HG3068809-3933-1-1,MS1,INV-000370,SERVICE_PROCUREMENT
1011HG3068809-3934-1-1,MS1,INV-000370,SERVICE_PROCUREMENT
1011HG3068809-3935-1-1,MS1,INV-000370,SERVICE_PROCUREMENT
1011HG3068809-3936-1-1,MS1,INV-000370,SERVICE_PROCUREMENT
1011HG3068809-3937-1-1,MS1,INV-000370,SERVICE_PROCUREMENT
1011HG3068809-3955-2-1,MS1,INV-000370,SERVICE_PROCUREMENT
1011HG3068809-3955-3-1,MS1,INV-000370,SERVICE_PROCUREMENT
1011HG3068809-3956-1-1,MS1,INV-000370,SERVICE_PROCUREMENT
1011HG3068809-3956-2-1,MS1,INV-000370,SERVICE_PROCUREMENT
1011HG3068809-3956-3-1,MS1,INV-000370,SERVICE_PROCUREMENT
1011HG3068809-3956-4-1,MS1,INV-000370,SERVICE_PROCUREMENT
1011HG3068809-3957-1-1,MS1,INV-000370,SERVICE_PROCUREMENT
1011HG3068809-3957-2-1,MS1,INV-000370,SERVICE_PROCUREMENT
1011HG3068809-3957-3-1,MS1,INV-000370,SERVICE_PROCUREMENT
1011HG3068809-3957-4-1,MS1,INV-000370,SERVICE_PROCUREMENT
1011HG3068809-3958-1-1,MS1,INV-000370,SERVICE_PROCUREMENT
1011HG3068809-3958-2-1,MS1,INV-000370,SERVICE_PROCUREMENT
1011HG3068809-3959-1-1,MS1,INV-000370,SERVICE_PROCUREMENT
1011HG3068809-3959-2-1,MS1,INV-000370,SERVICE_PROCUREMENT
1011HG3068809-3959-3-1,MS1,INV-000370,SERVICE_PROCUREMENT
1011HG3068809-3959-4-1,MS1,INV-000370,SERVICE_PROCUREMENT
1011HG3068809-3960-1-1,MS1,INV-000370,SERVICE_PROCUREMENT
1011HG3068809-3960-2-1,MS1,INV-000370,SERVICE_PROCUREMENT
1011HG3068809-3960-3-1,MS1,INV-000370,SERVICE_PROCUREMENT
1011HG3068809-3960-4-1,MS1,INV-000370,SERVICE_PROCUREMENT
1011HG3068809-3961-1-1,MS1,INV-000370,SERVICE_PROCUREMENT
1011HG3068809-3961-2-1,MS1,INV-000370,SERVICE_PROCUREMENT
1011HG3068809-3961-4-1,MS1,INV-000370,SERVICE_PROCUREMENT
1011HG3068809-3974-2-1,MS1,INV-000370,SERVICE_PROCUREMENT
1011HG3068809-3975-2-1,MS1,INV-000370,SERVICE_PROCUREMENT
1011HG3068809-3993-1-1,MS1,INV-000370,SERVICE_PROCUREMENT
1011HG3068809-3994-1-1,MS1,INV-000370,SERVICE_PROCUREMENT
1011HG3068809-3997-1-1,MS1,INV-000370,SERVICE_PROCUREMENT
1011HG3068809-4001-1-1,MS1,INV-000370,SERVICE_PROCUREMENT
1011HG3068809-4002-1-1,MS1,INV-000370,SERVICE_PROCUREMENT
1011HG3068810-1313-1-1,MS1,INV-000370,SERVICE_PROCUREMENT
1011HG3068810-1314-1-1,MS1,INV-000370,SERVICE_PROCUREMENT
1011HG3068810-1315-1-1,MS1,INV-000370,SERVICE_PROCUREMENT
1011HG3068809-4018-1-1,MS1,INV-000370,SERVICE_PROCUREMENT
1011HG3068809-4019-1-1,MS1,INV-000370,SERVICE_PROCUREMENT
1011HG3068809-4020-1-1,MS1,INV-000370,SERVICE_PROCUREMENT
1011HG3068809-4021-1-1,MS1,INV-000370,SERVICE_PROCUREMENT
1011HG3068810-1319-1-1,MS1,INV-000370,SERVICE_PROCUREMENT
1011HG3068810-1320-1-1,MS1,INV-000370,SERVICE_PROCUREMENT
1011HG3068810-1321-1-1,MS1,INV-000370,SERVICE_PROCUREMENT
1011HG3068810-1324-1-1,MS1,INV-000370,SERVICE_PROCUREMENT
1011HG3068810-1326-1-1,MS1,INV-000370,SERVICE_PROCUREMENT
1011HG3068810-1334-1-1,MS1,INV-000370,SERVICE_PROCUREMENT
1011HG3068810-1335-1-1,MS1,INV-000370,SERVICE_PROCUREMENT
1011HG3068810-1345-1-1,MS1,INV-000370,SERVICE_PROCUREMENT
1011HG3068810-1359-1-1,MS1,INV-000370,SERVICE_PROCUREMENT
1011HG3068810-1361-1-1,MS1,INV-000370,SERVICE_PROCUREMENT
1011HG3068810-1362-1-1,MS1,INV-000370,SERVICE_PROCUREMENT
1011HG3068810-1364-1-1,MS1,INV-000370,SERVICE_PROCUREMENT
1011HG3068809-4076-1-1,MS1,INV-000370,SERVICE_PROCUREMENT
1011HG3068809-4077-1-1,MS1,INV-000370,SERVICE_PROCUREMENT
1011HG3068809-4078-1-1,MS1,INV-000370,SERVICE_PROCUREMENT
1011HG3068809-4079-1-1,MS1,INV-000370,SERVICE_PROCUREMENT
1011HG3068809-4080-1-1,MS1,INV-000370,SERVICE_PROCUREMENT
1011HG3068809-4081-1-1,MS1,INV-000370,SERVICE_PROCUREMENT
1011HG3068809-4082-1-1,MS1,INV-000370,SERVICE_PROCUREMENT
1011HG3068809-4083-1-1,MS1,INV-000370,SERVICE_PROCUREMENT
1011HG3068809-4084-1-1,MS1,INV-000370,SERVICE_PROCUREMENT
1011HG3068809-4085-1-1,MS1,INV-000370,SERVICE_PROCUREMENT
1011HG3068809-4119-1-1,MS1,INV-000370,SERVICE_PROCUREMENT
1011HG3068809-4133-1-1,MS1,INV-000370,SERVICE_PROCUREMENT
1011HG3068809-4134-1-1,MS1,INV-000370,SERVICE_PROCUREMENT
1011HG3068809-4135-1-1,MS1,INV-000370,SERVICE_PROCUREMENT
1011HG3068809-4136-1-1,MS1,INV-000370,SERVICE_PROCUREMENT
1011HG3068809-4137-1-1,MS1,INV-000370,SERVICE_PROCUREMENT
1011HG3068810-1396-1-1,MS1,INV-000370,SERVICE_PROCUREMENT
1011HG3068810-1397-1-1,MS1,INV-000370,SERVICE_PROCUREMENT
1011HG3068810-1398-1-1,MS1,INV-000370,SERVICE_PROCUREMENT
1011HG3068809-221-1-1,MS1,INV-000372,SERVICE_PROCUREMENT
1011HG3068810-88-1-1,MS1,INV-000372,SERVICE_PROCUREMENT
1011HG3068809-1416-2-1,MS1,INV-000372,SERVICE_PROCUREMENT
1011HG3068809-1417-1-1,MS1,INV-000372,SERVICE_PROCUREMENT
1011HG3068809-2333-3-1,MS1,INV-000372,SERVICE_PROCUREMENT
1011HG3068810-981-2-1,MS1,INV-000372,SERVICE_PROCUREMENT
1011HG3068810-981-4-1,MS1,INV-000372,SERVICE_PROCUREMENT
1011HG3167911-539-2-1,MS1,INV-000372,SERVICE_PROCUREMENT
1011HG3068809-3048-2-1,MS1,INV-000372,SERVICE_PROCUREMENT
1011HG3068809-3049-1-1,MS1,INV-000372,SERVICE_PROCUREMENT
1011HG3068809-3056-1-1,MS1,INV-000372,SERVICE_PROCUREMENT
1011HG3068809-3056-4-1,MS1,INV-000372,SERVICE_PROCUREMENT
1011HG3068809-3080-1-1,MS1,INV-000372,SERVICE_PROCUREMENT
1011HG3068809-3154-1-1,MS1,INV-000372,SERVICE_PROCUREMENT
1011HG3068809-3154-3-1,MS1,INV-000372,SERVICE_PROCUREMENT
1011HG3068810-1085-2-1,MS1,INV-000372,SERVICE_PROCUREMENT
1011HG3068810-1085-4-1,MS1,INV-000372,SERVICE_PROCUREMENT
1011HG3068810-1086-1-1,MS1,INV-000372,SERVICE_PROCUREMENT
1011HG3167911-935-5-1,MS1,INV-000372,SERVICE_PROCUREMENT
1011HG3068810-1130-1-1,MS1,INV-000372,SERVICE_PROCUREMENT
1011HG3068810-1196-1-1,MS1,INV-000372,SERVICE_PROCUREMENT
1011HG3068810-1196-2-1,MS1,INV-000372,SERVICE_PROCUREMENT
1011HG3068810-1197-1-1,MS1,INV-000372,SERVICE_PROCUREMENT
1011HG3068810-1197-2-1,MS1,INV-000372,SERVICE_PROCUREMENT
1011HG3068809-3709-1-1,MS1,INV-000372,SERVICE_PROCUREMENT
1011HG3068809-3709-2-1,MS1,INV-000372,SERVICE_PROCUREMENT
1011HG3068810-1210-1-1,MS1,INV-000372,SERVICE_PROCUREMENT
1011HG3068810-1210-2-1,MS1,INV-000372,SERVICE_PROCUREMENT
1011HG3068809-3756-1-1,MS1,INV-000372,SERVICE_PROCUREMENT
1011HG3068809-3757-1-1,MS1,INV-000372,SERVICE_PROCUREMENT
1011HG3068809-3758-1-1,MS1,INV-000372,SERVICE_PROCUREMENT
1011HG3068810-1223-1-1,MS1,INV-000372,SERVICE_PROCUREMENT
1011HG3068810-1229-1-1,MS1,INV-000372,SERVICE_PROCUREMENT
1011HG3068810-1230-1-1,MS1,INV-000372,SERVICE_PROCUREMENT
1011HG3068810-1231-1-1,MS1,INV-000372,SERVICE_PROCUREMENT
1011HG3068810-1233-1-1,MS1,INV-000372,SERVICE_PROCUREMENT
1011HG3068810-1234-1-1,MS1,INV-000372,SERVICE_PROCUREMENT
1011HG3068810-1237-1-1,MS1,INV-000372,SERVICE_PROCUREMENT
1011HG3068810-1238-1-1,MS1,INV-000372,SERVICE_PROCUREMENT
1011HG3068810-1239-1-1,MS1,INV-000372,SERVICE_PROCUREMENT
1011HG3068809-3831-3-1,MS1,INV-000372,SERVICE_PROCUREMENT
1011HG3068809-3972-1-1,MS1,INV-000372,SERVICE_PROCUREMENT
1011HG3167911-1192-1-1,MS1,INV-000372,SERVICE_PROCUREMENT
1011HG3167911-1192-2-1,MS1,INV-000372,SERVICE_PROCUREMENT
1011HG3167911-1192-3-1,MS1,INV-000372,SERVICE_PROCUREMENT
1011HG3167911-1192-4-1,MS1,INV-000372,SERVICE_PROCUREMENT
1011HG3068809-4120-1-1,MS1,INV-000372,SERVICE_PROCUREMENT
1011HG3068809-4126-1-1,MS1,INV-000372,SERVICE_PROCUREMENT
1011HG3068810-1393-1-1,MS1,INV-000372,SERVICE_PROCUREMENT
1011HG3167911-1204-1-1,MS1,INV-000372,SERVICE_PROCUREMENT
1011HG3167911-1204-2-1,MS1,INV-000372,SERVICE_PROCUREMENT
1011HG3167911-1204-3-1,MS1,INV-000372,SERVICE_PROCUREMENT
1011HG3167911-1204-4-1,MS1,INV-000372,SERVICE_PROCUREMENT
1011HG3167911-1209-1-1,MS1,INV-000372,SERVICE_PROCUREMENT
1011HG3167911-1210-1-1,MS2,INV-000372,SERVICE_PROCUREMENT
1011HG3167911-1211-1-1,MS2,INV-000372,SERVICE_PROCUREMENT
1011HG3167911-1245-1-1,MS1,INV-000372,SERVICE_PROCUREMENT
1011HG3167911-1450-1-1,MS1,INV-000372,SERVICE_PROCUREMENT
1011HG3068810-152-1-1,MS1,INV-000373,SERVICE_PROCUREMENT
1011HG3167912-17-1-1,MS2,INV-000373,SERVICE_PROCUREMENT
1011HG3167912-31-1-1,MS2,INV-000373,SERVICE_PROCUREMENT
1011HG3167912-136-1-1,MS2,INV-000373,SERVICE_PROCUREMENT
1011HG3167911-134-1-1,MS2,INV-000373,SERVICE_PROCUREMENT
1011HG3068810-791-3-1,MS1,INV-000373,SERVICE_PROCUREMENT
1011HG3068810-791-5-1,MS1,INV-000373,SERVICE_PROCUREMENT
1011HG3068810-793-4-1,MS1,INV-000373,SERVICE_PROCUREMENT
1011HG3068810-796-3-1,MS1,INV-000373,SERVICE_PROCUREMENT
1011HG3068809-2584-5-1,MS1,INV-000373,SERVICE_PROCUREMENT
1011HG3167911-421-1-1,MS2,INV-000373,SERVICE_PROCUREMENT
1011HG3167911-510-1-1,MS1,INV-000373,SERVICE_PROCUREMENT
1011HG3068810-1061-1-1,MS1,INV-000373,SERVICE_PROCUREMENT
1011HG3068809-3110-1-1,MS1,INV-000373,SERVICE_PROCUREMENT
1011HG3167911-677-1-1,MS2,INV-000373,SERVICE_PROCUREMENT
1011HG3167911-678-1-1,MS1,INV-000373,SERVICE_PROCUREMENT
1011HG3167911-720-1-1,MS2,INV-000373,SERVICE_PROCUREMENT
1011HG3167911-720-2-1,MS2,INV-000373,SERVICE_PROCUREMENT
1011HG3167911-720-3-1,MS2,INV-000373,SERVICE_PROCUREMENT
1011HG3167911-720-4-1,MS2,INV-000373,SERVICE_PROCUREMENT
1011HG3167911-720-5-1,MS2,INV-000373,SERVICE_PROCUREMENT
1011HG3167911-721-1-1,MS1,INV-000373,SERVICE_PROCUREMENT
1011HG3167911-782-1-1,MS1,INV-000373,SERVICE_PROCUREMENT
1011HG3167911-783-1-1,MS2,INV-000373,SERVICE_PROCUREMENT
1011HG3167911-783-2-1,MS2,INV-000373,SERVICE_PROCUREMENT
1011HG3167911-783-3-1,MS2,INV-000373,SERVICE_PROCUREMENT
1011HG3167911-783-4-1,MS2,INV-000373,SERVICE_PROCUREMENT
1011HG3167911-783-5-1,MS2,INV-000373,SERVICE_PROCUREMENT
1011HG3167911-804-1-1,MS2,INV-000373,SERVICE_PROCUREMENT
1011HG3167911-808-1-1,MS2,INV-000373,SERVICE_PROCUREMENT
1011HG3167911-881-1-1,MS2,INV-000373,SERVICE_PROCUREMENT
1011HG3167911-881-2-1,MS2,INV-000373,SERVICE_PROCUREMENT
1011HG3167911-881-3-1,MS2,INV-000373,SERVICE_PROCUREMENT
1011HG3167911-881-4-1,MS2,INV-000373,SERVICE_PROCUREMENT
1011HG3167911-881-5-1,MS2,INV-000373,SERVICE_PROCUREMENT
1011HG3167911-882-1-1,MS1,INV-000373,SERVICE_PROCUREMENT
1011HG3167911-883-1-1,MS2,INV-000373,SERVICE_PROCUREMENT
1011HG3167911-883-2-1,MS2,INV-000373,SERVICE_PROCUREMENT
1011HG3167911-883-3-1,MS2,INV-000373,SERVICE_PROCUREMENT
1011HG3167911-883-4-1,MS2,INV-000373,SERVICE_PROCUREMENT
1011HG3167911-883-5-1,MS2,INV-000373,SERVICE_PROCUREMENT
1011HG3167911-884-2-1,MS1,INV-000373,SERVICE_PROCUREMENT
1011HG3167911-885-1-1,MS1,INV-000373,SERVICE_PROCUREMENT
1011HG3167911-886-1-1,MS2,INV-000373,SERVICE_PROCUREMENT
1011HG3167911-886-2-1,MS2,INV-000373,SERVICE_PROCUREMENT
1011HG3167911-886-3-1,MS2,INV-000373,SERVICE_PROCUREMENT
1011HG3167911-886-4-1,MS2,INV-000373,SERVICE_PROCUREMENT
1011HG3167911-886-5-1,MS2,INV-000373,SERVICE_PROCUREMENT
1011HG3068809-3400-2-1,MS1,INV-000373,SERVICE_PROCUREMENT
1011HG3167911-909-1-1,MS2,INV-000373,SERVICE_PROCUREMENT
1011HG3167911-909-2-1,MS2,INV-000373,SERVICE_PROCUREMENT
1011HG3167911-909-3-1,MS2,INV-000373,SERVICE_PROCUREMENT
1011HG3167911-909-5-1,MS2,INV-000373,SERVICE_PROCUREMENT
1011HG3167911-910-1-1,MS1,INV-000373,SERVICE_PROCUREMENT
1011HG3167911-917-2-1,MS1,INV-000373,SERVICE_PROCUREMENT
1011HG3167911-918-1-1,MS2,INV-000373,SERVICE_PROCUREMENT
1011HG3167911-918-2-1,MS2,INV-000373,SERVICE_PROCUREMENT
1011HG3167911-918-3-1,MS2,INV-000373,SERVICE_PROCUREMENT
1011HG3167911-918-4-1,MS2,INV-000373,SERVICE_PROCUREMENT
1011HG3167911-918-5-1,MS2,INV-000373,SERVICE_PROCUREMENT
1011HG3068809-3484-2-1,MS1,INV-000373,SERVICE_PROCUREMENT
1011HG3068809-3485-2-1,MS1,INV-000373,SERVICE_PROCUREMENT
1011HG3068809-3532-2-1,MS1,INV-000373,SERVICE_PROCUREMENT
1011HG3068809-3554-2-1,MS1,INV-000373,SERVICE_PROCUREMENT
1011HG3167911-1024-1-1,MS1,INV-000373,SERVICE_PROCUREMENT
1011HG3167911-1045-1-1,MS2,INV-000373,SERVICE_PROCUREMENT
1011HG3068809-3682-2-1,MS1,INV-000373,SERVICE_PROCUREMENT
1011HG3068810-1185-1-1,MS1,INV-000373,SERVICE_PROCUREMENT
1011HG3068810-1186-1-1,MS1,INV-000373,SERVICE_PROCUREMENT
1011HG3068810-1188-1-1,MS1,INV-000373,SERVICE_PROCUREMENT
1011HG3068809-3696-2-1,MS1,INV-000373,SERVICE_PROCUREMENT
1011HG3068809-3697-3-1,MS1,INV-000373,SERVICE_PROCUREMENT
1011HG3068809-3703-1-1,MS1,INV-000373,SERVICE_PROCUREMENT
1011HG3068809-3704-1-1,MS1,INV-000373,SERVICE_PROCUREMENT
1011HG3068809-3705-1-1,MS1,INV-000373,SERVICE_PROCUREMENT
1011HG3068809-3706-1-1,MS1,INV-000373,SERVICE_PROCUREMENT
1011HG3068809-3707-1-1,MS1,INV-000373,SERVICE_PROCUREMENT
1011HG3068809-3707-2-1,MS1,INV-000373,SERVICE_PROCUREMENT
1011HG3068809-3708-1-1,MS1,INV-000373,SERVICE_PROCUREMENT
1011HG3068809-3708-2-1,MS1,INV-000373,SERVICE_PROCUREMENT
1011HG3068809-3710-1-1,MS1,INV-000373,SERVICE_PROCUREMENT
1011HG3068809-3710-2-1,MS1,INV-000373,SERVICE_PROCUREMENT
1011HG3068809-3754-1-1,MS1,INV-000373,SERVICE_PROCUREMENT
1011HG3068809-3759-1-1,MS1,INV-000373,SERVICE_PROCUREMENT
1011HG3068809-3760-1-1,MS1,INV-000373,SERVICE_PROCUREMENT
1011HG3068809-3795-1-1,MS1,INV-000373,SERVICE_PROCUREMENT
1011HG3068810-1241-1-1,MS1,INV-000373,SERVICE_PROCUREMENT
1011HG3068809-3834-4-1,MS1,INV-000373,SERVICE_PROCUREMENT
1011HG3068810-1258-1-1,MS1,INV-000373,SERVICE_PROCUREMENT
1011HG3068810-1258-2-1,MS1,INV-000373,SERVICE_PROCUREMENT
1011HG3068810-1263-1-1,MS1,INV-000373,SERVICE_PROCUREMENT
1011HG3068810-1263-2-1,MS1,INV-000373,SERVICE_PROCUREMENT
1011HG3068810-1264-1-1,MS1,INV-000373,SERVICE_PROCUREMENT
1011HG3068810-1264-2-1,MS1,INV-000373,SERVICE_PROCUREMENT
1011HG3068810-1265-1-1,MS1,INV-000373,SERVICE_PROCUREMENT
1011HG3068810-1265-2-1,MS1,INV-000373,SERVICE_PROCUREMENT
1011HG3068810-1267-1-1,MS1,INV-000373,SERVICE_PROCUREMENT
1011HG3068810-1267-2-1,MS1,INV-000373,SERVICE_PROCUREMENT
1011HG3068809-3859-1-1,MS1,INV-000373,SERVICE_PROCUREMENT
1011HG3068809-3859-2-1,MS1,INV-000373,SERVICE_PROCUREMENT
1011HG3068809-3860-1-1,MS1,INV-000373,SERVICE_PROCUREMENT
1011HG3068809-3860-2-1,MS1,INV-000373,SERVICE_PROCUREMENT
1011HG3068809-3862-1-1,MS1,INV-000373,SERVICE_PROCUREMENT
1011HG3068809-3862-2-1,MS1,INV-000373,SERVICE_PROCUREMENT
1011HG3068809-3867-1-1,MS1,INV-000373,SERVICE_PROCUREMENT
1011HG3068809-3867-2-1,MS1,INV-000373,SERVICE_PROCUREMENT
1011HG3068809-3868-1-1,MS1,INV-000373,SERVICE_PROCUREMENT
1011HG3068809-3868-2-1,MS1,INV-000373,SERVICE_PROCUREMENT
1011HG3068809-3873-1-1,MS1,INV-000373,SERVICE_PROCUREMENT
1011HG3068809-3873-2-1,MS1,INV-000373,SERVICE_PROCUREMENT
1011HG3068809-3875-1-1,MS1,INV-000373,SERVICE_PROCUREMENT
1011HG3068809-3875-2-1,MS1,INV-000373,SERVICE_PROCUREMENT
1011HG3068810-1275-1-1,MS1,INV-000373,SERVICE_PROCUREMENT
1011HG3068810-1275-2-1,MS1,INV-000373,SERVICE_PROCUREMENT
1011HG3068810-1277-1-1,MS1,INV-000373,SERVICE_PROCUREMENT
1011HG3068810-1277-2-1,MS1,INV-000373,SERVICE_PROCUREMENT
1011HG3068810-1279-1-1,MS1,INV-000373,SERVICE_PROCUREMENT
1011HG3068810-1279-2-1,MS1,INV-000373,SERVICE_PROCUREMENT
1011HG3068809-3878-1-1,MS1,INV-000373,SERVICE_PROCUREMENT
1011HG3068809-3878-2-1,MS1,INV-000373,SERVICE_PROCUREMENT
1011HG3068810-1281-1-1,MS1,INV-000373,SERVICE_PROCUREMENT
1011HG3068810-1281-2-1,MS1,INV-000373,SERVICE_PROCUREMENT
1011HG3068810-1282-1-1,MS1,INV-000373,SERVICE_PROCUREMENT
1011HG3068810-1282-2-1,MS1,INV-000373,SERVICE_PROCUREMENT
1011HG3068809-3891-1-1,MS1,INV-000373,SERVICE_PROCUREMENT
1011HG3068809-3911-1-1,MS1,INV-000373,SERVICE_PROCUREMENT
1011HG3068809-3911-2-1,MS1,INV-000373,SERVICE_PROCUREMENT
1011HG3068809-3911-3-1,MS1,INV-000373,SERVICE_PROCUREMENT
1011HG3068809-3911-4-1,MS1,INV-000373,SERVICE_PROCUREMENT
1011HG3167911-1151-1-1,MS1,INV-000373,SERVICE_PROCUREMENT
1011HG3167911-1151-2-1,MS1,INV-000373,SERVICE_PROCUREMENT
1011HG3167911-1151-3-1,MS1,INV-000373,SERVICE_PROCUREMENT
1011HG3068809-3974-1-1,MS1,INV-000373,SERVICE_PROCUREMENT
1011HG3068809-3974-4-1,MS1,INV-000373,SERVICE_PROCUREMENT
1011HG3068809-3975-1-1,MS1,INV-000373,SERVICE_PROCUREMENT
1011HG3068809-3975-4-1,MS1,INV-000373,SERVICE_PROCUREMENT
1011HG3167911-1153-1-1,MS2,INV-000373,SERVICE_PROCUREMENT
1011HG3068809-4025-1-1,MS1,INV-000373,SERVICE_PROCUREMENT
1011HG3167911-1173-1-1,MS1,INV-000373,SERVICE_PROCUREMENT
1011HG3167911-1173-2-1,MS1,INV-000373,SERVICE_PROCUREMENT
1011HG3167911-1173-3-1,MS1,INV-000373,SERVICE_PROCUREMENT
1011HG3167911-1173-4-1,MS1,INV-000373,SERVICE_PROCUREMENT
1011HG3167911-1173-5-1,MS1,INV-000373,SERVICE_PROCUREMENT
1011HG3167911-1173-6-1,MS1,INV-000373,SERVICE_PROCUREMENT
1011HG3068810-1374-1-1,MS1,INV-000373,SERVICE_PROCUREMENT
1011HG3068810-1375-1-1,MS1,INV-000373,SERVICE_PROCUREMENT
1011HG3068810-1376-1-1,MS1,INV-000373,SERVICE_PROCUREMENT
1011HG3068810-1377-1-1,MS1,INV-000373,SERVICE_PROCUREMENT
1011HG3068809-4091-1-1,MS1,INV-000373,SERVICE_PROCUREMENT
1011HG3068809-4092-1-1,MS1,INV-000373,SERVICE_PROCUREMENT
1011HG3068809-4093-1-1,MS1,INV-000373,SERVICE_PROCUREMENT
1011HG3068809-4094-1-1,MS1,INV-000373,SERVICE_PROCUREMENT
1011HG3167911-1186-1-1,MS1,INV-000373,SERVICE_PROCUREMENT
1011HG3068810-1400-1-1,MS1,INV-000373,SERVICE_PROCUREMENT
1011HG3068810-1400-2-1,MS1,INV-000373,SERVICE_PROCUREMENT
1011HG3068810-1400-3-1,MS1,INV-000373,SERVICE_PROCUREMENT
1011HG3068810-1401-1-1,MS1,INV-000373,SERVICE_PROCUREMENT
1011HG3068810-1401-2-1,MS1,INV-000373,SERVICE_PROCUREMENT
1011HG3068810-1403-1-1,MS1,INV-000373,SERVICE_PROCUREMENT
1011HG3068810-1403-2-1,MS1,INV-000373,SERVICE_PROCUREMENT
1011HG3167911-1220-1-1,MS1,INV-000373,SERVICE_PROCUREMENT
1011HG3167911-1225-1-1,MS1,INV-000373,SERVICE_PROCUREMENT
1011HG3167911-1225-2-1,MS1,INV-000373,SERVICE_PROCUREMENT
1011HG3167911-1225-3-1,MS1,INV-000373,SERVICE_PROCUREMENT
1011HG3167911-1225-4-1,MS1,INV-000373,SERVICE_PROCUREMENT
1011HG3167911-1225-5-1,MS1,INV-000373,SERVICE_PROCUREMENT
1011HG3167911-1225-6-1,MS1,INV-000373,SERVICE_PROCUREMENT
1011HG3167911-1233-1-1,MS1,INV-000373,SERVICE_PROCUREMENT
1011HG3167911-1233-2-1,MS1,INV-000373,SERVICE_PROCUREMENT
1011HG3167911-1233-3-1,MS1,INV-000373,SERVICE_PROCUREMENT
1011HG3167911-1233-4-1,MS1,INV-000373,SERVICE_PROCUREMENT
1011HG3167911-1233-5-1,MS1,INV-000373,SERVICE_PROCUREMENT
1011HG3167911-1233-6-1,MS1,INV-000373,SERVICE_PROCUREMENT
1011HG3068810-1405-1-1,MS1,INV-000373,SERVICE_PROCUREMENT
1011HG3167911-1236-1-1,MS1,INV-000373,SERVICE_PROCUREMENT
1011HG3167911-1236-2-1,MS1,INV-000373,SERVICE_PROCUREMENT
1011HG3167911-1236-3-1,MS1,INV-000373,SERVICE_PROCUREMENT
1011HG3167911-1236-4-1,MS1,INV-000373,SERVICE_PROCUREMENT
1011HG3167911-1240-1-1,MS1,INV-000373,SERVICE_PROCUREMENT
1011HG3068809-4181-1-1,MS1,INV-000373,SERVICE_PROCUREMENT
1011HG3167911-1263-1-1,MS1,INV-000373,SERVICE_PROCUREMENT
1011HG3167911-1264-1-1,MS1,INV-000373,SERVICE_PROCUREMENT
1011HG3068810-1416-1-1,MS1,INV-000373,SERVICE_PROCUREMENT
1011HG3068810-1417-1-1,MS1,INV-000373,SERVICE_PROCUREMENT
1011HG3068809-4183-1-1,MS1,INV-000373,SERVICE_PROCUREMENT
1011HG3068809-4183-4-1,MS1,INV-000373,SERVICE_PROCUREMENT
1011HG3068809-4185-1-1,MS1,INV-000373,SERVICE_PROCUREMENT
1011HG3068809-4186-3-1,MS1,INV-000373,SERVICE_PROCUREMENT
1011HG3068809-4186-5-1,MS1,INV-000373,SERVICE_PROCUREMENT
1011HG3068810-1419-5-1,MS1,INV-000373,SERVICE_PROCUREMENT
1011HG3068810-1420-1-1,MS1,INV-000373,SERVICE_PROCUREMENT
1011HG3068810-1420-5-1,MS1,INV-000373,SERVICE_PROCUREMENT
1011HG3068810-1421-1-1,MS1,INV-000373,SERVICE_PROCUREMENT
1011HG3068810-1421-4-1,MS1,INV-000373,SERVICE_PROCUREMENT
1011HG3068809-4192-4-1,MS1,INV-000373,SERVICE_PROCUREMENT
1011HG3068809-4192-5-1,MS1,INV-000373,SERVICE_PROCUREMENT
1011HG3068809-4193-4-1,MS1,INV-000373,SERVICE_PROCUREMENT
1011HG3068809-4193-5-1,MS1,INV-000373,SERVICE_PROCUREMENT
1011HG3167911-1274-1-1,MS1,INV-000373,SERVICE_PROCUREMENT
1011HG3167911-1276-1-1,MS1,INV-000373,SERVICE_PROCUREMENT
1011HG3167911-1276-2-1,MS1,INV-000373,SERVICE_PROCUREMENT
1011HG3167911-1276-3-1,MS1,INV-000373,SERVICE_PROCUREMENT
1011HG3167911-1276-4-1,MS1,INV-000373,SERVICE_PROCUREMENT
1011HG3167911-1278-1-1,MS1,INV-000373,SERVICE_PROCUREMENT
1011HG3167911-1279-1-1,MS1,INV-000373,SERVICE_PROCUREMENT
1011HG3167911-1422-1-1,MS1,INV-000373,SERVICE_PROCUREMENT
1011HG3167911-1426-1-1,MS1,INV-000373,SERVICE_PROCUREMENT
1011HG3068810-1432-1-1,MS1,INV-000373,SERVICE_PROCUREMENT
1011HG3068810-1433-1-1,MS1,INV-000373,SERVICE_PROCUREMENT
1011HG3068810-1434-1-1,MS1,INV-000373,SERVICE_PROCUREMENT
1011HG3068810-1434-2-1,MS1,INV-000373,SERVICE_PROCUREMENT
1011HG3068810-1434-3-1,MS1,INV-000373,SERVICE_PROCUREMENT
1011HG3068810-1434-4-1,MS1,INV-000373,SERVICE_PROCUREMENT
1011HG3068810-1435-1-1,MS1,INV-000373,SERVICE_PROCUREMENT
1011HG3068810-1435-2-1,MS1,INV-000373,SERVICE_PROCUREMENT
1011HG3068810-1436-1-1,MS1,INV-000373,SERVICE_PROCUREMENT
1011HG3068809-4277-1-1,MS1,INV-000373,SERVICE_PROCUREMENT
1011HG3068809-4294-1-1,MS1,INV-000373,SERVICE_PROCUREMENT
1011HG3068809-4299-1-1,MS1,INV-000373,SERVICE_PROCUREMENT
1011HG3068809-4300-1-1,MS1,INV-000373,SERVICE_PROCUREMENT
1011HG3068809-4303-1-1,MS1,INV-000373,SERVICE_PROCUREMENT
1011HG3068809-4304-1-1,MS1,INV-000373,SERVICE_PROCUREMENT
1011HG3068809-4305-1-1,MS1,INV-000373,SERVICE_PROCUREMENT
1011HG3068809-4306-1-1,MS1,INV-000373,SERVICE_PROCUREMENT
1011HG3068810-1443-1-1,MS1,INV-000373,SERVICE_PROCUREMENT
1011HG3068810-1444-1-1,MS1,INV-000373,SERVICE_PROCUREMENT
1011HG3068810-1445-1-1,MS1,INV-000373,SERVICE_PROCUREMENT
1011HG3068810-1446-1-1,MS1,INV-000373,SERVICE_PROCUREMENT
1011HG3068810-1447-1-1,MS1,INV-000373,SERVICE_PROCUREMENT
1011HG3068809-4308-1-1,MS1,INV-000373,SERVICE_PROCUREMENT
1011HG3068809-4309-1-1,MS1,INV-000373,SERVICE_PROCUREMENT
1011HG3068809-4310-1-1,MS1,INV-000373,SERVICE_PROCUREMENT
1011HG3068810-1451-1-1,MS1,INV-000373,SERVICE_PROCUREMENT
1011HG3068810-1452-1-1,MS1,INV-000373,SERVICE_PROCUREMENT
1011HG3068810-1453-1-1,MS1,INV-000373,SERVICE_PROCUREMENT
1011HG3068810-1454-1-1,MS1,INV-000373,SERVICE_PROCUREMENT
1011HG3068809-4316-1-1,MS1,INV-000373,SERVICE_PROCUREMENT
1011HG3068809-2494-1-1,MS1,INV-000374,SERVICE_PROCUREMENT
1011HG3068809-2494-2-1,MS1,INV-000374,SERVICE_PROCUREMENT
1011HG3068809-2496-1-1,MS1,INV-000374,SERVICE_PROCUREMENT
1011HG3068809-2496-2-1,MS1,INV-000374,SERVICE_PROCUREMENT
1011HG3068810-911-2-1,MS1,INV-000374,SERVICE_PROCUREMENT
1011HG3068810-929-1-1,MS1,INV-000374,SERVICE_PROCUREMENT
1011HG3068809-2716-1-1,MS1,INV-000374,SERVICE_PROCUREMENT
1011HG3068809-2863-1-1,MS1,INV-000374,SERVICE_PROCUREMENT
1011HG3068809-3047-2-1,MS1,INV-000374,SERVICE_PROCUREMENT
1011HG3167911-604-1-1,MS2,INV-000374,SERVICE_PROCUREMENT
1011HG3068809-3153-1-1,MS1,INV-000374,SERVICE_PROCUREMENT
1011HG3068809-3160-1-1,MS1,INV-000374,SERVICE_PROCUREMENT
1011HG3167911-863-1-1,MS2,INV-000374,SERVICE_PROCUREMENT
1011HG3167911-863-2-1,MS2,INV-000374,SERVICE_PROCUREMENT
1011HG3068809-3812-2-1,MS1,INV-000374,SERVICE_PROCUREMENT
1011HG3068809-3811-1-1,MS1,INV-000374,SERVICE_PROCUREMENT
1011HG3068809-3813-1-1,MS1,INV-000374,SERVICE_PROCUREMENT
1011HG3068809-3857-1-1,MS1,INV-000374,SERVICE_PROCUREMENT
1011HG3068809-3858-1-1,MS1,INV-000374,SERVICE_PROCUREMENT
1011HG3068809-3861-1-1,MS1,INV-000374,SERVICE_PROCUREMENT
1011HG3068809-3863-1-1,MS1,INV-000374,SERVICE_PROCUREMENT
1011HG3068809-3864-1-1,MS1,INV-000374,SERVICE_PROCUREMENT
1011HG3068809-3865-1-1,MS1,INV-000374,SERVICE_PROCUREMENT
1011HG3068809-3866-1-1,MS1,INV-000374,SERVICE_PROCUREMENT
1011HG3068810-1268-1-1,MS1,INV-000374,SERVICE_PROCUREMENT
1011HG3068810-1269-1-1,MS1,INV-000374,SERVICE_PROCUREMENT
1011HG3068810-1272-1-1,MS1,INV-000374,SERVICE_PROCUREMENT
1011HG3068810-1274-1-1,MS1,INV-000374,SERVICE_PROCUREMENT
1011HG3068810-1276-1-1,MS1,INV-000374,SERVICE_PROCUREMENT
1011HG3068810-1276-2-1,MS1,INV-000374,SERVICE_PROCUREMENT
1011HG3068809-3879-2-1,MS1,INV-000374,SERVICE_PROCUREMENT
1011HG3068809-3881-1-1,MS1,INV-000374,SERVICE_PROCUREMENT
1011HG3068809-3882-1-1,MS1,INV-000374,SERVICE_PROCUREMENT
1011HG3068809-3883-1-1,MS1,INV-000374,SERVICE_PROCUREMENT
1011HG3068809-3892-1-1,MS1,INV-000374,SERVICE_PROCUREMENT
1011HG3068809-3961-3-1,MS1,INV-000374,SERVICE_PROCUREMENT
1011HG3068809-3965-2-1,MS1,INV-000374,SERVICE_PROCUREMENT
1011HG3068809-4068-1-1,MS1,INV-000374,SERVICE_PROCUREMENT
1011HG3068809-4140-1-1,MS1,INV-000374,SERVICE_PROCUREMENT
1011HG3068809-4141-2-1,MS1,INV-000374,SERVICE_PROCUREMENT
1011HG3068809-4169-1-1,MS1,INV-000374,SERVICE_PROCUREMENT
1011HG3068809-4170-1-1,MS1,INV-000374,SERVICE_PROCUREMENT
1011HG3068809-4198-1-1,MS1,INV-000374,SERVICE_PROCUREMENT
1011HG3068809-4198-3-1,MS1,INV-000374,SERVICE_PROCUREMENT
1011HG3068809-4198-4-1,MS1,INV-000374,SERVICE_PROCUREMENT
1011HG3068809-4199-1-1,MS1,INV-000374,SERVICE_PROCUREMENT
1011HG3068809-4199-2-1,MS1,INV-000374,SERVICE_PROCUREMENT
1011HG3068809-4199-4-1,MS1,INV-000374,SERVICE_PROCUREMENT
1011HG3068809-4201-1-1,MS1,INV-000374,SERVICE_PROCUREMENT
1011HG3068809-4201-2-1,MS1,INV-000374,SERVICE_PROCUREMENT
1011HG3068809-4201-4-1,MS1,INV-000374,SERVICE_PROCUREMENT
1011HG3068809-4259-1-1,MS1,INV-000374,SERVICE_PROCUREMENT
1011HG3068809-4259-2-1,MS1,INV-000374,SERVICE_PROCUREMENT
1011HG3068809-4295-1-1,MS1,INV-000374,SERVICE_PROCUREMENT
1011HG3068809-4297-1-1,MS1,INV-000374,SERVICE_PROCUREMENT
1011HG3068809-4298-1-1,MS1,INV-000374,SERVICE_PROCUREMENT
1011HG3068809-4301-1-1,MS1,INV-000374,SERVICE_PROCUREMENT
1011HG3068809-4302-1-1,MS1,INV-000374,SERVICE_PROCUREMENT
1011HG3068810-1442-1-1,MS1,INV-000374,SERVICE_PROCUREMENT
1011HG3068809-4311-1-1,MS1,INV-000374,SERVICE_PROCUREMENT
1011HG3068809-4312-1-1,MS1,INV-000374,SERVICE_PROCUREMENT
1011HG3068810-1448-1-1,MS1,INV-000374,SERVICE_PROCUREMENT
1011HG3068810-1449-1-1,MS1,INV-000374,SERVICE_PROCUREMENT
1011HG3068810-1450-1-1,MS1,INV-000374,SERVICE_PROCUREMENT
1011HG3068809-4313-1-1,MS1,INV-000374,SERVICE_PROCUREMENT
1011HG3068809-4314-1-1,MS1,INV-000374,SERVICE_PROCUREMENT
1011HG3068809-4315-1-1,MS1,INV-000374,SERVICE_PROCUREMENT
1011HG3068809-4317-1-1,MS1,INV-000374,SERVICE_PROCUREMENT
1011HG3068810-527-1-1,MS1,INV-000376,SERVICE_PROCUREMENT
1011HG3068810-527-2-1,MS1,INV-000376,SERVICE_PROCUREMENT
1011HG3167911-161-1-1,MS2,INV-000376,SERVICE_PROCUREMENT
1011HG3068809-2419-1-1,MS1,INV-000376,SERVICE_PROCUREMENT
1011HG3068809-2419-2-1,MS1,INV-000376,SERVICE_PROCUREMENT
1011HG3167911-259-1-1,MS2,INV-000376,SERVICE_PROCUREMENT
1011HG3068809-2861-1-1,MS1,INV-000376,SERVICE_PROCUREMENT
1011HG3068809-3096-2-1,MS1,INV-000376,SERVICE_PROCUREMENT
1011HG3068809-3154-2-1,MS1,INV-000376,SERVICE_PROCUREMENT
1011HG3167911-775-1-1,MS2,INV-000376,SERVICE_PROCUREMENT
1011HG3167911-901-1-1,MS2,INV-000376,SERVICE_PROCUREMENT
1011HG3068810-1143-2-1,MS1,INV-000376,SERVICE_PROCUREMENT
1011HG3068810-1288-2-1,MS1,INV-000376,SERVICE_PROCUREMENT
1011HG3068809-4067-2-1,MS1,INV-000376,SERVICE_PROCUREMENT
1011HG3167911-1174-1-1,MS1,INV-000376,SERVICE_PROCUREMENT
1011HG3167911-1174-2-1,MS1,INV-000376,SERVICE_PROCUREMENT
1011HG3167911-1174-3-1,MS1,INV-000376,SERVICE_PROCUREMENT
1011HG3167911-1207-1-1,MS1,INV-000376,SERVICE_PROCUREMENT
1011HG3167911-1207-2-1,MS1,INV-000376,SERVICE_PROCUREMENT
1011HG3167911-1207-3-1,MS1,INV-000376,SERVICE_PROCUREMENT
1011HG3167911-1207-4-1,MS1,INV-000376,SERVICE_PROCUREMENT
1011HG3167911-1207-5-1,MS1,INV-000376,SERVICE_PROCUREMENT
1011HG3167911-1226-1-1,MS1,INV-000376,SERVICE_PROCUREMENT
1011HG3167911-1226-2-1,MS1,INV-000376,SERVICE_PROCUREMENT
1011HG3167911-1226-3-1,MS1,INV-000376,SERVICE_PROCUREMENT
1011HG3167911-1234-1-1,MS1,INV-000376,SERVICE_PROCUREMENT
1011HG3167911-1234-2-1,MS1,INV-000376,SERVICE_PROCUREMENT
1011HG3167911-1234-3-1,MS1,INV-000376,SERVICE_PROCUREMENT
1011HG3167911-1234-4-1,MS1,INV-000376,SERVICE_PROCUREMENT
1011HG3167911-1243-1-1,MS1,INV-000376,SERVICE_PROCUREMENT
1011HG3167911-1243-2-1,MS1,INV-000376,SERVICE_PROCUREMENT
1011HG3167911-1243-3-1,MS1,INV-000376,SERVICE_PROCUREMENT
1011HG3167911-1243-4-1,MS1,INV-000376,SERVICE_PROCUREMENT
1011HG3167911-1243-5-1,MS1,INV-000376,SERVICE_PROCUREMENT
1011HG3167911-1265-1-1,MS1,INV-000376,SERVICE_PROCUREMENT
1011HG3167911-1265-2-1,MS1,INV-000376,SERVICE_PROCUREMENT
1011HG3167911-1265-3-1,MS1,INV-000376,SERVICE_PROCUREMENT
1011HG3167911-1265-4-1,MS1,INV-000376,SERVICE_PROCUREMENT
1011HG3167911-1265-5-1,MS1,INV-000376,SERVICE_PROCUREMENT
1011HG3167911-1265-6-1,MS1,INV-000376,SERVICE_PROCUREMENT
1011HG3167911-1267-1-1,MS1,INV-000376,SERVICE_PROCUREMENT
1011HG3167911-1267-2-1,MS1,INV-000376,SERVICE_PROCUREMENT
1011HG3167911-1267-3-1,MS1,INV-000376,SERVICE_PROCUREMENT
1011HG3167911-1428-1-1,MS1,INV-000376,SERVICE_PROCUREMENT
1011HG3068810-1435-3-1,MS1,INV-000376,SERVICE_PROCUREMENT
1011HG3068810-1435-4-1,MS1,INV-000376,SERVICE_PROCUREMENT
1011HG3068810-1437-1-1,MS1,INV-000376,SERVICE_PROCUREMENT
1011HG3068809-4285-1-1,MS1,INV-000376,SERVICE_PROCUREMENT
1011HG3068809-4285-2-1,MS1,INV-000376,SERVICE_PROCUREMENT
1011HG3068810-1438-1-1,MS1,INV-000376,SERVICE_PROCUREMENT
1011HG3068810-1438-3-1,MS1,INV-000376,SERVICE_PROCUREMENT
1011HG3068809-4288-1-1,MS1,INV-000376,SERVICE_PROCUREMENT
1011HG3068809-4288-3-1,MS1,INV-000376,SERVICE_PROCUREMENT
1011HG3167911-722-1-1,MS1,INV-000378,SERVICE_PROCUREMENT
1011HG3167911-723-1-1,MS2,INV-000378,SERVICE_PROCUREMENT
1011HG3167911-723-2-1,MS2,INV-000378,SERVICE_PROCUREMENT
1011HG3167911-723-3-1,MS2,INV-000378,SERVICE_PROCUREMENT
1011HG3167911-723-4-1,MS2,INV-000378,SERVICE_PROCUREMENT
1011HG3167911-723-5-1,MS2,INV-000378,SERVICE_PROCUREMENT
1011HG3167911-899-1-1,MS2,INV-000378,SERVICE_PROCUREMENT
1011HG3167911-899-2-1,MS2,INV-000378,SERVICE_PROCUREMENT
1011HG3167911-899-3-1,MS2,INV-000378,SERVICE_PROCUREMENT
1011HG3167911-899-4-1,MS2,INV-000378,SERVICE_PROCUREMENT
1011HG3167911-900-1-1,MS1,INV-000378,SERVICE_PROCUREMENT
1011HG3167911-909-4-1,MS2,INV-000378,SERVICE_PROCUREMENT
1011HG3068809-3499-1-1,MS1,INV-000378,SERVICE_PROCUREMENT
1011HG3068810-1143-1-1,MS1,INV-000378,SERVICE_PROCUREMENT
1011HG3068809-3782-1-1,MS1,INV-000378,SERVICE_PROCUREMENT
1011HG3068809-3782-2-1,MS1,INV-000378,SERVICE_PROCUREMENT
1011HG3068809-3782-3-1,MS1,INV-000378,SERVICE_PROCUREMENT
1011HG3068809-3782-4-1,MS1,INV-000378,SERVICE_PROCUREMENT
1011HG3068809-3781-1-1,MS1,INV-000378,SERVICE_PROCUREMENT
1011HG3068809-3781-2-1,MS1,INV-000378,SERVICE_PROCUREMENT
1011HG3068809-3781-3-1,MS1,INV-000378,SERVICE_PROCUREMENT
1011HG3068809-3904-1-1,MS1,INV-000378,SERVICE_PROCUREMENT
1011HG3068809-3906-1-1,MS1,INV-000378,SERVICE_PROCUREMENT
1011HG3068810-1288-1-1,MS1,INV-000378,SERVICE_PROCUREMENT
1011HG3068809-3781-4-1,MS1,INV-000378,SERVICE_PROCUREMENT
1011HG3068809-3969-1-1,MS1,INV-000378,SERVICE_PROCUREMENT
1011HG3167911-1158-1-1,MS1,INV-000378,SERVICE_PROCUREMENT
1011HG3167911-1158-2-1,MS1,INV-000378,SERVICE_PROCUREMENT
1011HG3167911-1158-3-1,MS1,INV-000378,SERVICE_PROCUREMENT
1011HG3167911-1158-4-1,MS1,INV-000378,SERVICE_PROCUREMENT
1011HG3167911-1158-5-1,MS1,INV-000378,SERVICE_PROCUREMENT
1011HG3167911-1158-6-1,MS1,INV-000378,SERVICE_PROCUREMENT
1011HG3068809-4035-1-1,MS1,INV-000378,SERVICE_PROCUREMENT
1011HG3068809-4155-1-1,MS1,INV-000378,SERVICE_PROCUREMENT
1011HG3068809-4155-2-1,MS1,INV-000378,SERVICE_PROCUREMENT
1011HG3068809-4163-1-1,MS1,INV-000378,SERVICE_PROCUREMENT
1011HG3068809-4163-2-1,MS1,INV-000378,SERVICE_PROCUREMENT
1011HG3068809-4164-1-1,MS1,INV-000378,SERVICE_PROCUREMENT
1011HG3068809-4164-2-1,MS1,INV-000378,SERVICE_PROCUREMENT
1011HG3068809-4165-1-1,MS1,INV-000378,SERVICE_PROCUREMENT
1011HG3068809-4165-2-1,MS1,INV-000378,SERVICE_PROCUREMENT
1011HG3068809-4166-1-1,MS1,INV-000378,SERVICE_PROCUREMENT
1011HG3068809-4166-2-1,MS1,INV-000378,SERVICE_PROCUREMENT
1011HG3068809-4177-3-1,MS1,INV-000378,SERVICE_PROCUREMENT
1011HG3068809-4238-1-1,MS1,INV-000378,SERVICE_PROCUREMENT
1011HG3068809-4238-2-1,MS1,INV-000378,SERVICE_PROCUREMENT
1011HG3068809-4239-1-1,MS1,INV-000378,SERVICE_PROCUREMENT
1011HG3068809-4239-2-1,MS1,INV-000378,SERVICE_PROCUREMENT
1011HG3167911-1280-1-1,MS1,INV-000378,SERVICE_PROCUREMENT
1011HG3167911-1280-2-1,MS1,INV-000378,SERVICE_PROCUREMENT
1011HG3167911-1280-3-1,MS1,INV-000378,SERVICE_PROCUREMENT
1011HG3167911-1280-4-1,MS1,INV-000378,SERVICE_PROCUREMENT
1011HG3167911-1284-1-1,MS1,INV-000378,SERVICE_PROCUREMENT
1011HG3167911-1284-2-1,MS1,INV-000378,SERVICE_PROCUREMENT
1011HG3167911-1284-3-1,MS1,INV-000378,SERVICE_PROCUREMENT
1011HG3167911-1284-4-1,MS1,INV-000378,SERVICE_PROCUREMENT
1011HG3068809-4249-1-1,MS1,INV-000378,SERVICE_PROCUREMENT
1011HG3068809-4249-2-1,MS1,INV-000378,SERVICE_PROCUREMENT
1011HG3068809-4251-1-1,MS1,INV-000378,SERVICE_PROCUREMENT
1011HG3068809-4251-2-1,MS1,INV-000378,SERVICE_PROCUREMENT
1011HG3068809-4252-1-1,MS1,INV-000378,SERVICE_PROCUREMENT
1011HG3068809-4252-2-1,MS1,INV-000378,SERVICE_PROCUREMENT
1011HG3068809-4254-1-1,MS1,INV-000378,SERVICE_PROCUREMENT
1011HG3068809-4254-2-1,MS1,INV-000378,SERVICE_PROCUREMENT
1011HG3068809-4255-1-1,MS1,INV-000378,SERVICE_PROCUREMENT
1011HG3068809-4255-2-1,MS1,INV-000378,SERVICE_PROCUREMENT
1011HG3068809-4256-1-1,MS1,INV-000378,SERVICE_PROCUREMENT
1011HG3068809-4256-2-1,MS1,INV-000378,SERVICE_PROCUREMENT
1011HG3068809-4257-1-1,MS1,INV-000378,SERVICE_PROCUREMENT
1011HG3068809-4257-2-1,MS1,INV-000378,SERVICE_PROCUREMENT
1011HG3068809-4258-1-1,MS1,INV-000378,SERVICE_PROCUREMENT
1011HG3068809-4258-2-1,MS1,INV-000378,SERVICE_PROCUREMENT
1011HG3167911-1427-1-1,MS1,INV-000378,SERVICE_PROCUREMENT
1011HG3167911-1452-1-1,MS1,INV-000378,SERVICE_PROCUREMENT
1011HG3068809-4318-1-1,MS1,INV-000378,SERVICE_PROCUREMENT
1011HG3068809-4318-2-1,MS1,INV-000378,SERVICE_PROCUREMENT
1011HG3068809-4319-1-1,MS1,INV-000378,SERVICE_PROCUREMENT
1011HG3068809-4319-2-1,MS1,INV-000378,SERVICE_PROCUREMENT
1011HG3068809-4320-1-1,MS1,INV-000378,SERVICE_PROCUREMENT
1011HG3068809-4320-2-1,MS1,INV-000378,SERVICE_PROCUREMENT
1011HG3068809-4333-1-1,MS1,INV-000379,SERVICE_PROCUREMENT
1011HG3068809-4333-2-1,MS1,INV-000379,SERVICE_PROCUREMENT
1011HG3068809-4342-1-1,MS1,INV-000379,SERVICE_PROCUREMENT
1011HG3692386-39-1-1,MS1,INV-000379,SERVICE_PROCUREMENT
1011HG3692386-40-1-1,MS1,INV-000379,SERVICE_PROCUREMENT
1011HG3692386-41-1-1,MS1,INV-000379,SERVICE_PROCUREMENT
1011HG3692386-42-1-1,MS1,INV-000379,SERVICE_PROCUREMENT
1011HG3692386-43-1-1,MS1,INV-000379,SERVICE_PROCUREMENT
1011HG3692386-44-1-1,MS1,INV-000379,SERVICE_PROCUREMENT
1011HG3692386-45-1-1,MS1,INV-000379,SERVICE_PROCUREMENT
1011HG3692386-46-1-1,MS1,INV-000379,SERVICE_PROCUREMENT
1011HG3692386-47-1-1,MS1,INV-000379,SERVICE_PROCUREMENT
1011HG3692386-48-1-1,MS1,INV-000379,SERVICE_PROCUREMENT
1011HG3692386-49-1-1,MS1,INV-000379,SERVICE_PROCUREMENT
1011HG3692386-50-1-1,MS1,INV-000379,SERVICE_PROCUREMENT
1011HG3692386-51-1-1,MS1,INV-000379,SERVICE_PROCUREMENT
1011HG3692386-52-1-1,MS1,INV-000379,SERVICE_PROCUREMENT
1011HG3692386-53-1-1,MS1,INV-000379,SERVICE_PROCUREMENT
1011HG3692386-54-1-1,MS1,INV-000379,SERVICE_PROCUREMENT
1011HG3692386-55-1-1,MS1,INV-000379,SERVICE_PROCUREMENT
1011HG3692386-56-1-1,MS1,INV-000379,SERVICE_PROCUREMENT
1011HG3068810-963-1-1,MS1,INV-000380,SERVICE_PROCUREMENT
1011HG3068810-964-1-1,MS1,INV-000380,SERVICE_PROCUREMENT
1011HG3167911-813-1-1,MS1,INV-000380,SERVICE_PROCUREMENT
1011HG3167911-814-1-1,MS2,INV-000380,SERVICE_PROCUREMENT
1011HG3167911-814-2-1,MS2,INV-000380,SERVICE_PROCUREMENT
1011HG3167911-814-4-1,MS2,INV-000380,SERVICE_PROCUREMENT
1011HG3167911-817-1-1,MS2,INV-000380,SERVICE_PROCUREMENT
1011HG3167911-817-2-1,MS2,INV-000380,SERVICE_PROCUREMENT
1011HG3167911-817-3-1,MS2,INV-000380,SERVICE_PROCUREMENT
1011HG3167911-817-4-1,MS2,INV-000380,SERVICE_PROCUREMENT
1011HG3167911-818-1-1,MS1,INV-000380,SERVICE_PROCUREMENT
1011HG3167911-831-1-1,MS1,INV-000380,SERVICE_PROCUREMENT
1011HG3167911-831-2-1,MS1,INV-000380,SERVICE_PROCUREMENT
1011HG3167911-831-3-1,MS1,INV-000380,SERVICE_PROCUREMENT
1011HG3167911-831-5-1,MS1,INV-000380,SERVICE_PROCUREMENT
1011HG3068809-3366-1-1,MS1,INV-000380,SERVICE_PROCUREMENT
1011HG3167911-1121-1-1,MS1,INV-000380,SERVICE_PROCUREMENT
1011HG3167911-1122-1-1,MS2,INV-000380,SERVICE_PROCUREMENT
1011HG3167911-1122-2-1,MS2,INV-000380,SERVICE_PROCUREMENT
1011HG3167911-1122-3-1,MS2,INV-000380,SERVICE_PROCUREMENT
1011HG3167911-1122-4-1,MS2,INV-000380,SERVICE_PROCUREMENT
1011HG3167911-1122-5-1,MS2,INV-000380,SERVICE_PROCUREMENT
1011HG3167911-1122-6-1,MS2,INV-000380,SERVICE_PROCUREMENT
1011HG3167911-1141-1-1,MS1,INV-000380,SERVICE_PROCUREMENT
1011HG3167911-1142-1-1,MS2,INV-000380,SERVICE_PROCUREMENT
1011HG3167911-1142-2-1,MS2,INV-000380,SERVICE_PROCUREMENT
1011HG3167911-1142-3-1,MS2,INV-000380,SERVICE_PROCUREMENT
1011HG3167911-1142-4-1,MS2,INV-000380,SERVICE_PROCUREMENT
1011HG3167911-1142-5-1,MS2,INV-000380,SERVICE_PROCUREMENT
1011HG3167911-1182-1-1,MS1,INV-000380,SERVICE_PROCUREMENT
1011HG3167911-1182-2-1,MS1,INV-000380,SERVICE_PROCUREMENT
1011HG3167911-1182-3-1,MS1,INV-000380,SERVICE_PROCUREMENT
1011HG3167911-1182-4-1,MS1,INV-000380,SERVICE_PROCUREMENT
1011HG3167911-1221-1-1,MS1,INV-000380,SERVICE_PROCUREMENT
1011HG3167911-1282-1-1,MS1,INV-000380,SERVICE_PROCUREMENT
1011HG3167911-1282-2-1,MS1,INV-000380,SERVICE_PROCUREMENT
1011HG3167911-1282-3-1,MS1,INV-000380,SERVICE_PROCUREMENT
1011HG3167911-1282-4-1,MS1,INV-000380,SERVICE_PROCUREMENT
1011HG3167911-1453-1-1,MS1,INV-000380,SERVICE_PROCUREMENT
1011HG3068809-2789-1-1,MS1,INV-000381,SERVICE_PROCUREMENT
1011HG3068809-2791-1-1,MS1,INV-000381,SERVICE_PROCUREMENT
1011HG3068809-2791-2-1,MS1,INV-000381,SERVICE_PROCUREMENT
1011HG3167911-361-1-1,MS1,INV-000381,SERVICE_PROCUREMENT
1011HG3167911-361-2-1,MS1,INV-000381,SERVICE_PROCUREMENT
1011HG3167911-361-3-1,MS1,INV-000381,SERVICE_PROCUREMENT
1011HG3167911-361-4-1,MS1,INV-000381,SERVICE_PROCUREMENT
1011HG3167911-361-5-1,MS1,INV-000381,SERVICE_PROCUREMENT
1011HG3167911-361-6-1,MS1,INV-000381,SERVICE_PROCUREMENT
1011HG3167911-387-1-1,MS2,INV-000381,SERVICE_PROCUREMENT
1011HG3167911-387-2-1,MS2,INV-000381,SERVICE_PROCUREMENT
1011HG3167911-387-3-1,MS2,INV-000381,SERVICE_PROCUREMENT
1011HG3167911-387-4-1,MS2,INV-000381,SERVICE_PROCUREMENT
1011HG3167911-388-6-1,MS1,INV-000381,SERVICE_PROCUREMENT
1011HG3068809-3003-1-1,MS1,INV-000381,SERVICE_PROCUREMENT
1011HG3068809-3004-1-1,MS1,INV-000381,SERVICE_PROCUREMENT
1011HG3068809-3005-1-1,MS1,INV-000381,SERVICE_PROCUREMENT
1011HG3167911-571-1-1,MS2,INV-000381,SERVICE_PROCUREMENT
1011HG3167911-571-2-1,MS2,INV-000381,SERVICE_PROCUREMENT
1011HG3167911-571-3-1,MS2,INV-000381,SERVICE_PROCUREMENT
1011HG3068809-3054-2-1,MS1,INV-000381,SERVICE_PROCUREMENT
1011HG3068809-3054-3-1,MS1,INV-000381,SERVICE_PROCUREMENT
1011HG3068809-3059-1-1,MS1,INV-000381,SERVICE_PROCUREMENT
1011HG3068809-3059-2-1,MS1,INV-000381,SERVICE_PROCUREMENT
1011HG3068809-3062-3-1,MS1,INV-000381,SERVICE_PROCUREMENT
1011HG3068809-3066-1-1,MS1,INV-000381,SERVICE_PROCUREMENT
1011HG3068809-3156-1-1,MS1,INV-000381,SERVICE_PROCUREMENT
1011HG3068809-3156-2-1,MS1,INV-000381,SERVICE_PROCUREMENT
1011HG3068809-3156-3-1,MS1,INV-000381,SERVICE_PROCUREMENT
1011HG3068809-3157-1-1,MS1,INV-000381,SERVICE_PROCUREMENT
1011HG3068809-3157-2-1,MS1,INV-000381,SERVICE_PROCUREMENT
1011HG3068809-3157-3-1,MS1,INV-000381,SERVICE_PROCUREMENT
1011HG3068810-1065-1-1,MS1,INV-000381,SERVICE_PROCUREMENT
1011HG3068810-1065-2-1,MS1,INV-000381,SERVICE_PROCUREMENT
1011HG3167911-660-1-1,MS2,INV-000381,SERVICE_PROCUREMENT
1011HG3167911-660-2-1,MS2,INV-000381,SERVICE_PROCUREMENT
1011HG3167911-660-3-1,MS2,INV-000381,SERVICE_PROCUREMENT
1011HG3167911-660-4-1,MS2,INV-000381,SERVICE_PROCUREMENT
1011HG3167911-660-5-1,MS2,INV-000381,SERVICE_PROCUREMENT
1011HG3167911-662-1-1,MS1,INV-000381,SERVICE_PROCUREMENT
1011HG3167911-675-1-1,MS2,INV-000381,SERVICE_PROCUREMENT
1011HG3167911-675-2-1,MS2,INV-000381,SERVICE_PROCUREMENT
1011HG3167911-675-3-1,MS2,INV-000381,SERVICE_PROCUREMENT
1011HG3167911-675-4-1,MS2,INV-000381,SERVICE_PROCUREMENT
1011HG3167911-683-1-1,MS1,INV-000381,SERVICE_PROCUREMENT
1011HG3167911-684-1-1,MS2,INV-000381,SERVICE_PROCUREMENT
1011HG3167911-684-2-1,MS2,INV-000381,SERVICE_PROCUREMENT
1011HG3167911-684-3-1,MS2,INV-000381,SERVICE_PROCUREMENT
1011HG3167911-684-4-1,MS2,INV-000381,SERVICE_PROCUREMENT
1011HG3167911-684-5-1,MS2,INV-000381,SERVICE_PROCUREMENT
1011HG3068809-3185-1-1,MS1,INV-000381,SERVICE_PROCUREMENT
1011HG3068809-3185-2-1,MS1,INV-000381,SERVICE_PROCUREMENT
1011HG3068809-3186-1-1,MS1,INV-000381,SERVICE_PROCUREMENT
1011HG3068809-3186-2-1,MS1,INV-000381,SERVICE_PROCUREMENT
1011HG3068810-1067-1-1,MS1,INV-000381,SERVICE_PROCUREMENT
1011HG3068810-1067-2-1,MS1,INV-000381,SERVICE_PROCUREMENT
1011HG3068809-3187-1-1,MS1,INV-000381,SERVICE_PROCUREMENT
1011HG3068809-3187-2-1,MS1,INV-000381,SERVICE_PROCUREMENT
1011HG3068809-3188-1-1,MS1,INV-000381,SERVICE_PROCUREMENT
1011HG3068809-3188-2-1,MS1,INV-000381,SERVICE_PROCUREMENT
1011HG3068809-3189-1-1,MS1,INV-000381,SERVICE_PROCUREMENT
1011HG3068809-3189-2-1,MS1,INV-000381,SERVICE_PROCUREMENT
1011HG3068809-3190-1-1,MS1,INV-000381,SERVICE_PROCUREMENT
1011HG3068809-3190-2-1,MS1,INV-000381,SERVICE_PROCUREMENT
1011HG3068809-3191-1-1,MS1,INV-000381,SERVICE_PROCUREMENT
1011HG3068809-3191-2-1,MS1,INV-000381,SERVICE_PROCUREMENT
1011HG3068809-3192-1-1,MS1,INV-000381,SERVICE_PROCUREMENT
1011HG3068809-3192-2-1,MS1,INV-000381,SERVICE_PROCUREMENT
1011HG3068809-3193-1-1,MS1,INV-000381,SERVICE_PROCUREMENT
1011HG3068809-3193-2-1,MS1,INV-000381,SERVICE_PROCUREMENT
1011HG3068809-3194-1-1,MS1,INV-000381,SERVICE_PROCUREMENT
1011HG3068809-3194-2-1,MS1,INV-000381,SERVICE_PROCUREMENT
1011HG3068809-3196-2-1,MS1,INV-000381,SERVICE_PROCUREMENT
1011HG3068809-3198-1-1,MS1,INV-000381,SERVICE_PROCUREMENT
1011HG3167911-798-1-1,MS1,INV-000381,SERVICE_PROCUREMENT
1011HG3167911-798-2-1,MS1,INV-000381,SERVICE_PROCUREMENT
1011HG3167911-798-3-1,MS1,INV-000381,SERVICE_PROCUREMENT
1011HG3167911-798-4-1,MS1,INV-000381,SERVICE_PROCUREMENT
1011HG3167911-859-1-1,MS1,INV-000381,SERVICE_PROCUREMENT
1011HG3068810-1127-1-1,MS1,INV-000381,SERVICE_PROCUREMENT
1011HG3068810-1127-3-1,MS1,INV-000381,SERVICE_PROCUREMENT
1011HG3167911-933-1-1,MS2,INV-000381,SERVICE_PROCUREMENT
1011HG3167911-933-3-1,MS2,INV-000381,SERVICE_PROCUREMENT
1011HG3167911-933-4-1,MS2,INV-000381,SERVICE_PROCUREMENT
1011HG3167911-933-5-1,MS2,INV-000381,SERVICE_PROCUREMENT
1011HG3167911-934-1-1,MS1,INV-000381,SERVICE_PROCUREMENT
1011HG3167911-942-1-1,MS1,INV-000381,SERVICE_PROCUREMENT
1011HG3167911-943-1-1,MS2,INV-000381,SERVICE_PROCUREMENT
1011HG3167911-943-2-1,MS2,INV-000381,SERVICE_PROCUREMENT
1011HG3167911-943-3-1,MS2,INV-000381,SERVICE_PROCUREMENT
1011HG3167911-943-4-1,MS2,INV-000381,SERVICE_PROCUREMENT
1011HG3167911-953-1-1,MS1,INV-000381,SERVICE_PROCUREMENT
1011HG3167911-954-1-1,MS2,INV-000381,SERVICE_PROCUREMENT
1011HG3167911-954-2-1,MS2,INV-000381,SERVICE_PROCUREMENT
1011HG3167911-954-3-1,MS2,INV-000381,SERVICE_PROCUREMENT
1011HG3167911-954-4-1,MS2,INV-000381,SERVICE_PROCUREMENT
1011HG3167911-954-5-1,MS2,INV-000381,SERVICE_PROCUREMENT
1011HG3068810-1145-1-1,MS1,INV-000381,SERVICE_PROCUREMENT
1011HG3167911-977-1-1,MS1,INV-000381,SERVICE_PROCUREMENT
1011HG3167911-978-1-1,MS2,INV-000381,SERVICE_PROCUREMENT
1011HG3167911-978-2-1,MS2,INV-000381,SERVICE_PROCUREMENT
1011HG3167911-978-3-1,MS2,INV-000381,SERVICE_PROCUREMENT
1011HG3167911-978-4-1,MS2,INV-000381,SERVICE_PROCUREMENT
1011HG3068809-3565-1-1,MS1,INV-000381,SERVICE_PROCUREMENT
1011HG3068809-3565-2-1,MS1,INV-000381,SERVICE_PROCUREMENT
1011HG3068809-3565-3-1,MS1,INV-000381,SERVICE_PROCUREMENT
1011HG3068809-3565-5-1,MS1,INV-000381,SERVICE_PROCUREMENT
1011HG3068809-3764-1-1,MS1,INV-000381,SERVICE_PROCUREMENT
1011HG3068809-3764-2-1,MS1,INV-000381,SERVICE_PROCUREMENT
1011HG3068809-3764-3-1,MS1,INV-000381,SERVICE_PROCUREMENT
1011HG3167911-1082-1-1,MS1,INV-000381,SERVICE_PROCUREMENT
1011HG3167911-1083-1-1,MS2,INV-000381,SERVICE_PROCUREMENT
1011HG3167911-1083-2-1,MS2,INV-000381,SERVICE_PROCUREMENT
1011HG3167911-1083-3-1,MS2,INV-000381,SERVICE_PROCUREMENT
1011HG3167911-1083-4-1,MS2,INV-000381,SERVICE_PROCUREMENT
1011HG3167911-1085-2-1,MS2,INV-000381,SERVICE_PROCUREMENT
1011HG3167911-1128-1-1,MS2,INV-000381,SERVICE_PROCUREMENT
1011HG3167911-1128-2-1,MS2,INV-000381,SERVICE_PROCUREMENT
1011HG3167911-1128-3-1,MS2,INV-000381,SERVICE_PROCUREMENT
1011HG3167911-1128-4-1,MS2,INV-000381,SERVICE_PROCUREMENT
1011HG3167911-1128-5-1,MS2,INV-000381,SERVICE_PROCUREMENT
1011HG3167911-1130-1-1,MS1,INV-000381,SERVICE_PROCUREMENT
1011HG3167911-1133-1-1,MS2,INV-000381,SERVICE_PROCUREMENT
1011HG3167911-1133-2-1,MS2,INV-000381,SERVICE_PROCUREMENT
1011HG3167911-1133-3-1,MS2,INV-000381,SERVICE_PROCUREMENT
1011HG3167911-1133-4-1,MS2,INV-000381,SERVICE_PROCUREMENT
1011HG3167911-1134-1-1,MS1,INV-000381,SERVICE_PROCUREMENT
1011HG3068810-1306-1-1,MS1,INV-000381,SERVICE_PROCUREMENT
1011HG3068810-1307-1-1,MS1,INV-000381,SERVICE_PROCUREMENT
1011HG3068809-3973-1-1,MS1,INV-000381,SERVICE_PROCUREMENT
1011HG3068809-4039-1-1,MS1,INV-000381,SERVICE_PROCUREMENT
1011HG3068809-4040-1-1,MS1,INV-000381,SERVICE_PROCUREMENT
1011HG3068810-1367-1-1,MS1,INV-000381,SERVICE_PROCUREMENT
1011HG3068810-1370-1-1,MS1,INV-000381,SERVICE_PROCUREMENT
1011HG3068809-4062-1-1,MS1,INV-000381,SERVICE_PROCUREMENT
1011HG3068809-4062-3-1,MS1,INV-000381,SERVICE_PROCUREMENT
1011HG3068809-4067-1-1,MS1,INV-000381,SERVICE_PROCUREMENT
1011HG3068809-4067-3-1,MS1,INV-000381,SERVICE_PROCUREMENT
1011HG3068809-4068-2-1,MS1,INV-000381,SERVICE_PROCUREMENT
1011HG3068809-3764-4-1,MS1,INV-000381,SERVICE_PROCUREMENT
1011HG3068809-3764-5-1,MS1,INV-000381,SERVICE_PROCUREMENT
1011HG3068809-4095-1-1,MS1,INV-000381,SERVICE_PROCUREMENT
1011HG3068809-4096-1-1,MS1,INV-000381,SERVICE_PROCUREMENT
1011HG3068809-4096-2-1,MS1,INV-000381,SERVICE_PROCUREMENT
1011HG3068809-4098-1-1,MS1,INV-000381,SERVICE_PROCUREMENT
1011HG3068809-4099-1-1,MS1,INV-000381,SERVICE_PROCUREMENT
1011HG3068809-4100-1-1,MS1,INV-000381,SERVICE_PROCUREMENT
1011HG3068809-4101-1-1,MS1,INV-000381,SERVICE_PROCUREMENT
1011HG3068810-1379-1-1,MS1,INV-000381,SERVICE_PROCUREMENT
1011HG3068809-4103-1-1,MS1,INV-000381,SERVICE_PROCUREMENT
1011HG3068809-4105-1-1,MS1,INV-000381,SERVICE_PROCUREMENT
1011HG3068809-4106-1-1,MS1,INV-000381,SERVICE_PROCUREMENT
1011HG3068809-4107-1-1,MS1,INV-000381,SERVICE_PROCUREMENT
1011HG3068809-4108-1-1,MS1,INV-000381,SERVICE_PROCUREMENT
1011HG3068809-4139-1-1,MS1,INV-000381,SERVICE_PROCUREMENT
1011HG3068809-4167-1-1,MS1,INV-000381,SERVICE_PROCUREMENT
1011HG3068809-4168-1-1,MS1,INV-000381,SERVICE_PROCUREMENT
1011HG3068810-1426-2-1,MS1,INV-000381,SERVICE_PROCUREMENT
1011HG3068810-1429-2-1,MS1,INV-000381,SERVICE_PROCUREMENT
1011HG3068809-4260-1-1,MS1,INV-000381,SERVICE_PROCUREMENT
1011HG3068809-4261-1-1,MS1,INV-000381,SERVICE_PROCUREMENT
1011HG3068809-4296-1-1,MS1,INV-000381,SERVICE_PROCUREMENT
1011HG3068810-1456-1-1,MS1,INV-000381,SERVICE_PROCUREMENT
1011HG3068810-1456-3-1,MS1,INV-000381,SERVICE_PROCUREMENT
1011HG3068810-1456-4-1,MS1,INV-000381,SERVICE_PROCUREMENT
1011HG3068810-1457-1-1,MS1,INV-000381,SERVICE_PROCUREMENT
1011HG3068810-1457-3-1,MS1,INV-000381,SERVICE_PROCUREMENT
1011HG3068810-1457-4-1,MS1,INV-000381,SERVICE_PROCUREMENT
1011HG3068810-1458-1-1,MS1,INV-000381,SERVICE_PROCUREMENT
1011HG3068810-1458-2-1,MS1,INV-000381,SERVICE_PROCUREMENT
1011HG3068810-1458-4-1,MS1,INV-000381,SERVICE_PROCUREMENT
1011HG3068809-4321-2-1,MS1,INV-000381,SERVICE_PROCUREMENT
1011HG3068810-1460-2-1,MS1,INV-000381,SERVICE_PROCUREMENT
1011HG3068810-1460-3-1,MS1,INV-000381,SERVICE_PROCUREMENT
1011HG3068810-1460-4-1,MS1,INV-000381,SERVICE_PROCUREMENT
1011HG3068810-1466-3-1,MS1,INV-000382,SERVICE_PROCUREMENT
1011HG3068809-4332-3-1,MS1,INV-000382,SERVICE_PROCUREMENT
1011HG3068809-4333-3-1,MS1,INV-000382,SERVICE_PROCUREMENT
1011HG3068809-4334-1-1,MS1,INV-000382,SERVICE_PROCUREMENT
1011HG3068809-4334-3-1,MS1,INV-000382,SERVICE_PROCUREMENT
1011HG3068809-4335-1-1,MS1,INV-000382,SERVICE_PROCUREMENT
1011HG3068809-4335-4-1,MS1,INV-000382,SERVICE_PROCUREMENT
1011HG3068809-4336-2-1,MS1,INV-000382,SERVICE_PROCUREMENT
1011HG3068809-4336-4-1,MS1,INV-000382,SERVICE_PROCUREMENT
1011HG3068809-4343-1-1,MS1,INV-000382,SERVICE_PROCUREMENT
1011HG3068810-1471-1-1,MS1,INV-000382,SERVICE_PROCUREMENT
1011HG3068810-1471-3-1,MS1,INV-000382,SERVICE_PROCUREMENT
1011HG3068810-1471-4-1,MS1,INV-000382,SERVICE_PROCUREMENT
1011HG3068810-1472-1-1,MS1,INV-000382,SERVICE_PROCUREMENT
1011HG3068810-1472-3-1,MS1,INV-000382,SERVICE_PROCUREMENT
1011HG3068810-1472-4-1,MS1,INV-000382,SERVICE_PROCUREMENT
1011HG3068810-900-2-1,MS1,INV-000383,SERVICE_PROCUREMENT
1011HG3068809-2993-1-1,MS1,INV-000383,SERVICE_PROCUREMENT
1011HG3068809-2993-3-1,MS1,INV-000383,SERVICE_PROCUREMENT
1011HG3068809-3712-1-1,MS1,INV-000383,SERVICE_PROCUREMENT
1011HG3068809-3721-1-1,MS1,INV-000383,SERVICE_PROCUREMENT
1011HG3068809-4154-1-1,MS1,INV-000383,SERVICE_PROCUREMENT
1011HG3167911-1286-1-1,MS1,INV-000383,SERVICE_PROCUREMENT
1011HG3167911-1286-2-1,MS1,INV-000383,SERVICE_PROCUREMENT
1011HG3167911-1287-1-1,MS1,INV-000383,SERVICE_PROCUREMENT
1011HG3167911-1287-2-1,MS1,INV-000383,SERVICE_PROCUREMENT
1011HG3167911-1288-1-1,MS1,INV-000383,SERVICE_PROCUREMENT
1011HG3167911-1288-2-1,MS1,INV-000383,SERVICE_PROCUREMENT
1011HG3167911-1423-1-1,MS1,INV-000383,SERVICE_PROCUREMENT
1011HG3068809-4284-2-1,MS1,INV-000383,SERVICE_PROCUREMENT
1011HG3068809-4286-1-1,MS1,INV-000383,SERVICE_PROCUREMENT
1011HG3068809-4286-2-1,MS1,INV-000383,SERVICE_PROCUREMENT
1011HG3068809-4287-1-1,MS1,INV-000383,SERVICE_PROCUREMENT
1011HG3068809-4287-2-1,MS1,INV-000383,SERVICE_PROCUREMENT
1011HG3068810-1439-2-1,MS1,INV-000383,SERVICE_PROCUREMENT
1011HG3692387-21-1-1,MS1,INV-000384,SERVICE_PROCUREMENT
1011HG3692387-21-3-1,MS1,INV-000384,SERVICE_PROCUREMENT
1011HG3692386-68-2-1,MS1,INV-000384,SERVICE_PROCUREMENT
1011HG3692386-68-3-1,MS1,INV-000384,SERVICE_PROCUREMENT
1011HG3692386-70-1-1,MS1,INV-000384,SERVICE_PROCUREMENT
1011HG3692386-70-3-1,MS1,INV-000384,SERVICE_PROCUREMENT
1011HG3692386-136-1-1,MS1,INV-000384,SERVICE_PROCUREMENT
1011HG3167912-9-1-1,MS1,INV-000387,SERVICE_PROCUREMENT
1011HG3167912-10-1-1,MS2,INV-000387,SERVICE_PROCUREMENT
1011HG3167912-35-1-1,MS1,INV-000387,SERVICE_PROCUREMENT
1011HG3167912-36-1-1,MS2,INV-000387,SERVICE_PROCUREMENT
1011HG3167912-154-1-1,MS1,INV-000387,SERVICE_PROCUREMENT
1011HG3167912-155-1-1,MS2,INV-000387,SERVICE_PROCUREMENT
1011HG3167912-155-2-1,MS2,INV-000387,SERVICE_PROCUREMENT
1011HG3167912-155-3-1,MS2,INV-000387,SERVICE_PROCUREMENT
1011HG3167912-155-4-1,MS2,INV-000387,SERVICE_PROCUREMENT
1011HG3167912-155-5-1,MS2,INV-000387,SERVICE_PROCUREMENT
1011HG3167912-156-1-1,MS1,INV-000387,SERVICE_PROCUREMENT
1011HG3167912-157-1-1,MS2,INV-000387,SERVICE_PROCUREMENT
1011HG3167912-158-1-1,MS2,INV-000387,SERVICE_PROCUREMENT
1011HG3167912-158-2-1,MS2,INV-000387,SERVICE_PROCUREMENT
1011HG3167912-158-3-1,MS2,INV-000387,SERVICE_PROCUREMENT
1011HG3167912-211-1-1,MS1,INV-000387,SERVICE_PROCUREMENT
1011HG3167912-212-1-1,MS2,INV-000387,SERVICE_PROCUREMENT
1011HG3167912-212-2-1,MS2,INV-000387,SERVICE_PROCUREMENT
1011HG3167912-212-3-1,MS2,INV-000387,SERVICE_PROCUREMENT
1011HG3167912-212-4-1,MS2,INV-000387,SERVICE_PROCUREMENT
1011HG3167912-212-5-1,MS2,INV-000387,SERVICE_PROCUREMENT
1011HG3068809-2619-2-1,MS1,INV-000387,SERVICE_PROCUREMENT
1011HG3167911-359-1-1,MS1,INV-000387,SERVICE_PROCUREMENT
1011HG3167911-361-1-1,MS2,INV-000387,SERVICE_PROCUREMENT
1011HG3167911-361-2-1,MS2,INV-000387,SERVICE_PROCUREMENT
1011HG3167911-361-3-1,MS2,INV-000387,SERVICE_PROCUREMENT
1011HG3167911-361-4-1,MS2,INV-000387,SERVICE_PROCUREMENT
1011HG3167911-361-5-1,MS2,INV-000387,SERVICE_PROCUREMENT
1011HG3167911-361-6-1,MS2,INV-000387,SERVICE_PROCUREMENT
1011HG3167911-420-1-1,MS1,INV-000387,SERVICE_PROCUREMENT
1011HG3167911-540-1-1,MS2,INV-000387,SERVICE_PROCUREMENT
1011HG3167911-540-2-1,MS2,INV-000387,SERVICE_PROCUREMENT
1011HG3167911-540-3-1,MS2,INV-000387,SERVICE_PROCUREMENT
1011HG3167911-540-4-1,MS2,INV-000387,SERVICE_PROCUREMENT
1011HG3167911-541-1-1,MS1,INV-000387,SERVICE_PROCUREMENT
1011HG3167911-566-1-1,MS1,INV-000387,SERVICE_PROCUREMENT
1011HG3167911-733-1-1,MS1,INV-000387,SERVICE_PROCUREMENT
1011HG3167911-735-1-1,MS1,INV-000387,SERVICE_PROCUREMENT
1011HG3167911-736-1-1,MS1,INV-000387,SERVICE_PROCUREMENT
1011HG3167911-737-1-1,MS1,INV-000387,SERVICE_PROCUREMENT
1011HG3167911-738-1-1,MS1,INV-000387,SERVICE_PROCUREMENT
1011HG3167911-776-1-1,MS2,INV-000387,SERVICE_PROCUREMENT
1011HG3068809-3322-2-1,MS1,INV-000387,SERVICE_PROCUREMENT
1011HG3068809-3322-4-1,MS1,INV-000387,SERVICE_PROCUREMENT
1011HG3167911-831-4-1,MS1,INV-000387,SERVICE_PROCUREMENT
1011HG3068809-3336-1-1,MS1,INV-000387,SERVICE_PROCUREMENT
1011HG3167911-848-1-1,MS1,INV-000387,SERVICE_PROCUREMENT
1011HG3167911-871-1-1,MS1,INV-000387,SERVICE_PROCUREMENT
1011HG3167911-871-2-1,MS1,INV-000387,SERVICE_PROCUREMENT
1011HG3167911-871-3-1,MS1,INV-000387,SERVICE_PROCUREMENT
1011HG3167911-871-4-1,MS1,INV-000387,SERVICE_PROCUREMENT
1011HG3167911-871-5-1,MS1,INV-000387,SERVICE_PROCUREMENT
1011HG3167911-871-6-1,MS1,INV-000387,SERVICE_PROCUREMENT
1011HG3167911-936-1-1,MS2,INV-000387,SERVICE_PROCUREMENT
1011HG3167911-936-2-1,MS2,INV-000387,SERVICE_PROCUREMENT
1011HG3167911-936-3-1,MS2,INV-000387,SERVICE_PROCUREMENT
1011HG3167911-936-4-1,MS2,INV-000387,SERVICE_PROCUREMENT
1011HG3167911-937-1-1,MS1,INV-000387,SERVICE_PROCUREMENT
1011HG3068810-1150-2-1,MS1,INV-000387,SERVICE_PROCUREMENT
1011HG3068809-3555-3-1,MS1,INV-000387,SERVICE_PROCUREMENT
1011HG3167911-1084-1-1,MS1,INV-000387,SERVICE_PROCUREMENT
1011HG3167911-1085-1-1,MS2,INV-000387,SERVICE_PROCUREMENT
1011HG3167911-1085-3-1,MS2,INV-000387,SERVICE_PROCUREMENT
1011HG3167911-1085-4-1,MS2,INV-000387,SERVICE_PROCUREMENT
1011HG3167911-1135-2-1,MS1,INV-000387,SERVICE_PROCUREMENT
1011HG3167911-1136-1-1,MS2,INV-000387,SERVICE_PROCUREMENT
1011HG3167911-1136-2-1,MS2,INV-000387,SERVICE_PROCUREMENT
1011HG3167911-1136-3-1,MS2,INV-000387,SERVICE_PROCUREMENT
1011HG3167911-1136-4-1,MS2,INV-000387,SERVICE_PROCUREMENT
1011HG3167911-1136-5-1,MS2,INV-000387,SERVICE_PROCUREMENT
1011HG3167911-1157-1-1,MS2,INV-000387,SERVICE_PROCUREMENT
1011HG3167911-1156-1-1,MS2,INV-000387,SERVICE_PROCUREMENT
1011HG3068809-4042-5-1,MS1,INV-000387,SERVICE_PROCUREMENT
1011HG3068809-4043-4-1,MS1,INV-000387,SERVICE_PROCUREMENT
1011HG3068809-4044-3-1,MS1,INV-000387,SERVICE_PROCUREMENT
1011HG3068809-4111-1-1,MS1,INV-000387,SERVICE_PROCUREMENT
1011HG3167911-1218-1-1,MS1,INV-000387,SERVICE_PROCUREMENT
1011HG3167911-1218-2-1,MS1,INV-000387,SERVICE_PROCUREMENT
1011HG3167911-1218-3-1,MS1,INV-000387,SERVICE_PROCUREMENT
1011HG3167911-1218-4-1,MS1,INV-000387,SERVICE_PROCUREMENT
1011HG3167911-1218-5-1,MS1,INV-000387,SERVICE_PROCUREMENT
1011HG3167911-1218-6-1,MS1,INV-000387,SERVICE_PROCUREMENT
1011HG3068809-4156-2-1,MS1,INV-000387,SERVICE_PROCUREMENT
1011HG3068809-4156-3-1,MS1,INV-000387,SERVICE_PROCUREMENT
1011HG3068809-4159-1-1,MS1,INV-000387,SERVICE_PROCUREMENT
1011HG3068809-4159-2-1,MS1,INV-000387,SERVICE_PROCUREMENT
1011HG3068809-4160-1-1,MS1,INV-000387,SERVICE_PROCUREMENT
1011HG3068809-4160-3-1,MS1,INV-000387,SERVICE_PROCUREMENT
1011HG3068809-4175-3-1,MS1,INV-000387,SERVICE_PROCUREMENT
1011HG3068809-4175-4-1,MS1,INV-000387,SERVICE_PROCUREMENT
1011HG3068809-4176-3-1,MS1,INV-000387,SERVICE_PROCUREMENT
1011HG3167911-1250-1-1,MS1,INV-000387,SERVICE_PROCUREMENT
1011HG3068809-4240-2-1,MS1,INV-000387,SERVICE_PROCUREMENT
1011HG3068809-4244-1-1,MS1,INV-000387,SERVICE_PROCUREMENT
1011HG3068809-4250-2-1,MS1,INV-000387,SERVICE_PROCUREMENT
1011HG3068809-4264-1-1,MS1,INV-000387,SERVICE_PROCUREMENT
1011HG3068809-4263-1-1,MS1,INV-000387,SERVICE_PROCUREMENT
1011HG3068809-4270-1-1,MS1,INV-000387,SERVICE_PROCUREMENT
1011HG3068809-4270-2-1,MS1,INV-000387,SERVICE_PROCUREMENT
1011HG3068809-4272-1-1,MS1,INV-000387,SERVICE_PROCUREMENT
1011HG3068809-4329-1-1,MS1,INV-000387,SERVICE_PROCUREMENT
1011HG3068809-4329-2-1,MS1,INV-000387,SERVICE_PROCUREMENT
1011HG3068809-4329-4-1,MS1,INV-000387,SERVICE_PROCUREMENT
1011HG3068810-1461-2-1,MS1,INV-000387,SERVICE_PROCUREMENT
1011HG3068810-1461-3-1,MS1,INV-000387,SERVICE_PROCUREMENT
1011HG3068809-4330-1-1,MS1,INV-000387,SERVICE_PROCUREMENT
1011HG3068809-4330-2-1,MS1,INV-000387,SERVICE_PROCUREMENT
1011HG3068809-4330-3-1,MS1,INV-000387,SERVICE_PROCUREMENT
1011HG3068809-4330-4-1,MS1,INV-000387,SERVICE_PROCUREMENT
1011HG3068809-4330-5-1,MS1,INV-000387,SERVICE_PROCUREMENT
1011HG3068810-1462-1-1,MS1,INV-000387,SERVICE_PROCUREMENT
1011HG3068810-1462-2-1,MS1,INV-000387,SERVICE_PROCUREMENT
1011HG3068810-1462-3-1,MS1,INV-000387,SERVICE_PROCUREMENT
1011HG3068810-1462-4-1,MS1,INV-000387,SERVICE_PROCUREMENT
1011HG3068810-1465-1-1,MS1,INV-000387,SERVICE_PROCUREMENT
1011HG3068810-1465-2-1,MS1,INV-000387,SERVICE_PROCUREMENT
1011HG3068810-1465-3-1,MS1,INV-000387,SERVICE_PROCUREMENT
1011HG3068810-1465-5-1,MS1,INV-000387,SERVICE_PROCUREMENT
1011HG3068810-1465-6-1,MS1,INV-000387,SERVICE_PROCUREMENT
1011HG3068810-1465-7-1,MS1,INV-000387,SERVICE_PROCUREMENT
1011HG3068810-1465-8-1,MS1,INV-000387,SERVICE_PROCUREMENT
1011HG3068810-1477-2-1,MS1,INV-000386,SERVICE_PROCUREMENT
1011HG3068810-1476-2-1,MS1,INV-000386,SERVICE_PROCUREMENT
1011HG3068809-4346-2-1,MS1,INV-000386,SERVICE_PROCUREMENT
1011HG3692386-2-1-1,MS1,INV-000385,SERVICE_PROCUREMENT
1011HG3692386-3-3-1,MS1,INV-000385,SERVICE_PROCUREMENT
1011HG3692386-5-1-1,MS1,INV-000385,SERVICE_PROCUREMENT
1011HG3692386-30-1-1,MS1,INV-000385,SERVICE_PROCUREMENT
1011HG3692386-31-1-1,MS1,INV-000385,SERVICE_PROCUREMENT
1011HG3692386-63-1-1,MS1,INV-000385,SERVICE_PROCUREMENT
1011HG3692386-106-1-1,MS1,INV-000385,SERVICE_PROCUREMENT
1011HG3692386-128-2-1,MS1,INV-000385,SERVICE_PROCUREMENT
1011HG3692386-128-4-1,MS1,INV-000385,SERVICE_PROCUREMENT
1011HG3068809-1678-2-1,MS1,INV-000389,SERVICE_PROCUREMENT
1011HG3068809-2795-2-1,MS1,INV-000389,SERVICE_PROCUREMENT
1011HG3068809-2798-2-1,MS1,INV-000389,SERVICE_PROCUREMENT
1011HG3068809-2843-1-1,MS1,INV-000389,SERVICE_PROCUREMENT
1011HG3167911-510-1-1,MS2,INV-000389,SERVICE_PROCUREMENT
1011HG3068809-3163-2-1,MS1,INV-000389,SERVICE_PROCUREMENT
1011HG3068809-3164-1-1,MS1,INV-000389,SERVICE_PROCUREMENT
1011HG3068809-3175-2-1,MS1,INV-000389,SERVICE_PROCUREMENT
1011HG3068809-3176-2-1,MS1,INV-000389,SERVICE_PROCUREMENT
1011HG3068809-3177-2-1,MS1,INV-000389,SERVICE_PROCUREMENT
1011HG3068809-3179-2-1,MS1,INV-000389,SERVICE_PROCUREMENT
1011HG3167911-676-1-1,MS2,INV-000389,SERVICE_PROCUREMENT
1011HG3167911-676-2-1,MS2,INV-000389,SERVICE_PROCUREMENT
1011HG3068809-3248-1-1,MS1,INV-000389,SERVICE_PROCUREMENT
1011HG3068809-3251-2-1,MS1,INV-000389,SERVICE_PROCUREMENT
1011HG3068809-3255-2-1,MS1,INV-000389,SERVICE_PROCUREMENT
1011HG3167911-798-1-1,MS2,INV-000389,SERVICE_PROCUREMENT
1011HG3167911-798-2-1,MS2,INV-000389,SERVICE_PROCUREMENT
1011HG3167911-798-3-1,MS2,INV-000389,SERVICE_PROCUREMENT
1011HG3167911-798-4-1,MS2,INV-000389,SERVICE_PROCUREMENT
1011HG3068809-3293-2-1,MS1,INV-000389,SERVICE_PROCUREMENT
1011HG3068809-3294-2-1,MS1,INV-000389,SERVICE_PROCUREMENT
1011HG3068809-3295-2-1,MS1,INV-000389,SERVICE_PROCUREMENT
1011HG3068809-3297-1-1,MS1,INV-000389,SERVICE_PROCUREMENT
1011HG3068809-3298-1-1,MS1,INV-000389,SERVICE_PROCUREMENT
1011HG3068809-3447-2-1,MS1,INV-000389,SERVICE_PROCUREMENT
1011HG3068809-3808-2-1,MS1,INV-000389,SERVICE_PROCUREMENT
1011HG3068809-3809-2-1,MS1,INV-000389,SERVICE_PROCUREMENT
1011HG3068809-4063-1-1,MS1,INV-000389,SERVICE_PROCUREMENT
1011HG3068809-4063-2-1,MS1,INV-000389,SERVICE_PROCUREMENT
1011HG3068809-4066-1-1,MS1,INV-000389,SERVICE_PROCUREMENT
1011HG3068809-4071-1-1,MS1,INV-000389,SERVICE_PROCUREMENT
1011HG3068809-4204-1-1,MS1,INV-000389,SERVICE_PROCUREMENT
1011HG3068809-4206-1-1,MS1,INV-000389,SERVICE_PROCUREMENT
1011HG3068809-4207-1-1,MS1,INV-000389,SERVICE_PROCUREMENT
1011HG3068809-4208-1-1,MS1,INV-000389,SERVICE_PROCUREMENT
1011HG3068809-4209-1-1,MS1,INV-000389,SERVICE_PROCUREMENT
1011HG3068809-4211-1-1,MS1,INV-000389,SERVICE_PROCUREMENT
1011HG3068809-4212-1-1,MS1,INV-000389,SERVICE_PROCUREMENT
1011HG3068809-4216-1-1,MS1,INV-000389,SERVICE_PROCUREMENT
1011HG3068809-4225-1-1,MS1,INV-000389,SERVICE_PROCUREMENT
1011HG3068809-4227-1-1,MS1,INV-000389,SERVICE_PROCUREMENT
1011HG3068809-4229-1-1,MS1,INV-000389,SERVICE_PROCUREMENT
1011HG3068810-1438-2-1,MS1,INV-000389,SERVICE_PROCUREMENT
1011HG3692386-24-1-1,MS1,INV-000388,SERVICE_PROCUREMENT
1011HG3692386-36-1-1,MS1,INV-000388,SERVICE_PROCUREMENT
1011HG3692386-66-1-1,MS1,INV-000388,SERVICE_PROCUREMENT
1011HG3692386-69-1-1,MS1,INV-000388,SERVICE_PROCUREMENT
1011HG3692386-69-3-1,MS1,INV-000388,SERVICE_PROCUREMENT
1011HG3692386-114-1-1,MS1,INV-000388,SERVICE_PROCUREMENT
1011HG3692387-143-2-1,MS1,INV-000388,SERVICE_PROCUREMENT
1011HG3068809-4331-1-1,MS1,INV-000392,SERVICE_PROCUREMENT
1011HG3068810-1467-1-1,MS1,INV-000392,SERVICE_PROCUREMENT
1011HG3068810-1467-2-1,MS1,INV-000392,SERVICE_PROCUREMENT
1011HG3068810-1468-2-1,MS1,INV-000392,SERVICE_PROCUREMENT
1011HG3068810-1468-3-1,MS1,INV-000392,SERVICE_PROCUREMENT
1011HG3068810-1471-2-1,MS1,INV-000392,SERVICE_PROCUREMENT
1011HG3068810-1472-2-1,MS1,INV-000392,SERVICE_PROCUREMENT
1011HG3068810-1477-1-1,MS1,INV-000392,SERVICE_PROCUREMENT
1011HG3068810-1476-1-1,MS1,INV-000392,SERVICE_PROCUREMENT
1011HG3068809-4346-1-1,MS1,INV-000392,SERVICE_PROCUREMENT
1011HG3703593-1-1-1,MS1,INV-000392,SERVICE_PROCUREMENT
1011HG3703593-1-2-1,MS1,INV-000392,SERVICE_PROCUREMENT
1011HG3703593-2-1-1,MS1,INV-000392,SERVICE_PROCUREMENT
1011HG3703593-2-2-1,MS1,INV-000392,SERVICE_PROCUREMENT
1011HG3692386-27-1-1,MS1,INV-000391,SERVICE_PROCUREMENT
1011HG3692386-37-1-1,MS1,INV-000391,SERVICE_PROCUREMENT
1011HG3692387-25-2-1,MS1,INV-000391,SERVICE_PROCUREMENT
1011HG3692387-25-3-1,MS1,INV-000391,SERVICE_PROCUREMENT
1011HG3692386-98-1-1,MS1,INV-000391,SERVICE_PROCUREMENT
1011HG3692386-99-1-1,MS1,INV-000391,SERVICE_PROCUREMENT
1011HG3692386-100-1-1,MS1,INV-000391,SERVICE_PROCUREMENT
1011HG3692386-101-1-1,MS1,INV-000391,SERVICE_PROCUREMENT
1011HG3692386-103-1-1,MS1,INV-000391,SERVICE_PROCUREMENT
1011HG3692386-102-1-1,MS1,INV-000391,SERVICE_PROCUREMENT
1011HG3692386-105-1-1,MS1,INV-000391,SERVICE_PROCUREMENT
1011HG3692386-123-1-1,MS1,INV-000391,SERVICE_PROCUREMENT
1011HG3692386-128-1-1,MS1,INV-000391,SERVICE_PROCUREMENT
1011HG3692386-128-3-1,MS1,INV-000391,SERVICE_PROCUREMENT
1011HG3692386-129-1-1,MS1,INV-000391,SERVICE_PROCUREMENT
1011HG3692386-129-2-1,MS1,INV-000391,SERVICE_PROCUREMENT
1011HG3692386-129-3-1,MS1,INV-000391,SERVICE_PROCUREMENT
1011HG3692386-133-1-1,MS1,INV-000391,SERVICE_PROCUREMENT
1011HG3692386-134-1-1,MS1,INV-000391,SERVICE_PROCUREMENT
1011HG3692386-175-1-1,MS1,INV-000391,SERVICE_PROCUREMENT
1011HG3692386-176-1-1,MS1,INV-000391,SERVICE_PROCUREMENT
1011HG3692386-179-1-1,MS1,INV-000391,SERVICE_PROCUREMENT
1011HG3692386-223-1-1,MS1,INV-000391,SERVICE_PROCUREMENT
1011HG3692386-224-1-1,MS1,INV-000391,SERVICE_PROCUREMENT
1011HG3692386-225-1-1,MS1,INV-000391,SERVICE_PROCUREMENT
1011HG3692386-226-1-1,MS1,INV-000391,SERVICE_PROCUREMENT
1011HG3692386-227-1-1,MS1,INV-000391,SERVICE_PROCUREMENT
1011HG3692386-228-1-1,MS1,INV-000391,SERVICE_PROCUREMENT
1011HG3692386-229-1-1,MS1,INV-000391,SERVICE_PROCUREMENT
1011HG3692386-230-1-1,MS1,INV-000391,SERVICE_PROCUREMENT
1011HG3692386-231-1-1,MS1,INV-000391,SERVICE_PROCUREMENT
1011HG3692387-133-1-1,MS1,INV-000391,SERVICE_PROCUREMENT
1011HG3692387-134-1-1,MS1,INV-000391,SERVICE_PROCUREMENT
1011HG3692387-135-1-1,MS1,INV-000391,SERVICE_PROCUREMENT
1011HG3692386-232-1-1,MS1,INV-000391,SERVICE_PROCUREMENT
1011HG3692386-233-1-1,MS1,INV-000391,SERVICE_PROCUREMENT
1011HG3692387-136-1-1,MS1,INV-000391,SERVICE_PROCUREMENT
1011HG3692386-234-1-1,MS1,INV-000391,SERVICE_PROCUREMENT
1011HG3692386-235-1-1,MS1,INV-000391,SERVICE_PROCUREMENT
1011HG3692386-236-1-1,MS1,INV-000391,SERVICE_PROCUREMENT
1011HG3692387-137-1-1,MS1,INV-000391,SERVICE_PROCUREMENT
1011HG3692387-145-1-1,MS1,INV-000391,SERVICE_PROCUREMENT
1011HG3692386-258-1-1,MS1,INV-000391,SERVICE_PROCUREMENT
1011HG3692386-259-1-1,MS1,INV-000391,SERVICE_PROCUREMENT
1011HG3692386-260-1-1,MS1,INV-000391,SERVICE_PROCUREMENT
1011HG3692386-261-1-1,MS1,INV-000391,SERVICE_PROCUREMENT
1011HG3692386-262-1-1,MS1,INV-000391,SERVICE_PROCUREMENT
1011HG3692386-263-1-1,MS1,INV-000391,SERVICE_PROCUREMENT
1011HG3692386-264-1-1,MS1,INV-000391,SERVICE_PROCUREMENT
1011HG3692386-265-1-1,MS1,INV-000391,SERVICE_PROCUREMENT
1011HG3692386-266-1-1,MS1,INV-000391,SERVICE_PROCUREMENT
1011HG3692386-267-1-1,MS1,INV-000391,SERVICE_PROCUREMENT
1011HG3692386-271-1-1,MS1,INV-000391,SERVICE_PROCUREMENT
1011HG3068809-2380-1-1,MS1,INV-000393,SERVICE_PROCUREMENT
1011HG3068809-2811-2-1,MS1,INV-000393,SERVICE_PROCUREMENT
1011HG3068809-3036-1-1,MS1,INV-000393,SERVICE_PROCUREMENT
1011HG3068809-3081-1-1,MS1,INV-000393,SERVICE_PROCUREMENT
1011HG3068809-3227-2-1,MS1,INV-000393,SERVICE_PROCUREMENT
1011HG3167911-727-1-1,MS2,INV-000393,SERVICE_PROCUREMENT
1011HG3167911-727-2-1,MS2,INV-000393,SERVICE_PROCUREMENT
1011HG3167911-727-3-1,MS2,INV-000393,SERVICE_PROCUREMENT
1011HG3167911-730-1-1,MS1,INV-000393,SERVICE_PROCUREMENT
1011HG3068809-3383-1-1,MS1,INV-000393,SERVICE_PROCUREMENT
1011HG3068809-3412-1-1,MS1,INV-000393,SERVICE_PROCUREMENT
1011HG3068810-1127-2-1,MS1,INV-000393,SERVICE_PROCUREMENT
1011HG3068809-3430-1-1,MS1,INV-000393,SERVICE_PROCUREMENT
1011HG3068809-3431-1-1,MS1,INV-000393,SERVICE_PROCUREMENT
1011HG3068809-3432-1-1,MS1,INV-000393,SERVICE_PROCUREMENT
1011HG3167911-1000-1-1,MS1,INV-000393,SERVICE_PROCUREMENT
1011HG3167911-1000-2-1,MS1,INV-000393,SERVICE_PROCUREMENT
1011HG3167911-1000-3-1,MS1,INV-000393,SERVICE_PROCUREMENT
1011HG3167911-1000-4-1,MS1,INV-000393,SERVICE_PROCUREMENT
1011HG3167911-1000-5-1,MS1,INV-000393,SERVICE_PROCUREMENT
1011HG3167911-1000-6-1,MS1,INV-000393,SERVICE_PROCUREMENT
1011HG3068810-1193-1-1,MS1,INV-000393,SERVICE_PROCUREMENT
1011HG3068810-1198-1-1,MS1,INV-000393,SERVICE_PROCUREMENT
1011HG3068809-3856-1-1,MS1,INV-000393,SERVICE_PROCUREMENT
1011HG3068810-1301-1-1,MS1,INV-000393,SERVICE_PROCUREMENT
1011HG3068810-1301-2-1,MS1,INV-000393,SERVICE_PROCUREMENT
1011HG3068810-1304-1-1,MS1,INV-000393,SERVICE_PROCUREMENT
1011HG3068809-3998-1-1,MS1,INV-000393,SERVICE_PROCUREMENT
1011HG3068810-1325-1-1,MS1,INV-000393,SERVICE_PROCUREMENT
1011HG3167911-1163-1-1,MS1,INV-000393,SERVICE_PROCUREMENT
1011HG3167911-1163-2-1,MS1,INV-000393,SERVICE_PROCUREMENT
1011HG3167911-1163-3-1,MS1,INV-000393,SERVICE_PROCUREMENT
1011HG3167911-1163-4-1,MS1,INV-000393,SERVICE_PROCUREMENT
1011HG3167911-1163-5-1,MS1,INV-000393,SERVICE_PROCUREMENT
1011HG3167911-1163-6-1,MS1,INV-000393,SERVICE_PROCUREMENT
1011HG3167911-1164-1-1,MS1,INV-000393,SERVICE_PROCUREMENT
1011HG3167911-1164-2-1,MS1,INV-000393,SERVICE_PROCUREMENT
1011HG3167911-1164-3-1,MS1,INV-000393,SERVICE_PROCUREMENT
1011HG3167911-1164-4-1,MS1,INV-000393,SERVICE_PROCUREMENT
1011HG3167911-1164-5-1,MS1,INV-000393,SERVICE_PROCUREMENT
1011HG3167911-1164-6-1,MS1,INV-000393,SERVICE_PROCUREMENT
1011HG3068810-1369-1-1,MS1,INV-000393,SERVICE_PROCUREMENT
1011HG3068809-4042-2-1,MS1,INV-000393,SERVICE_PROCUREMENT
1011HG3068809-4157-1-1,MS1,INV-000393,SERVICE_PROCUREMENT
1011HG3068809-4157-3-1,MS1,INV-000393,SERVICE_PROCUREMENT
1011HG3167911-1241-1-1,MS1,INV-000393,SERVICE_PROCUREMENT
1011HG3167911-1241-2-1,MS1,INV-000393,SERVICE_PROCUREMENT
1011HG3167911-1241-3-1,MS1,INV-000393,SERVICE_PROCUREMENT
1011HG3167911-1241-4-1,MS1,INV-000393,SERVICE_PROCUREMENT
1011HG3167911-1241-5-1,MS1,INV-000393,SERVICE_PROCUREMENT
1011HG3068809-4178-1-1,MS1,INV-000393,SERVICE_PROCUREMENT
1011HG3068809-4179-1-1,MS1,INV-000393,SERVICE_PROCUREMENT
1011HG3167911-1275-1-1,MS1,INV-000393,SERVICE_PROCUREMENT
1011HG3068809-4234-1-1,MS1,INV-000393,SERVICE_PROCUREMENT
1011HG3068810-1422-3-1,MS1,INV-000393,SERVICE_PROCUREMENT
1011HG3068810-1424-1-1,MS1,INV-000393,SERVICE_PROCUREMENT
1011HG3068810-1425-1-1,MS1,INV-000393,SERVICE_PROCUREMENT
1011HG3068809-4237-1-1,MS1,INV-000393,SERVICE_PROCUREMENT
1011HG3068809-4240-1-1,MS1,INV-000393,SERVICE_PROCUREMENT
1011HG3068809-4244-2-1,MS1,INV-000393,SERVICE_PROCUREMENT
1011HG3068809-4246-1-1,MS1,INV-000393,SERVICE_PROCUREMENT
1011HG3068809-4247-1-1,MS1,INV-000393,SERVICE_PROCUREMENT
1011HG3068810-1430-1-1,MS1,INV-000393,SERVICE_PROCUREMENT
1011HG3068809-4250-1-1,MS1,INV-000393,SERVICE_PROCUREMENT
1011HG3068809-4307-1-1,MS1,INV-000393,SERVICE_PROCUREMENT
1011HG3068810-1456-2-1,MS1,INV-000393,SERVICE_PROCUREMENT
1011HG3068810-1457-2-1,MS1,INV-000393,SERVICE_PROCUREMENT
1011HG3068810-1458-3-1,MS1,INV-000393,SERVICE_PROCUREMENT
1011HG3068809-4324-1-1,MS1,INV-000393,SERVICE_PROCUREMENT
1011HG3068810-1459-1-1,MS1,INV-000393,SERVICE_PROCUREMENT
1011HG3068810-1459-2-1,MS1,INV-000393,SERVICE_PROCUREMENT
1011HG3068810-1459-3-1,MS1,INV-000393,SERVICE_PROCUREMENT
1011HG3068810-1459-4-1,MS1,INV-000393,SERVICE_PROCUREMENT
1011HG3068810-1460-1-1,MS1,INV-000393,SERVICE_PROCUREMENT
1011HG3068810-1470-1-1,MS1,INV-000395,SERVICE_PROCUREMENT
1011HG3068810-1470-2-1,MS1,INV-000395,SERVICE_PROCUREMENT
1011HG3068809-1049-1-1,MS1,INV-000396,SERVICE_PROCUREMENT
1011HG3068810-433-1-1,MS1,INV-000396,SERVICE_PROCUREMENT
1011HG3068809-1074-1-1,MS1,INV-000396,SERVICE_PROCUREMENT
1011HG3068810-434-1-1,MS1,INV-000396,SERVICE_PROCUREMENT
1011HG3068810-435-1-1,MS1,INV-000396,SERVICE_PROCUREMENT
1011HG3068810-436-1-1,MS1,INV-000396,SERVICE_PROCUREMENT
1011HG3068809-1076-1-1,MS1,INV-000396,SERVICE_PROCUREMENT
1011HG3068809-1077-1-1,MS1,INV-000396,SERVICE_PROCUREMENT
1011HG3068809-1080-1-1,MS1,INV-000396,SERVICE_PROCUREMENT
1011HG3068809-1081-1-1,MS1,INV-000396,SERVICE_PROCUREMENT
1011HG3068810-443-1-1,MS1,INV-000396,SERVICE_PROCUREMENT
1011HG3068809-1598-1-1,MS1,INV-000396,SERVICE_PROCUREMENT
1011HG3068809-1598-2-1,MS1,INV-000396,SERVICE_PROCUREMENT
1011HG3068809-1598-3-1,MS1,INV-000396,SERVICE_PROCUREMENT
1011HG3068809-1598-4-1,MS1,INV-000396,SERVICE_PROCUREMENT
1011HG3167912-274-1-1,MS1,INV-000396,SERVICE_PROCUREMENT
1011HG3167911-209-1-1,MS1,INV-000396,SERVICE_PROCUREMENT
1011HG3167911-210-1-1,MS1,INV-000396,SERVICE_PROCUREMENT
1011HG3167911-211-1-1,MS1,INV-000396,SERVICE_PROCUREMENT
1011HG3167912-275-1-1,MS1,INV-000396,SERVICE_PROCUREMENT
1011HG3167912-281-1-1,MS1,INV-000396,SERVICE_PROCUREMENT
1011HG3167911-213-1-1,MS1,INV-000396,SERVICE_PROCUREMENT
1011HG3167911-214-1-1,MS1,INV-000396,SERVICE_PROCUREMENT
1011HG3167911-215-1-1,MS1,INV-000396,SERVICE_PROCUREMENT
1011HG3167911-219-1-1,MS1,INV-000396,SERVICE_PROCUREMENT
1011HG3167911-223-1-1,MS1,INV-000396,SERVICE_PROCUREMENT
1011HG3167912-284-1-1,MS1,INV-000396,SERVICE_PROCUREMENT
1011HG3167912-286-1-1,MS1,INV-000396,SERVICE_PROCUREMENT
1011HG3167912-287-1-1,MS1,INV-000396,SERVICE_PROCUREMENT
1011HG3167912-290-1-1,MS1,INV-000396,SERVICE_PROCUREMENT
1011HG3167912-291-1-1,MS1,INV-000396,SERVICE_PROCUREMENT
1011HG3167911-230-1-1,MS1,INV-000396,SERVICE_PROCUREMENT
1011HG3167911-235-1-1,MS1,INV-000396,SERVICE_PROCUREMENT
1011HG3167912-309-1-1,MS1,INV-000396,SERVICE_PROCUREMENT
1011HG3167911-237-1-1,MS1,INV-000396,SERVICE_PROCUREMENT
1011HG3167911-238-1-1,MS1,INV-000396,SERVICE_PROCUREMENT
1011HG3167911-239-1-1,MS1,INV-000396,SERVICE_PROCUREMENT
1011HG3167911-240-1-1,MS1,INV-000396,SERVICE_PROCUREMENT
1011HG3167911-241-1-1,MS1,INV-000396,SERVICE_PROCUREMENT
1011HG3167911-242-1-1,MS1,INV-000396,SERVICE_PROCUREMENT
1011HG3167911-243-1-1,MS1,INV-000396,SERVICE_PROCUREMENT
1011HG3167911-245-1-1,MS1,INV-000396,SERVICE_PROCUREMENT
1011HG3068809-2466-1-1,MS1,INV-000396,SERVICE_PROCUREMENT
1011HG3068809-2466-2-1,MS1,INV-000396,SERVICE_PROCUREMENT
1011HG3068809-2466-3-1,MS1,INV-000396,SERVICE_PROCUREMENT
1011HG3068809-2466-4-1,MS1,INV-000396,SERVICE_PROCUREMENT
1011HG3068809-2466-5-1,MS1,INV-000396,SERVICE_PROCUREMENT
1011HG3167911-311-1-1,MS1,INV-000396,SERVICE_PROCUREMENT
1011HG3167912-354-1-1,MS1,INV-000396,SERVICE_PROCUREMENT
1011HG3167912-355-1-1,MS1,INV-000396,SERVICE_PROCUREMENT
1011HG3167912-356-1-1,MS1,INV-000396,SERVICE_PROCUREMENT
1011HG3068809-2738-1-1,MS1,INV-000396,SERVICE_PROCUREMENT
1011HG3068809-2846-1-1,MS1,INV-000396,SERVICE_PROCUREMENT
1011HG3068809-3028-1-1,MS1,INV-000396,SERVICE_PROCUREMENT
1011HG3167912-438-1-1,MS1,INV-000396,SERVICE_PROCUREMENT
1011HG3167911-657-1-1,MS1,INV-000396,SERVICE_PROCUREMENT
1011HG3068809-3204-1-1,MS1,INV-000396,SERVICE_PROCUREMENT
1011HG3068809-3337-1-1,MS1,INV-000396,SERVICE_PROCUREMENT
1011HG3068809-3352-1-1,MS1,INV-000396,SERVICE_PROCUREMENT
1011HG3068810-1133-1-1,MS1,INV-000396,SERVICE_PROCUREMENT
1011HG3167911-993-1-1,MS1,INV-000396,SERVICE_PROCUREMENT
1011HG3167912-444-1-1,MS1,INV-000396,SERVICE_PROCUREMENT
1011HG3167911-994-1-1,MS1,INV-000396,SERVICE_PROCUREMENT
1011HG3167911-995-1-1,MS1,INV-000396,SERVICE_PROCUREMENT
1011HG3167911-996-1-1,MS1,INV-000396,SERVICE_PROCUREMENT
1011HG3167912-445-1-1,MS1,INV-000396,SERVICE_PROCUREMENT
1011HG3167911-997-1-1,MS1,INV-000396,SERVICE_PROCUREMENT
1011HG3167912-446-1-1,MS1,INV-000396,SERVICE_PROCUREMENT
1011HG3167912-447-1-1,MS1,INV-000396,SERVICE_PROCUREMENT
1011HG3068810-1187-1-1,MS1,INV-000396,SERVICE_PROCUREMENT
1011HG3068809-3928-1-1,MS1,INV-000396,SERVICE_PROCUREMENT
1011HG3068810-1327-1-1,MS1,INV-000396,SERVICE_PROCUREMENT
1011HG3068810-1329-1-1,MS1,INV-000396,SERVICE_PROCUREMENT
1011HG3068810-1331-1-1,MS1,INV-000396,SERVICE_PROCUREMENT
1011HG3068810-1336-1-1,MS1,INV-000396,SERVICE_PROCUREMENT
1011HG3068810-1337-1-1,MS1,INV-000396,SERVICE_PROCUREMENT
1011HG3068810-1347-1-1,MS1,INV-000396,SERVICE_PROCUREMENT
1011HG3068810-1349-1-1,MS1,INV-000396,SERVICE_PROCUREMENT
1011HG3068809-4030-1-1,MS1,INV-000396,SERVICE_PROCUREMENT
1011HG3068809-4032-1-1,MS1,INV-000396,SERVICE_PROCUREMENT
1011HG3068810-1353-1-1,MS1,INV-000396,SERVICE_PROCUREMENT
1011HG3068810-1354-1-1,MS1,INV-000396,SERVICE_PROCUREMENT
1011HG3068810-1355-1-1,MS1,INV-000396,SERVICE_PROCUREMENT
1011HG3068810-1356-1-1,MS1,INV-000396,SERVICE_PROCUREMENT
1011HG3068810-1357-1-1,MS1,INV-000396,SERVICE_PROCUREMENT
1011HG3068810-1365-1-1,MS1,INV-000396,SERVICE_PROCUREMENT
1011HG3068809-4063-3-1,MS1,INV-000396,SERVICE_PROCUREMENT
1011HG3167911-1169-1-1,MS1,INV-000396,SERVICE_PROCUREMENT
1011HG3167911-1169-2-1,MS1,INV-000396,SERVICE_PROCUREMENT
1011HG3167911-1169-3-1,MS1,INV-000396,SERVICE_PROCUREMENT
1011HG3167911-1169-4-1,MS1,INV-000396,SERVICE_PROCUREMENT
1011HG3167911-1189-1-1,MS1,INV-000396,SERVICE_PROCUREMENT
1011HG3167911-1189-2-1,MS1,INV-000396,SERVICE_PROCUREMENT
1011HG3167911-1189-3-1,MS1,INV-000396,SERVICE_PROCUREMENT
1011HG3167911-1189-4-1,MS1,INV-000396,SERVICE_PROCUREMENT
1011HG3167911-1189-5-1,MS1,INV-000396,SERVICE_PROCUREMENT
1011HG3068810-1404-1-1,MS1,INV-000396,SERVICE_PROCUREMENT
1011HG3068810-1406-1-1,MS1,INV-000396,SERVICE_PROCUREMENT
1011HG3068810-1422-1-1,MS1,INV-000396,SERVICE_PROCUREMENT
1011HG3068810-1422-2-1,MS1,INV-000396,SERVICE_PROCUREMENT
1011HG3068810-1427-1-1,MS1,INV-000396,SERVICE_PROCUREMENT
1011HG3068809-4285-3-1,MS1,INV-000396,SERVICE_PROCUREMENT
1011HG3068809-4288-2-1,MS1,INV-000396,SERVICE_PROCUREMENT
1011HG3692386-38-1-1,MS1,INV-000394,SERVICE_PROCUREMENT
1011HG3692386-57-1-1,MS1,INV-000394,SERVICE_PROCUREMENT
1011HG3692386-68-1-1,MS1,INV-000394,SERVICE_PROCUREMENT
1011HG3692386-69-2-1,MS1,INV-000394,SERVICE_PROCUREMENT
1011HG3692386-70-2-1,MS1,INV-000394,SERVICE_PROCUREMENT
1011HG3692386-108-1-1,MS1,INV-000394,SERVICE_PROCUREMENT
1011HG3692386-110-1-1,MS1,INV-000394,SERVICE_PROCUREMENT
1011HG3692386-165-1-1,MS1,INV-000394,SERVICE_PROCUREMENT
1011HG3692386-166-1-1,MS1,INV-000394,SERVICE_PROCUREMENT
1011HG3692386-167-1-1,MS1,INV-000394,SERVICE_PROCUREMENT
1011HG3692387-59-1-1,MS1,INV-000394,SERVICE_PROCUREMENT
1011HG3692387-125-1-1,MS1,INV-000394,SERVICE_PROCUREMENT
1011HG3692387-143-1-1,MS1,INV-000394,SERVICE_PROCUREMENT
1011HG3692386-246-1-1,MS1,INV-000394,SERVICE_PROCUREMENT
1011HG3692386-270-1-1,MS1,INV-000394,SERVICE_PROCUREMENT
1011HG3692387-153-1-1,MS1,INV-000394,SERVICE_PROCUREMENT
1011HG3692387-154-1-1,MS1,INV-000394,SERVICE_PROCUREMENT
1011HG3692387-157-1-1,MS1,INV-000394,SERVICE_PROCUREMENT
1011HG3692387-158-1-1,MS1,INV-000394,SERVICE_PROCUREMENT
1011HG3692386-14-1-1,MS1,INV-000397,SERVICE_PROCUREMENT
1011HG3692386-14-2-1,MS1,INV-000397,SERVICE_PROCUREMENT
1011HG3692387-108-1-1,MS1,INV-000397,SERVICE_PROCUREMENT
1011HG3692386-220-1-1,MS1,INV-000397,SERVICE_PROCUREMENT
1011HG3692387-155-1-1,MS1,INV-000397,SERVICE_PROCUREMENT
1011HG3692387-156-1-1,MS1,INV-000397,SERVICE_PROCUREMENT
1011HG3068810-432-1-1,MS1,INV-000398,SERVICE_PROCUREMENT
1011HG3068810-439-1-1,MS1,INV-000398,SERVICE_PROCUREMENT
1011HG3068810-440-1-1,MS1,INV-000398,SERVICE_PROCUREMENT
1011HG3068810-444-1-1,MS1,INV-000398,SERVICE_PROCUREMENT
1011HG3068810-445-1-1,MS1,INV-000398,SERVICE_PROCUREMENT
1011HG3068809-1083-1-1,MS1,INV-000398,SERVICE_PROCUREMENT
1011HG3068810-446-1-1,MS1,INV-000398,SERVICE_PROCUREMENT
1011HG3068810-660-1-1,MS1,INV-000398,SERVICE_PROCUREMENT
1011HG3068810-782-2-1,MS1,INV-000398,SERVICE_PROCUREMENT
1011HG3068810-783-1-1,MS1,INV-000398,SERVICE_PROCUREMENT
1011HG3068810-783-4-1,MS1,INV-000398,SERVICE_PROCUREMENT
1011HG3068809-2203-1-1,MS1,INV-000398,SERVICE_PROCUREMENT
1011HG3068809-2204-2-1,MS1,INV-000398,SERVICE_PROCUREMENT
1011HG3068810-920-1-1,MS1,INV-000398,SERVICE_PROCUREMENT
1011HG3068809-2577-1-1,MS1,INV-000398,SERVICE_PROCUREMENT
1011HG3068810-951-1-1,MS1,INV-000398,SERVICE_PROCUREMENT
1011HG3167911-396-1-1,MS1,INV-000398,SERVICE_PROCUREMENT
1011HG3167911-597-1-1,MS1,INV-000398,SERVICE_PROCUREMENT
1011HG3068810-1099-3-1,MS1,INV-000398,SERVICE_PROCUREMENT
1011HG3068810-1193-2-1,MS1,INV-000398,SERVICE_PROCUREMENT
1011HG3068809-3856-2-1,MS1,INV-000398,SERVICE_PROCUREMENT
1011HG3068810-1259-1-1,MS1,INV-000398,SERVICE_PROCUREMENT
1011HG3068810-1260-1-1,MS1,INV-000398,SERVICE_PROCUREMENT
1011HG3068810-1261-1-1,MS1,INV-000398,SERVICE_PROCUREMENT
1011HG3068810-1266-1-1,MS1,INV-000398,SERVICE_PROCUREMENT
1011HG3068809-3872-1-1,MS1,INV-000398,SERVICE_PROCUREMENT
1011HG3068809-3874-1-1,MS1,INV-000398,SERVICE_PROCUREMENT
1011HG3068809-3876-1-1,MS1,INV-000398,SERVICE_PROCUREMENT
1011HG3068809-3877-1-1,MS1,INV-000398,SERVICE_PROCUREMENT
1011HG3068810-1278-1-1,MS1,INV-000398,SERVICE_PROCUREMENT
1011HG3068810-1280-1-1,MS1,INV-000398,SERVICE_PROCUREMENT
1011HG3068810-1305-1-1,MS1,INV-000398,SERVICE_PROCUREMENT
1011HG3068809-4048-1-1,MS1,INV-000398,SERVICE_PROCUREMENT
1011HG3167911-1175-1-1,MS1,INV-000398,SERVICE_PROCUREMENT
1011HG3167911-1175-2-1,MS1,INV-000398,SERVICE_PROCUREMENT
1011HG3167911-1175-3-1,MS1,INV-000398,SERVICE_PROCUREMENT
1011HG3167911-1175-4-1,MS1,INV-000398,SERVICE_PROCUREMENT
1011HG3167911-1175-5-1,MS1,INV-000398,SERVICE_PROCUREMENT
1011HG3167911-1175-6-1,MS1,INV-000398,SERVICE_PROCUREMENT
1011HG3167911-1184-1-1,MS1,INV-000398,SERVICE_PROCUREMENT
1011HG3167911-1194-1-1,MS1,INV-000398,SERVICE_PROCUREMENT
1011HG3167911-1194-2-1,MS1,INV-000398,SERVICE_PROCUREMENT
1011HG3167911-1194-3-1,MS1,INV-000398,SERVICE_PROCUREMENT
1011HG3167911-1194-4-1,MS1,INV-000398,SERVICE_PROCUREMENT
1011HG3167911-1194-5-1,MS1,INV-000398,SERVICE_PROCUREMENT
1011HG3167911-1194-6-1,MS1,INV-000398,SERVICE_PROCUREMENT
1011HG3167911-1202-1-1,MS1,INV-000398,SERVICE_PROCUREMENT
1011HG3068809-4140-2-1,MS1,INV-000398,SERVICE_PROCUREMENT
1011HG3167911-1214-1-1,MS1,INV-000398,SERVICE_PROCUREMENT
1011HG3167911-1214-2-1,MS1,INV-000398,SERVICE_PROCUREMENT
1011HG3167911-1214-3-1,MS1,INV-000398,SERVICE_PROCUREMENT
1011HG3167911-1214-4-1,MS1,INV-000398,SERVICE_PROCUREMENT
1011HG3167911-1214-5-1,MS1,INV-000398,SERVICE_PROCUREMENT
1011HG3167911-1214-6-1,MS1,INV-000398,SERVICE_PROCUREMENT
1011HG3167911-1223-1-1,MS1,INV-000398,SERVICE_PROCUREMENT
1011HG3167911-1262-1-1,MS1,INV-000398,SERVICE_PROCUREMENT
1011HG3167911-1262-2-1,MS1,INV-000398,SERVICE_PROCUREMENT
1011HG3167911-1262-3-1,MS1,INV-000398,SERVICE_PROCUREMENT
1011HG3167911-1262-4-1,MS1,INV-000398,SERVICE_PROCUREMENT
1011HG3167911-1262-5-1,MS1,INV-000398,SERVICE_PROCUREMENT
1011HG3167911-1262-6-1,MS1,INV-000398,SERVICE_PROCUREMENT
1011HG3068809-4187-1-1,MS1,INV-000398,SERVICE_PROCUREMENT
1011HG3068809-4189-1-1,MS1,INV-000398,SERVICE_PROCUREMENT
1011HG3068810-1426-1-1,MS1,INV-000398,SERVICE_PROCUREMENT
1011HG3068810-1428-1-1,MS1,INV-000398,SERVICE_PROCUREMENT
1011HG3068810-1429-1-1,MS1,INV-000398,SERVICE_PROCUREMENT
1011HG3167911-1439-1-1,MS1,INV-000398,SERVICE_PROCUREMENT
1011HG3167911-1451-1-1,MS1,INV-000398,SERVICE_PROCUREMENT
1011HG3692386-65-1-1,MS1,INV-000401,SERVICE_PROCUREMENT
1011HG3692386-113-1-1,MS1,INV-000401,SERVICE_PROCUREMENT
1011HG3692387-107-1-1,MS1,INV-000401,SERVICE_PROCUREMENT
1011HG3068809-1711-1-1,MS1,INV-000402,SERVICE_PROCUREMENT
1011HG3068810-802-3-1,MS1,INV-000402,SERVICE_PROCUREMENT
1011HG3068809-2499-1-1,MS1,INV-000402,SERVICE_PROCUREMENT
1011HG3068809-2586-5-1,MS1,INV-000402,SERVICE_PROCUREMENT
1011HG3068809-2587-1-1,MS1,INV-000402,SERVICE_PROCUREMENT
1011HG3167911-395-1-1,MS2,INV-000402,SERVICE_PROCUREMENT
1011HG3167911-395-2-1,MS2,INV-000402,SERVICE_PROCUREMENT
1011HG3167911-395-3-1,MS2,INV-000402,SERVICE_PROCUREMENT
1011HG3167911-395-4-1,MS2,INV-000402,SERVICE_PROCUREMENT
1011HG3167911-395-5-1,MS2,INV-000402,SERVICE_PROCUREMENT
1011HG3167911-395-6-1,MS2,INV-000402,SERVICE_PROCUREMENT
1011HG3068810-981-5-1,MS1,INV-000402,SERVICE_PROCUREMENT
1011HG3167911-418-1-1,MS2,INV-000402,SERVICE_PROCUREMENT
1011HG3167911-418-2-1,MS2,INV-000402,SERVICE_PROCUREMENT
1011HG3167911-418-3-1,MS2,INV-000402,SERVICE_PROCUREMENT
1011HG3167911-418-4-1,MS2,INV-000402,SERVICE_PROCUREMENT
1011HG3167911-418-5-1,MS2,INV-000402,SERVICE_PROCUREMENT
1011HG3167911-418-6-1,MS2,INV-000402,SERVICE_PROCUREMENT
1011HG3167911-567-1-1,MS2,INV-000402,SERVICE_PROCUREMENT
1011HG3167911-567-2-1,MS2,INV-000402,SERVICE_PROCUREMENT
1011HG3167911-567-3-1,MS2,INV-000402,SERVICE_PROCUREMENT
1011HG3167911-567-4-1,MS2,INV-000402,SERVICE_PROCUREMENT
1011HG3167911-567-5-1,MS2,INV-000402,SERVICE_PROCUREMENT
1011HG3167911-567-6-1,MS2,INV-000402,SERVICE_PROCUREMENT
1011HG3167911-598-1-1,MS2,INV-000402,SERVICE_PROCUREMENT
1011HG3167911-598-2-1,MS2,INV-000402,SERVICE_PROCUREMENT
1011HG3167911-598-3-1,MS2,INV-000402,SERVICE_PROCUREMENT
1011HG3167911-598-4-1,MS2,INV-000402,SERVICE_PROCUREMENT
1011HG3167911-598-5-1,MS2,INV-000402,SERVICE_PROCUREMENT
1011HG3167911-598-6-1,MS2,INV-000402,SERVICE_PROCUREMENT
1011HG3167911-648-1-1,MS2,INV-000402,SERVICE_PROCUREMENT
1011HG3068810-1101-1-1,MS1,INV-000402,SERVICE_PROCUREMENT
1011HG3068810-1101-2-1,MS1,INV-000402,SERVICE_PROCUREMENT
1011HG3068810-1148-1-1,MS1,INV-000402,SERVICE_PROCUREMENT
1011HG3068810-1161-1-1,MS1,INV-000402,SERVICE_PROCUREMENT
1011HG3068810-1245-1-1,MS1,INV-000402,SERVICE_PROCUREMENT
1011HG3068810-1246-1-1,MS1,INV-000402,SERVICE_PROCUREMENT
1011HG3068810-1309-1-1,MS1,INV-000402,SERVICE_PROCUREMENT
1011HG3068810-1309-2-1,MS1,INV-000402,SERVICE_PROCUREMENT
1011HG3167911-1154-1-1,MS2,INV-000402,SERVICE_PROCUREMENT
1011HG3167911-1155-1-1,MS2,INV-000402,SERVICE_PROCUREMENT
1011HG3068809-4062-2-1,MS1,INV-000402,SERVICE_PROCUREMENT
1011HG3068810-1402-1-1,MS1,INV-000402,SERVICE_PROCUREMENT
1011HG3068810-1402-2-1,MS1,INV-000402,SERVICE_PROCUREMENT
1011HG3167911-1230-1-1,MS1,INV-000402,SERVICE_PROCUREMENT
1011HG3068810-1418-1-1,MS1,INV-000402,SERVICE_PROCUREMENT
1011HG3068809-4194-1-1,MS1,INV-000402,SERVICE_PROCUREMENT
1011HG3068809-4194-2-1,MS1,INV-000402,SERVICE_PROCUREMENT
1011HG3068809-4196-1-1,MS1,INV-000402,SERVICE_PROCUREMENT
1011HG3068809-4195-1-1,MS1,INV-000402,SERVICE_PROCUREMENT
1011HG3068809-4195-2-1,MS1,INV-000402,SERVICE_PROCUREMENT
1011HG3068809-4197-1-1,MS1,INV-000402,SERVICE_PROCUREMENT
1011HG3167911-1432-1-1,MS1,INV-000402,SERVICE_PROCUREMENT
1011HG3167911-1432-2-1,MS1,INV-000402,SERVICE_PROCUREMENT
1011HG3167911-1432-3-1,MS1,INV-000402,SERVICE_PROCUREMENT
1011HG3167911-1432-4-1,MS1,INV-000402,SERVICE_PROCUREMENT
1011HG3167911-1432-6-1,MS1,INV-000402,SERVICE_PROCUREMENT
1011HG3068809-4274-1-1,MS1,INV-000402,SERVICE_PROCUREMENT
1011HG3068809-4275-1-1,MS1,INV-000402,SERVICE_PROCUREMENT
1011HG3068810-1473-1-1,MS1,INV-000402,SERVICE_PROCUREMENT
1011HG3068810-1474-1-1,MS1,INV-000402,SERVICE_PROCUREMENT
1011HG3692386-20-1-1,MS1,INV-000403,SERVICE_PROCUREMENT
1011HG3692386-21-2-1,MS1,INV-000403,SERVICE_PROCUREMENT
1011HG3692386-22-2-1,MS1,INV-000403,SERVICE_PROCUREMENT
1011HG3692386-23-1-1,MS1,INV-000403,SERVICE_PROCUREMENT
1011HG3692387-5-1-1,MS1,INV-000403,SERVICE_PROCUREMENT
1011HG3692387-6-2-1,MS1,INV-000403,SERVICE_PROCUREMENT
1011HG3692387-7-1-1,MS1,INV-000403,SERVICE_PROCUREMENT
1011HG3692387-8-2-1,MS1,INV-000403,SERVICE_PROCUREMENT
1011HG3692387-9-2-1,MS1,INV-000403,SERVICE_PROCUREMENT
1011HG3692387-10-1-1,MS1,INV-000403,SERVICE_PROCUREMENT
1011HG3692387-11-1-1,MS1,INV-000403,SERVICE_PROCUREMENT
1011HG3692387-12-1-1,MS1,INV-000403,SERVICE_PROCUREMENT
1011HG3692386-119-2-1,MS1,INV-000403,SERVICE_PROCUREMENT
1011HG3692386-121-1-1,MS1,INV-000403,SERVICE_PROCUREMENT
1011HG3692386-205-2-1,MS1,INV-000403,SERVICE_PROCUREMENT
1011HG3692386-212-4-1,MS1,INV-000403,SERVICE_PROCUREMENT
1011HG3692386-213-2-1,MS1,INV-000403,SERVICE_PROCUREMENT
1011HG3692386-214-2-1,MS1,INV-000403,SERVICE_PROCUREMENT
1011HG3692386-275-3-1,MS1,INV-000403,SERVICE_PROCUREMENT
1011HG3692386-278-3-1,MS1,INV-000403,SERVICE_PROCUREMENT
1011HG3692386-324-2-1,MS1,INV-000403,SERVICE_PROCUREMENT
1011HG3692386-324-4-1,MS1,INV-000403,SERVICE_PROCUREMENT
1011HG3692386-325-2-1,MS1,INV-000403,SERVICE_PROCUREMENT
1011HG3692386-325-4-1,MS1,INV-000403,SERVICE_PROCUREMENT
1011HG3692386-338-2-1,MS1,INV-000403,SERVICE_PROCUREMENT
1011HG3692386-339-4-1,MS1,INV-000403,SERVICE_PROCUREMENT
1011HG3692386-341-3-1,MS1,INV-000403,SERVICE_PROCUREMENT
1011HG3692386-340-2-1,MS1,INV-000403,SERVICE_PROCUREMENT
1011HG3692386-342-1-1,MS1,INV-000403,SERVICE_PROCUREMENT
1011HG3692386-359-2-1,MS1,INV-000403,SERVICE_PROCUREMENT
1011HG3692386-359-4-1,MS1,INV-000403,SERVICE_PROCUREMENT
1011HG3692386-360-1-1,MS1,INV-000403,SERVICE_PROCUREMENT
1011HG3692386-360-3-1,MS1,INV-000403,SERVICE_PROCUREMENT
1011HG3692386-366-2-1,MS1,INV-000403,SERVICE_PROCUREMENT
1011HG3692386-366-4-1,MS1,INV-000403,SERVICE_PROCUREMENT
1011HG3692386-367-2-1,MS1,INV-000403,SERVICE_PROCUREMENT
1011HG3692386-367-4-1,MS1,INV-000403,SERVICE_PROCUREMENT
1011HG3692386-368-1-1,MS1,INV-000403,SERVICE_PROCUREMENT
1011HG3692386-368-4-1,MS1,INV-000403,SERVICE_PROCUREMENT
1011HG3692387-166-1-1,MS1,INV-000403,SERVICE_PROCUREMENT
1011HG3692387-166-2-1,MS1,INV-000403,SERVICE_PROCUREMENT
1011HG3692386-377-1-1,MS1,INV-000403,SERVICE_PROCUREMENT
1011HG3692386-377-2-1,MS1,INV-000403,SERVICE_PROCUREMENT
1011HG3692386-378-3-1,MS1,INV-000403,SERVICE_PROCUREMENT
1011HG3692386-379-1-1,MS1,INV-000403,SERVICE_PROCUREMENT
1011HG3692386-380-2-1,MS1,INV-000403,SERVICE_PROCUREMENT
1011HG3692386-381-2-1,MS1,INV-000403,SERVICE_PROCUREMENT
1011HG3068810-567-3-1,MS1,INV-000404,SERVICE_PROCUREMENT
1011HG3068810-1092-1-1,MS1,INV-000404,SERVICE_PROCUREMENT
1011HG3068810-1159-1-1,MS1,INV-000404,SERVICE_PROCUREMENT
1011HG3068810-1160-1-1,MS1,INV-000404,SERVICE_PROCUREMENT
1011HG3068810-1162-1-1,MS1,INV-000404,SERVICE_PROCUREMENT
1011HG3068809-4110-2-1,MS1,INV-000404,SERVICE_PROCUREMENT
1011HG3167911-1239-1-1,MS1,INV-000404,SERVICE_PROCUREMENT
1011HG3167911-1239-2-1,MS1,INV-000404,SERVICE_PROCUREMENT
1011HG3167911-1239-3-1,MS1,INV-000404,SERVICE_PROCUREMENT
1011HG3167911-1239-4-1,MS1,INV-000404,SERVICE_PROCUREMENT
1011HG3167911-1239-5-1,MS1,INV-000404,SERVICE_PROCUREMENT
1011HG3068809-4200-1-1,MS1,INV-000404,SERVICE_PROCUREMENT
1011HG3167912-13-1-1,MS2,INV-000406,SERVICE_PROCUREMENT
1011HG3167912-13-2-1,MS2,INV-000406,SERVICE_PROCUREMENT
1011HG3167912-13-3-1,MS2,INV-000406,SERVICE_PROCUREMENT
1011HG3167912-13-4-1,MS2,INV-000406,SERVICE_PROCUREMENT
1011HG3167912-120-1-1,MS2,INV-000406,SERVICE_PROCUREMENT
1011HG3068809-1597-4-1,MS1,INV-000406,SERVICE_PROCUREMENT
1011HG3068809-2523-1-1,MS1,INV-000406,SERVICE_PROCUREMENT
1011HG3068809-3206-1-1,MS1,INV-000406,SERVICE_PROCUREMENT
1011HG3068809-3554-3-1,MS1,INV-000406,SERVICE_PROCUREMENT
1011HG3068809-4043-2-1,MS1,INV-000406,SERVICE_PROCUREMENT
1011HG3068809-4200-4-1,MS1,INV-000406,SERVICE_PROCUREMENT
1011HG3068809-4235-1-1,MS1,INV-000406,SERVICE_PROCUREMENT
1011HG3068810-1467-3-1,MS1,INV-000406,SERVICE_PROCUREMENT
1011HG3068810-1468-1-1,MS1,INV-000406,SERVICE_PROCUREMENT
1011HG3692386-29-1-1,MS1,INV-000405,SERVICE_PROCUREMENT
1011HG3692386-33-1-1,MS1,INV-000405,SERVICE_PROCUREMENT
1011HG3692386-34-1-1,MS1,INV-000405,SERVICE_PROCUREMENT
1011HG3692386-35-1-1,MS1,INV-000405,SERVICE_PROCUREMENT
1011HG3692387-5-2-1,MS1,INV-000405,SERVICE_PROCUREMENT
1011HG3692387-6-1-1,MS1,INV-000405,SERVICE_PROCUREMENT
1011HG3692387-7-2-1,MS1,INV-000405,SERVICE_PROCUREMENT
1011HG3692387-9-1-1,MS1,INV-000405,SERVICE_PROCUREMENT
1011HG3692387-10-2-1,MS1,INV-000405,SERVICE_PROCUREMENT
1011HG3692387-11-2-1,MS1,INV-000405,SERVICE_PROCUREMENT
1011HG3692387-11-3-1,MS1,INV-000405,SERVICE_PROCUREMENT
1011HG3692387-12-2-1,MS1,INV-000405,SERVICE_PROCUREMENT
1011HG3692387-13-1-1,MS1,INV-000405,SERVICE_PROCUREMENT
1011HG3692387-14-2-1,MS1,INV-000405,SERVICE_PROCUREMENT
1011HG3692387-15-1-1,MS1,INV-000405,SERVICE_PROCUREMENT
1011HG3692387-17-2-1,MS1,INV-000405,SERVICE_PROCUREMENT
1011HG3692387-18-1-1,MS1,INV-000405,SERVICE_PROCUREMENT
1011HG3692387-19-1-1,MS1,INV-000405,SERVICE_PROCUREMENT
1011HG3692387-20-1-1,MS1,INV-000405,SERVICE_PROCUREMENT
1011HG3692386-59-1-1,MS1,INV-000405,SERVICE_PROCUREMENT
1011HG3692386-59-2-1,MS1,INV-000405,SERVICE_PROCUREMENT
1011HG3692386-59-3-1,MS1,INV-000405,SERVICE_PROCUREMENT
1011HG3692387-21-2-1,MS1,INV-000405,SERVICE_PROCUREMENT
1011HG3692387-25-1-1,MS1,INV-000405,SERVICE_PROCUREMENT
1011HG3692387-65-1-1,MS1,INV-000405,SERVICE_PROCUREMENT
1011HG3692387-66-1-1,MS1,INV-000405,SERVICE_PROCUREMENT
1011HG3692387-67-1-1,MS1,INV-000405,SERVICE_PROCUREMENT
1011HG3692387-69-1-1,MS1,INV-000405,SERVICE_PROCUREMENT
1011HG3692387-70-1-1,MS1,INV-000405,SERVICE_PROCUREMENT
1011HG3692387-71-1-1,MS1,INV-000405,SERVICE_PROCUREMENT
1011HG3692387-72-1-1,MS1,INV-000405,SERVICE_PROCUREMENT
1011HG3692387-89-1-1,MS1,INV-000405,SERVICE_PROCUREMENT
1011HG3692387-90-1-1,MS1,INV-000405,SERVICE_PROCUREMENT
1011HG3692387-91-1-1,MS1,INV-000405,SERVICE_PROCUREMENT
1011HG3692387-92-1-1,MS1,INV-000405,SERVICE_PROCUREMENT
1011HG3692386-212-1-1,MS1,INV-000405,SERVICE_PROCUREMENT
1011HG3692387-132-1-1,MS1,INV-000405,SERVICE_PROCUREMENT
1011HG3692386-275-1-1,MS1,INV-000405,SERVICE_PROCUREMENT
1011HG3692386-275-2-1,MS1,INV-000405,SERVICE_PROCUREMENT
1011HG3692386-278-1-1,MS1,INV-000405,SERVICE_PROCUREMENT
1011HG3692386-278-2-1,MS1,INV-000405,SERVICE_PROCUREMENT
1011HG3692386-318-2-1,MS1,INV-000405,SERVICE_PROCUREMENT
1011HG3692386-318-4-1,MS1,INV-000405,SERVICE_PROCUREMENT
1011HG3692386-319-2-1,MS1,INV-000405,SERVICE_PROCUREMENT
1011HG3692386-319-4-1,MS1,INV-000405,SERVICE_PROCUREMENT
1011HG3692386-324-1-1,MS1,INV-000405,SERVICE_PROCUREMENT
1011HG3692386-324-3-1,MS1,INV-000405,SERVICE_PROCUREMENT
1011HG3692386-325-1-1,MS1,INV-000405,SERVICE_PROCUREMENT
1011HG3692386-325-3-1,MS1,INV-000405,SERVICE_PROCUREMENT
1011HG3692386-359-1-1,MS1,INV-000405,SERVICE_PROCUREMENT
1011HG3692386-359-3-1,MS1,INV-000405,SERVICE_PROCUREMENT
1011HG3692386-360-2-1,MS1,INV-000405,SERVICE_PROCUREMENT
1011HG3692386-360-4-1,MS1,INV-000405,SERVICE_PROCUREMENT
1011HG3692386-366-1-1,MS1,INV-000405,SERVICE_PROCUREMENT
1011HG3692386-366-3-1,MS1,INV-000405,SERVICE_PROCUREMENT
1011HG3692386-367-1-1,MS1,INV-000405,SERVICE_PROCUREMENT
1011HG3692386-367-3-1,MS1,INV-000405,SERVICE_PROCUREMENT
1011HG3692386-368-2-1,MS1,INV-000405,SERVICE_PROCUREMENT
1011HG3692386-368-3-1,MS1,INV-000405,SERVICE_PROCUREMENT
1011HG3692386-378-1-1,MS1,INV-000405,SERVICE_PROCUREMENT
1011HG3692386-378-2-1,MS1,INV-000405,SERVICE_PROCUREMENT
1011HG3692386-379-2-1,MS1,INV-000405,SERVICE_PROCUREMENT
1011HG3692386-379-3-1,MS1,INV-000405,SERVICE_PROCUREMENT
1011HG3692386-380-1-1,MS1,INV-000405,SERVICE_PROCUREMENT
1011HG3692386-380-3-1,MS1,INV-000405,SERVICE_PROCUREMENT
1011HG3692386-381-1-1,MS1,INV-000405,SERVICE_PROCUREMENT
1011HG3692386-381-3-1,MS1,INV-000405,SERVICE_PROCUREMENT
1011HG3167911-363-1-1,MS1,INV-000408,SERVICE_PROCUREMENT
1011HG3167911-364-1-1,MS2,INV-000408,SERVICE_PROCUREMENT
1011HG3167911-364-2-1,MS2,INV-000408,SERVICE_PROCUREMENT
1011HG3167911-364-3-1,MS2,INV-000408,SERVICE_PROCUREMENT
1011HG3167911-364-4-1,MS2,INV-000408,SERVICE_PROCUREMENT
1011HG3167911-364-5-1,MS2,INV-000408,SERVICE_PROCUREMENT
1011HG3167911-364-6-1,MS2,INV-000408,SERVICE_PROCUREMENT
1011HG3167911-605-1-1,MS1,INV-000408,SERVICE_PROCUREMENT
1011HG3167911-606-1-1,MS2,INV-000408,SERVICE_PROCUREMENT
1011HG3167911-606-2-1,MS2,INV-000408,SERVICE_PROCUREMENT
1011HG3167911-606-3-1,MS2,INV-000408,SERVICE_PROCUREMENT
1011HG3167911-606-4-1,MS2,INV-000408,SERVICE_PROCUREMENT
1011HG3167911-606-5-1,MS2,INV-000408,SERVICE_PROCUREMENT
1011HG3167911-606-6-1,MS2,INV-000408,SERVICE_PROCUREMENT
1011HG3167911-733-1-1,MS2,INV-000408,SERVICE_PROCUREMENT
1011HG3167911-735-1-1,MS2,INV-000408,SERVICE_PROCUREMENT
1011HG3167911-736-1-1,MS2,INV-000408,SERVICE_PROCUREMENT
1011HG3167911-737-1-1,MS2,INV-000408,SERVICE_PROCUREMENT
1011HG3167911-738-1-1,MS2,INV-000408,SERVICE_PROCUREMENT
1011HG3167911-1222-1-1,MS1,INV-000408,SERVICE_PROCUREMENT
1011HG3167911-1437-1-1,MS1,INV-000408,SERVICE_PROCUREMENT
1011HG3167911-1437-2-1,MS1,INV-000408,SERVICE_PROCUREMENT
1011HG3167911-1437-3-1,MS1,INV-000408,SERVICE_PROCUREMENT
1011HG3167911-1437-4-1,MS1,INV-000408,SERVICE_PROCUREMENT
1011HG3167911-1437-5-1,MS1,INV-000408,SERVICE_PROCUREMENT
1011HG3167911-1437-6-1,MS1,INV-000408,SERVICE_PROCUREMENT
1011HG3167911-1441-1-1,MS1,INV-000408,SERVICE_PROCUREMENT
1011HG3167911-1441-2-1,MS1,INV-000408,SERVICE_PROCUREMENT
1011HG3167911-1441-3-1,MS1,INV-000408,SERVICE_PROCUREMENT
1011HG3167911-1441-4-1,MS1,INV-000408,SERVICE_PROCUREMENT
1011HG3167911-1441-5-1,MS1,INV-000408,SERVICE_PROCUREMENT
1011HG3167911-1441-6-1,MS1,INV-000408,SERVICE_PROCUREMENT
1011HG3692386-9-1-1,MS1,INV-000407,SERVICE_PROCUREMENT
1011HG3692386-9-2-1,MS1,INV-000407,SERVICE_PROCUREMENT
1011HG3692386-71-1-1,MS1,INV-000407,SERVICE_PROCUREMENT
1011HG3692386-155-1-1,MS1,INV-000407,SERVICE_PROCUREMENT
1011HG3692387-144-1-1,MS1,INV-000407,SERVICE_PROCUREMENT
1011HG3692386-245-15-1,MS1,INV-000407,SERVICE_PROCUREMENT
1011HG3692386-245-16-1,MS1,INV-000407,SERVICE_PROCUREMENT
1011HG3692386-245-18-1,MS1,INV-000407,SERVICE_PROCUREMENT
1011HG3692386-245-21-1,MS1,INV-000407,SERVICE_PROCUREMENT
1011HG3692386-245-22-1,MS1,INV-000407,SERVICE_PROCUREMENT
1011HG3692386-245-25-1,MS1,INV-000407,SERVICE_PROCUREMENT
1011HG3692386-245-35-1,MS1,INV-000407,SERVICE_PROCUREMENT
1011HG3692386-245-36-1,MS1,INV-000407,SERVICE_PROCUREMENT
1011HG3692386-245-38-1,MS1,INV-000407,SERVICE_PROCUREMENT
1011HG3692386-245-42-1,MS1,INV-000407,SERVICE_PROCUREMENT
1011HG3692386-253-1-1,MS1,INV-000407,SERVICE_PROCUREMENT
1011HG3692386-250-1-1,MS1,INV-000407,SERVICE_PROCUREMENT
1011HG3692386-255-1-1,MS1,INV-000407,SERVICE_PROCUREMENT
1011HG3692386-255-2-1,MS1,INV-000407,SERVICE_PROCUREMENT
1011HG3692386-255-3-1,MS1,INV-000407,SERVICE_PROCUREMENT
1011HG3692386-255-4-1,MS1,INV-000407,SERVICE_PROCUREMENT
1011HG3692386-254-1-1,MS1,INV-000407,SERVICE_PROCUREMENT
1011HG3692386-254-2-1,MS1,INV-000407,SERVICE_PROCUREMENT
1011HG3692386-254-3-1,MS1,INV-000407,SERVICE_PROCUREMENT
1011HG3692386-335-1-1,MS1,INV-000407,SERVICE_PROCUREMENT
1011HG3692386-336-1-1,MS1,INV-000407,SERVICE_PROCUREMENT
1011HG3692386-337-1-1,MS1,INV-000407,SERVICE_PROCUREMENT
1011HG3692386-338-3-1,MS1,INV-000407,SERVICE_PROCUREMENT
1011HG3692386-338-4-1,MS1,INV-000407,SERVICE_PROCUREMENT
1011HG3692386-338-6-1,MS1,INV-000407,SERVICE_PROCUREMENT
1011HG3692386-339-2-1,MS1,INV-000407,SERVICE_PROCUREMENT
1011HG3692386-339-3-1,MS1,INV-000407,SERVICE_PROCUREMENT
1011HG3692386-339-5-1,MS1,INV-000407,SERVICE_PROCUREMENT
1011HG3692386-341-1-1,MS1,INV-000407,SERVICE_PROCUREMENT
1011HG3692386-341-4-1,MS1,INV-000407,SERVICE_PROCUREMENT
1011HG3692386-341-7-1,MS1,INV-000407,SERVICE_PROCUREMENT
1011HG3692386-340-3-1,MS1,INV-000407,SERVICE_PROCUREMENT
1011HG3692386-340-4-1,MS1,INV-000407,SERVICE_PROCUREMENT
1011HG3692386-340-6-1,MS1,INV-000407,SERVICE_PROCUREMENT
1011HG3692386-342-3-1,MS1,INV-000407,SERVICE_PROCUREMENT
1011HG3692386-342-4-1,MS1,INV-000407,SERVICE_PROCUREMENT
1011HG3692386-342-6-1,MS1,INV-000407,SERVICE_PROCUREMENT
1011HG3692386-412-1-1,MS1,INV-000407,SERVICE_PROCUREMENT
1011HG3692386-443-1-1,MS1,INV-000407,SERVICE_PROCUREMENT
1011HG3068809-2528-1-1,MS1,INV-000410,SERVICE_PROCUREMENT
1011HG3068809-3054-1-1,MS1,INV-000410,SERVICE_PROCUREMENT
1011HG3068809-3056-2-1,MS1,INV-000410,SERVICE_PROCUREMENT
1011HG3068809-3144-1-1,MS1,INV-000410,SERVICE_PROCUREMENT
1011HG3068809-3144-2-1,MS1,INV-000410,SERVICE_PROCUREMENT
1011HG3068809-3144-3-1,MS1,INV-000410,SERVICE_PROCUREMENT
1011HG3068809-3144-5-1,MS1,INV-000410,SERVICE_PROCUREMENT
1011HG3068809-3144-6-1,MS1,INV-000410,SERVICE_PROCUREMENT
1011HG3068809-3148-1-1,MS1,INV-000410,SERVICE_PROCUREMENT
1011HG3068809-3965-1-1,MS1,INV-000410,SERVICE_PROCUREMENT
1011HG3068809-3999-1-1,MS1,INV-000410,SERVICE_PROCUREMENT
1011HG3068810-1318-1-1,MS1,INV-000410,SERVICE_PROCUREMENT
1011HG3068809-4142-1-1,MS1,INV-000410,SERVICE_PROCUREMENT
1011HG3068809-4142-2-1,MS1,INV-000410,SERVICE_PROCUREMENT
1011HG3692387-22-1-1,MS1,INV-000409,SERVICE_PROCUREMENT
1011HG3692386-73-1-1,MS1,INV-000409,SERVICE_PROCUREMENT
1011HG3692387-23-1-1,MS1,INV-000409,SERVICE_PROCUREMENT
1011HG3692386-74-1-1,MS1,INV-000409,SERVICE_PROCUREMENT
1011HG3692387-24-1-1,MS1,INV-000409,SERVICE_PROCUREMENT
1011HG3692387-46-1-1,MS1,INV-000409,SERVICE_PROCUREMENT
1011HG3692387-46-3-1,MS1,INV-000409,SERVICE_PROCUREMENT
1011HG3692387-47-1-1,MS1,INV-000409,SERVICE_PROCUREMENT
1011HG3692387-47-3-1,MS1,INV-000409,SERVICE_PROCUREMENT
1011HG3692387-55-1-1,MS1,INV-000409,SERVICE_PROCUREMENT
1011HG3692387-56-1-1,MS1,INV-000409,SERVICE_PROCUREMENT
1011HG3692387-61-1-1,MS1,INV-000409,SERVICE_PROCUREMENT
1011HG3692387-61-2-1,MS1,INV-000409,SERVICE_PROCUREMENT
1011HG3692386-185-5-1,MS1,INV-000409,SERVICE_PROCUREMENT
1011HG3692386-186-4-1,MS1,INV-000409,SERVICE_PROCUREMENT
1011HG3692386-188-4-1,MS1,INV-000409,SERVICE_PROCUREMENT
1011HG3692386-187-3-1,MS1,INV-000409,SERVICE_PROCUREMENT
1011HG3692387-85-1-1,MS1,INV-000409,SERVICE_PROCUREMENT
1011HG3692387-85-2-1,MS1,INV-000409,SERVICE_PROCUREMENT
1011HG3692387-138-1-1,MS1,INV-000409,SERVICE_PROCUREMENT
1011HG3692387-139-1-1,MS1,INV-000409,SERVICE_PROCUREMENT
1011HG3692387-142-2-1,MS1,INV-000409,SERVICE_PROCUREMENT
1011HG3692386-245-28-1,MS1,INV-000409,SERVICE_PROCUREMENT
1011HG3692386-245-30-1,MS1,INV-000409,SERVICE_PROCUREMENT
1011HG3692386-245-33-1,MS1,INV-000409,SERVICE_PROCUREMENT
1011HG3692386-257-1-1,MS1,INV-000409,SERVICE_PROCUREMENT
1011HG3692386-257-2-1,MS1,INV-000409,SERVICE_PROCUREMENT
1011HG3692386-312-1-1,MS1,INV-000409,SERVICE_PROCUREMENT
1011HG3692386-310-1-1,MS1,INV-000409,SERVICE_PROCUREMENT
1011HG3692386-309-1-1,MS1,INV-000409,SERVICE_PROCUREMENT
1011HG3692386-313-2-1,MS1,INV-000409,SERVICE_PROCUREMENT
1011HG3692386-311-2-1,MS1,INV-000409,SERVICE_PROCUREMENT
1011HG3692386-318-3-1,MS1,INV-000409,SERVICE_PROCUREMENT
1011HG3692386-319-3-1,MS1,INV-000409,SERVICE_PROCUREMENT
1011HG3692386-566-1-1,MS1,INV-000409,SERVICE_PROCUREMENT
1011HG3692386-567-1-1,MS1,INV-000409,SERVICE_PROCUREMENT
1011HG3692386-569-1-1,MS1,INV-000409,SERVICE_PROCUREMENT
1011HG3692386-570-1-1,MS1,INV-000409,SERVICE_PROCUREMENT
1011HG3692386-611-1-1,MS1,INV-000409,SERVICE_PROCUREMENT
1011HG3692386-612-1-1,MS1,INV-000409,SERVICE_PROCUREMENT
1011HG3692386-613-1-1,MS1,INV-000409,SERVICE_PROCUREMENT
1011HG3692386-614-1-1,MS1,INV-000409,SERVICE_PROCUREMENT
1011HG3692386-615-1-1,MS1,INV-000409,SERVICE_PROCUREMENT
1011HG3692386-616-1-1,MS1,INV-000409,SERVICE_PROCUREMENT
1011HG3692386-617-1-1,MS1,INV-000409,SERVICE_PROCUREMENT
1011HG3692386-19-3-1,MS1,INV-000412,SERVICE_PROCUREMENT
1011HG3692387-8-1-1,MS1,INV-000412,SERVICE_PROCUREMENT
1011HG3692387-16-1-1,MS1,INV-000412,SERVICE_PROCUREMENT
1011HG3692387-42-1-1,MS1,INV-000412,SERVICE_PROCUREMENT
1011HG3692387-49-1-1,MS1,INV-000412,SERVICE_PROCUREMENT
1011HG3692387-50-1-1,MS1,INV-000412,SERVICE_PROCUREMENT
1011HG3692387-51-1-1,MS1,INV-000412,SERVICE_PROCUREMENT
1011HG3692387-52-1-1,MS1,INV-000412,SERVICE_PROCUREMENT
1011HG3692386-159-1-1,MS1,INV-000412,SERVICE_PROCUREMENT
1011HG3692386-160-1-1,MS1,INV-000412,SERVICE_PROCUREMENT
1011HG3692387-53-1-1,MS1,INV-000412,SERVICE_PROCUREMENT
1011HG3692387-57-1-1,MS1,INV-000412,SERVICE_PROCUREMENT
1011HG3692387-58-1-1,MS1,INV-000412,SERVICE_PROCUREMENT
1011HG3692387-93-1-1,MS1,INV-000412,SERVICE_PROCUREMENT
1011HG3692386-196-1-1,MS1,INV-000412,SERVICE_PROCUREMENT
1011HG3692386-197-1-1,MS1,INV-000412,SERVICE_PROCUREMENT
1011HG3692386-198-1-1,MS1,INV-000412,SERVICE_PROCUREMENT
1011HG3692387-97-1-1,MS1,INV-000412,SERVICE_PROCUREMENT
1011HG3692387-98-1-1,MS1,INV-000412,SERVICE_PROCUREMENT
1011HG3692387-99-1-1,MS1,INV-000412,SERVICE_PROCUREMENT
1011HG3692386-199-1-1,MS1,INV-000412,SERVICE_PROCUREMENT
1011HG3692387-102-1-1,MS1,INV-000412,SERVICE_PROCUREMENT
1011HG3692386-200-1-1,MS1,INV-000412,SERVICE_PROCUREMENT
1011HG3692386-201-1-1,MS1,INV-000412,SERVICE_PROCUREMENT
1011HG3692387-103-1-1,MS1,INV-000412,SERVICE_PROCUREMENT
1011HG3692387-105-1-1,MS1,INV-000412,SERVICE_PROCUREMENT
1011HG3692386-202-1-1,MS1,INV-000412,SERVICE_PROCUREMENT
1011HG3692386-204-1-1,MS1,INV-000412,SERVICE_PROCUREMENT
1011HG3692386-211-1-1,MS1,INV-000412,SERVICE_PROCUREMENT
1011HG3692386-245-11-1,MS1,INV-000412,SERVICE_PROCUREMENT
1011HG3692386-245-12-1,MS1,INV-000412,SERVICE_PROCUREMENT
1011HG3692386-245-13-1,MS1,INV-000412,SERVICE_PROCUREMENT
1011HG3692386-245-14-1,MS1,INV-000412,SERVICE_PROCUREMENT
1011HG3692386-245-46-1,MS1,INV-000412,SERVICE_PROCUREMENT
1011HG3692386-348-2-1,MS1,INV-000412,SERVICE_PROCUREMENT
1011HG3692386-348-4-1,MS1,INV-000412,SERVICE_PROCUREMENT
1011HG3692386-362-2-1,MS1,INV-000412,SERVICE_PROCUREMENT
1011HG3692386-365-3-1,MS1,INV-000412,SERVICE_PROCUREMENT
1011HG3692386-371-3-1,MS1,INV-000412,SERVICE_PROCUREMENT
1011HG3692386-374-1-1,MS1,INV-000412,SERVICE_PROCUREMENT
1011HG3692386-375-1-1,MS1,INV-000412,SERVICE_PROCUREMENT
1011HG3692386-376-1-1,MS1,INV-000412,SERVICE_PROCUREMENT
1011HG3692387-180-1-1,MS1,INV-000412,SERVICE_PROCUREMENT
1011HG3692386-497-1-1,MS1,INV-000412,SERVICE_PROCUREMENT
1011HG3692386-532-1-1,MS1,INV-000412,SERVICE_PROCUREMENT
1011HG3692386-534-2-1,MS1,INV-000412,SERVICE_PROCUREMENT
1011HG3692386-552-1-1,MS1,INV-000412,SERVICE_PROCUREMENT
1011HG3692386-553-1-1,MS1,INV-000412,SERVICE_PROCUREMENT
1011HG3692386-554-1-1,MS1,INV-000412,SERVICE_PROCUREMENT
1011HG3692387-249-1-1,MS1,INV-000412,SERVICE_PROCUREMENT
1011HG3692387-250-1-1,MS1,INV-000412,SERVICE_PROCUREMENT
1011HG3692387-251-1-1,MS1,INV-000412,SERVICE_PROCUREMENT
1011HG3692387-252-1-1,MS1,INV-000412,SERVICE_PROCUREMENT
1011HG3692387-253-1-1,MS1,INV-000412,SERVICE_PROCUREMENT
1011HG3692386-555-1-1,MS1,INV-000412,SERVICE_PROCUREMENT
1011HG3692386-557-1-1,MS1,INV-000412,SERVICE_PROCUREMENT
1011HG3692387-254-1-1,MS1,INV-000412,SERVICE_PROCUREMENT
1011HG3692387-255-1-1,MS1,INV-000412,SERVICE_PROCUREMENT
1011HG3692386-558-1-1,MS1,INV-000412,SERVICE_PROCUREMENT
1011HG3692387-257-1-1,MS1,INV-000412,SERVICE_PROCUREMENT
1011HG3692387-260-1-1,MS1,INV-000412,SERVICE_PROCUREMENT
1011HG3692387-261-1-1,MS1,INV-000412,SERVICE_PROCUREMENT
1011HG3692386-560-1-1,MS1,INV-000412,SERVICE_PROCUREMENT
1011HG3692386-561-1-1,MS1,INV-000412,SERVICE_PROCUREMENT
1011HG3692386-563-1-1,MS1,INV-000412,SERVICE_PROCUREMENT
1011HG3692386-584-1-1,MS1,INV-000412,SERVICE_PROCUREMENT
1011HG3692386-585-1-1,MS1,INV-000412,SERVICE_PROCUREMENT
1011HG3692386-586-1-1,MS1,INV-000412,SERVICE_PROCUREMENT
1011HG3692387-288-1-1,MS1,INV-000412,SERVICE_PROCUREMENT
1011HG3068810-967-2-1,MS1,INV-000411,SERVICE_PROCUREMENT
1011HG3068810-985-1-1,MS1,INV-000411,SERVICE_PROCUREMENT
1011HG3068809-3073-1-1,MS2,INV-000411,SERVICE_PROCUREMENT
1011HG3068810-1101-3-1,MS1,INV-000411,SERVICE_PROCUREMENT
1011HG3167911-778-1-1,MS2,INV-000411,SERVICE_PROCUREMENT
1011HG3167911-778-2-1,MS2,INV-000411,SERVICE_PROCUREMENT
1011HG3167911-778-3-1,MS2,INV-000411,SERVICE_PROCUREMENT
1011HG3167911-778-4-1,MS2,INV-000411,SERVICE_PROCUREMENT
1011HG3167911-778-5-1,MS2,INV-000411,SERVICE_PROCUREMENT
1011HG3167911-779-1-1,MS1,INV-000411,SERVICE_PROCUREMENT
1011HG3167911-780-1-1,MS2,INV-000411,SERVICE_PROCUREMENT
1011HG3167911-780-2-1,MS2,INV-000411,SERVICE_PROCUREMENT
1011HG3167911-780-3-1,MS2,INV-000411,SERVICE_PROCUREMENT
1011HG3167911-780-4-1,MS2,INV-000411,SERVICE_PROCUREMENT
1011HG3167911-780-5-1,MS2,INV-000411,SERVICE_PROCUREMENT
1011HG3167911-781-1-1,MS1,INV-000411,SERVICE_PROCUREMENT
1011HG3167911-784-1-1,MS2,INV-000411,SERVICE_PROCUREMENT
1011HG3167911-784-2-1,MS2,INV-000411,SERVICE_PROCUREMENT
1011HG3167911-784-3-1,MS2,INV-000411,SERVICE_PROCUREMENT
1011HG3167911-784-4-1,MS2,INV-000411,SERVICE_PROCUREMENT
1011HG3167911-784-5-1,MS2,INV-000411,SERVICE_PROCUREMENT
1011HG3167911-785-1-1,MS1,INV-000411,SERVICE_PROCUREMENT
1011HG3068810-1112-1-1,MS1,INV-000411,SERVICE_PROCUREMENT
1011HG3167911-887-2-1,MS1,INV-000411,SERVICE_PROCUREMENT
1011HG3167911-888-1-1,MS2,INV-000411,SERVICE_PROCUREMENT
1011HG3167911-888-2-1,MS2,INV-000411,SERVICE_PROCUREMENT
1011HG3167911-888-3-1,MS2,INV-000411,SERVICE_PROCUREMENT
1011HG3167911-888-4-1,MS2,INV-000411,SERVICE_PROCUREMENT
1011HG3167911-888-5-1,MS2,INV-000411,SERVICE_PROCUREMENT
1011HG3167911-889-2-1,MS1,INV-000411,SERVICE_PROCUREMENT
1011HG3167911-890-1-1,MS2,INV-000411,SERVICE_PROCUREMENT
1011HG3167911-890-2-1,MS2,INV-000411,SERVICE_PROCUREMENT
1011HG3167911-890-3-1,MS2,INV-000411,SERVICE_PROCUREMENT
1011HG3167911-890-4-1,MS2,INV-000411,SERVICE_PROCUREMENT
1011HG3167911-890-5-1,MS2,INV-000411,SERVICE_PROCUREMENT
1011HG3167911-891-1-1,MS2,INV-000411,SERVICE_PROCUREMENT
1011HG3167911-891-2-1,MS2,INV-000411,SERVICE_PROCUREMENT
1011HG3167911-891-3-1,MS2,INV-000411,SERVICE_PROCUREMENT
1011HG3167911-891-4-1,MS2,INV-000411,SERVICE_PROCUREMENT
1011HG3167911-891-5-1,MS2,INV-000411,SERVICE_PROCUREMENT
1011HG3167911-892-1-1,MS1,INV-000411,SERVICE_PROCUREMENT
1011HG3167911-911-1-1,MS2,INV-000411,SERVICE_PROCUREMENT
1011HG3167911-911-2-1,MS2,INV-000411,SERVICE_PROCUREMENT
1011HG3167911-911-3-1,MS2,INV-000411,SERVICE_PROCUREMENT
1011HG3167911-911-4-1,MS2,INV-000411,SERVICE_PROCUREMENT
1011HG3167911-911-5-1,MS2,INV-000411,SERVICE_PROCUREMENT
1011HG3167911-912-1-1,MS1,INV-000411,SERVICE_PROCUREMENT
1011HG3167911-913-1-1,MS1,INV-000411,SERVICE_PROCUREMENT
1011HG3167911-914-1-1,MS2,INV-000411,SERVICE_PROCUREMENT
1011HG3167911-914-2-1,MS2,INV-000411,SERVICE_PROCUREMENT
1011HG3167911-914-3-1,MS2,INV-000411,SERVICE_PROCUREMENT
1011HG3167911-914-4-1,MS2,INV-000411,SERVICE_PROCUREMENT
1011HG3167911-914-5-1,MS2,INV-000411,SERVICE_PROCUREMENT
1011HG3167911-919-1-1,MS2,INV-000411,SERVICE_PROCUREMENT
1011HG3167911-919-2-1,MS2,INV-000411,SERVICE_PROCUREMENT
1011HG3167911-919-3-1,MS2,INV-000411,SERVICE_PROCUREMENT
1011HG3167911-919-4-1,MS2,INV-000411,SERVICE_PROCUREMENT
1011HG3167911-919-5-1,MS2,INV-000411,SERVICE_PROCUREMENT
1011HG3167911-920-1-1,MS1,INV-000411,SERVICE_PROCUREMENT
1011HG3167911-944-1-1,MS2,INV-000411,SERVICE_PROCUREMENT
1011HG3167911-944-2-1,MS2,INV-000411,SERVICE_PROCUREMENT
1011HG3167911-944-3-1,MS2,INV-000411,SERVICE_PROCUREMENT
1011HG3167911-944-4-1,MS2,INV-000411,SERVICE_PROCUREMENT
1011HG3167911-944-5-1,MS2,INV-000411,SERVICE_PROCUREMENT
1011HG3167911-945-2-1,MS1,INV-000411,SERVICE_PROCUREMENT
1011HG3167911-962-2-1,MS1,INV-000411,SERVICE_PROCUREMENT
1011HG3167911-963-1-1,MS2,INV-000411,SERVICE_PROCUREMENT
1011HG3167911-963-2-1,MS2,INV-000411,SERVICE_PROCUREMENT
1011HG3167911-963-3-1,MS2,INV-000411,SERVICE_PROCUREMENT
1011HG3167911-963-4-1,MS2,INV-000411,SERVICE_PROCUREMENT
1011HG3167911-963-5-1,MS2,INV-000411,SERVICE_PROCUREMENT
1011HG3167911-964-1-1,MS1,INV-000411,SERVICE_PROCUREMENT
1011HG3167911-965-1-1,MS2,INV-000411,SERVICE_PROCUREMENT
1011HG3167911-965-2-1,MS2,INV-000411,SERVICE_PROCUREMENT
1011HG3167911-965-3-1,MS2,INV-000411,SERVICE_PROCUREMENT
1011HG3167911-965-4-1,MS2,INV-000411,SERVICE_PROCUREMENT
1011HG3167911-965-5-1,MS2,INV-000411,SERVICE_PROCUREMENT
1011HG3068810-1192-1-1,MS1,INV-000411,SERVICE_PROCUREMENT
1011HG3068809-3812-1-1,MS1,INV-000411,SERVICE_PROCUREMENT
1011HG3068809-3812-3-1,MS1,INV-000411,SERVICE_PROCUREMENT
1011HG3068810-1338-1-1,MS1,INV-000411,SERVICE_PROCUREMENT
1011HG3068810-1339-1-1,MS1,INV-000411,SERVICE_PROCUREMENT
1011HG3068810-1343-1-1,MS1,INV-000411,SERVICE_PROCUREMENT
1011HG3068810-1360-1-1,MS1,INV-000411,SERVICE_PROCUREMENT
1011HG3068809-4138-1-1,MS1,INV-000411,SERVICE_PROCUREMENT
1011HG3068810-1415-1-1,MS1,INV-000411,SERVICE_PROCUREMENT
1011HG3068809-4241-1-1,MS1,INV-000411,SERVICE_PROCUREMENT
1011HG3068809-4241-2-1,MS1,INV-000411,SERVICE_PROCUREMENT
1011HG3068809-4242-1-1,MS1,INV-000411,SERVICE_PROCUREMENT
1011HG3068809-4242-2-1,MS1,INV-000411,SERVICE_PROCUREMENT
1011HG3068809-4243-1-1,MS1,INV-000411,SERVICE_PROCUREMENT
1011HG3068809-4243-2-1,MS1,INV-000411,SERVICE_PROCUREMENT
1011HG3068810-1475-1-1,MS1,INV-000411,SERVICE_PROCUREMENT
1011HG3692386-28-1-1,MS1,INV-000413,SERVICE_PROCUREMENT
1011HG3692386-28-2-1,MS1,INV-000413,SERVICE_PROCUREMENT
1011HG3692386-28-3-1,MS1,INV-000413,SERVICE_PROCUREMENT
1011HG3692386-112-1-1,MS1,INV-000413,SERVICE_PROCUREMENT
1011HG3692386-112-2-1,MS1,INV-000413,SERVICE_PROCUREMENT
1011HG3692386-112-3-1,MS1,INV-000413,SERVICE_PROCUREMENT
1011HG3692387-54-1-1,MS1,INV-000413,SERVICE_PROCUREMENT
1011HG3692386-180-1-1,MS1,INV-000413,SERVICE_PROCUREMENT
1011HG3692386-181-2-1,MS1,INV-000413,SERVICE_PROCUREMENT
1011HG3692386-183-1-1,MS1,INV-000413,SERVICE_PROCUREMENT
1011HG3692386-183-3-1,MS1,INV-000413,SERVICE_PROCUREMENT
1011HG3692386-183-4-1,MS1,INV-000413,SERVICE_PROCUREMENT
1011HG3692386-184-4-1,MS1,INV-000413,SERVICE_PROCUREMENT
1011HG3692386-185-1-1,MS1,INV-000413,SERVICE_PROCUREMENT
1011HG3692386-186-3-1,MS1,INV-000413,SERVICE_PROCUREMENT
1011HG3692386-188-1-1,MS1,INV-000413,SERVICE_PROCUREMENT
1011HG3692387-106-1-1,MS1,INV-000413,SERVICE_PROCUREMENT
1011HG3692387-126-1-1,MS1,INV-000413,SERVICE_PROCUREMENT
1011HG3692387-127-1-1,MS1,INV-000413,SERVICE_PROCUREMENT
1011HG3692387-128-1-1,MS1,INV-000413,SERVICE_PROCUREMENT
1011HG3692387-129-1-1,MS1,INV-000413,SERVICE_PROCUREMENT
1011HG3692387-146-1-1,MS1,INV-000413,SERVICE_PROCUREMENT
1011HG3692386-277-1-1,MS1,INV-000413,SERVICE_PROCUREMENT
1011HG3692386-288-1-1,MS1,INV-000413,SERVICE_PROCUREMENT
1011HG3692386-289-1-1,MS1,INV-000413,SERVICE_PROCUREMENT
1011HG3692386-326-1-1,MS1,INV-000413,SERVICE_PROCUREMENT
1011HG3692386-344-1-1,MS1,INV-000413,SERVICE_PROCUREMENT
1011HG3692386-345-1-1,MS1,INV-000413,SERVICE_PROCUREMENT
1011HG3692386-355-1-1,MS1,INV-000413,SERVICE_PROCUREMENT
1011HG3692386-363-1-1,MS1,INV-000413,SERVICE_PROCUREMENT
1011HG3692386-364-2-1,MS1,INV-000413,SERVICE_PROCUREMENT
1011HG3692386-373-1-1,MS1,INV-000413,SERVICE_PROCUREMENT
1011HG3692386-421-1-1,MS1,INV-000413,SERVICE_PROCUREMENT
1011HG3692387-182-1-1,MS1,INV-000413,SERVICE_PROCUREMENT
1011HG3692387-183-1-1,MS1,INV-000413,SERVICE_PROCUREMENT
1011HG3692386-551-1-1,MS1,INV-000413,SERVICE_PROCUREMENT
1011HG3692386-556-1-1,MS1,INV-000413,SERVICE_PROCUREMENT
1011HG3692387-256-1-1,MS1,INV-000413,SERVICE_PROCUREMENT
1011HG3692387-259-1-1,MS1,INV-000413,SERVICE_PROCUREMENT
1011HG3692386-564-1-1,MS1,INV-000413,SERVICE_PROCUREMENT
1011HG3167911-728-1-1,MS1,INV-000414,SERVICE_PROCUREMENT
1011HG3167911-729-1-1,MS2,INV-000414,SERVICE_PROCUREMENT
1011HG3167911-729-2-1,MS2,INV-000414,SERVICE_PROCUREMENT
1011HG3167911-729-3-1,MS2,INV-000414,SERVICE_PROCUREMENT
1011HG3167911-729-4-1,MS2,INV-000414,SERVICE_PROCUREMENT
1011HG3167911-729-5-1,MS2,INV-000414,SERVICE_PROCUREMENT
1011HG3167911-1034-1-1,MS2,INV-000414,SERVICE_PROCUREMENT
1011HG3167911-1034-2-1,MS2,INV-000414,SERVICE_PROCUREMENT
1011HG3167911-1034-3-1,MS2,INV-000414,SERVICE_PROCUREMENT
1011HG3167911-1035-1-1,MS1,INV-000414,SERVICE_PROCUREMENT
1011HG3068810-1409-2-1,MS1,INV-000414,SERVICE_PROCUREMENT
1011HG3068809-4176-4-1,MS1,INV-000414,SERVICE_PROCUREMENT
1011HG3068810-1414-1-1,MS1,INV-000414,SERVICE_PROCUREMENT
1011HG3068809-4339-1-1,MS1,INV-000414,SERVICE_PROCUREMENT
1011HG3692387-27-1-1,MS1,INV-000415,SERVICE_PROCUREMENT
1011HG3692387-28-1-1,MS1,INV-000415,SERVICE_PROCUREMENT
1011HG3692386-116-1-1,MS1,INV-000415,SERVICE_PROCUREMENT
1011HG3692387-29-1-1,MS1,INV-000415,SERVICE_PROCUREMENT
1011HG3692386-118-1-1,MS1,INV-000415,SERVICE_PROCUREMENT
1011HG3692387-38-1-1,MS1,INV-000415,SERVICE_PROCUREMENT
1011HG3692387-38-2-1,MS1,INV-000415,SERVICE_PROCUREMENT
1011HG3692387-38-3-1,MS1,INV-000415,SERVICE_PROCUREMENT
1011HG3692387-38-4-1,MS1,INV-000415,SERVICE_PROCUREMENT
1011HG3692387-39-2-1,MS1,INV-000415,SERVICE_PROCUREMENT
1011HG3692387-39-4-1,MS1,INV-000415,SERVICE_PROCUREMENT
1011HG3692387-40-2-1,MS1,INV-000415,SERVICE_PROCUREMENT
1011HG3692387-40-3-1,MS1,INV-000415,SERVICE_PROCUREMENT
1011HG3692387-41-1-1,MS1,INV-000415,SERVICE_PROCUREMENT
1011HG3692387-41-2-1,MS1,INV-000415,SERVICE_PROCUREMENT
1011HG3692387-41-3-1,MS1,INV-000415,SERVICE_PROCUREMENT
1011HG3692387-41-4-1,MS1,INV-000415,SERVICE_PROCUREMENT
1011HG3692386-203-4-1,MS1,INV-000415,SERVICE_PROCUREMENT
1011HG3692387-189-1-1,MS1,INV-000415,SERVICE_PROCUREMENT
1011HG3692387-190-1-1,MS1,INV-000415,SERVICE_PROCUREMENT
1011HG3692387-191-1-1,MS1,INV-000415,SERVICE_PROCUREMENT
1011HG3692387-192-1-1,MS1,INV-000415,SERVICE_PROCUREMENT
1011HG3692387-241-1-1,MS1,INV-000415,SERVICE_PROCUREMENT
1011HG3692387-242-1-1,MS1,INV-000415,SERVICE_PROCUREMENT
1011HG3692387-243-1-1,MS1,INV-000415,SERVICE_PROCUREMENT
1011HG3692387-244-1-1,MS1,INV-000415,SERVICE_PROCUREMENT
1011HG3692387-245-1-1,MS1,INV-000415,SERVICE_PROCUREMENT
1011HG3692386-559-1-1,MS1,INV-000415,SERVICE_PROCUREMENT
1011HG3692387-258-1-1,MS1,INV-000415,SERVICE_PROCUREMENT
1011HG3692386-562-1-1,MS1,INV-000415,SERVICE_PROCUREMENT
1011HG3692386-618-1-1,MS1,INV-000415,SERVICE_PROCUREMENT
1011HG3068809-386-1-1,MS1,INV-000416,SERVICE_PROCUREMENT
1011HG3068809-1518-1-1,MS1,INV-000416,SERVICE_PROCUREMENT
1011HG3068809-1543-4-1,MS1,INV-000416,SERVICE_PROCUREMENT
1011HG3068809-2103-4-1,MS1,INV-000416,SERVICE_PROCUREMENT
1011HG3068810-716-3-1,MS1,INV-000416,SERVICE_PROCUREMENT
1011HG3068810-718-3-1,MS1,INV-000416,SERVICE_PROCUREMENT
1011HG3068810-725-3-1,MS1,INV-000416,SERVICE_PROCUREMENT
1011HG3068810-790-2-1,MS1,INV-000416,SERVICE_PROCUREMENT
1011HG3068810-790-3-1,MS1,INV-000416,SERVICE_PROCUREMENT
1011HG3068809-2224-4-1,MS1,INV-000416,SERVICE_PROCUREMENT
1011HG3068809-2225-1-1,MS1,INV-000416,SERVICE_PROCUREMENT
1011HG3068810-795-4-1,MS1,INV-000416,SERVICE_PROCUREMENT
1011HG3068810-948-1-1,MS1,INV-000416,SERVICE_PROCUREMENT
1011HG3068809-3085-1-1,MS1,INV-000416,SERVICE_PROCUREMENT
1011HG3167911-681-1-1,MS2,INV-000416,SERVICE_PROCUREMENT
1011HG3167911-681-2-1,MS2,INV-000416,SERVICE_PROCUREMENT
1011HG3167911-681-3-1,MS2,INV-000416,SERVICE_PROCUREMENT
1011HG3167911-681-4-1,MS2,INV-000416,SERVICE_PROCUREMENT
1011HG3167911-681-5-1,MS2,INV-000416,SERVICE_PROCUREMENT
1011HG3167911-682-1-1,MS1,INV-000416,SERVICE_PROCUREMENT
1011HG3167911-836-1-1,MS2,INV-000416,SERVICE_PROCUREMENT
1011HG3167911-836-2-1,MS2,INV-000416,SERVICE_PROCUREMENT
1011HG3167911-836-3-1,MS2,INV-000416,SERVICE_PROCUREMENT
1011HG3167911-836-4-1,MS2,INV-000416,SERVICE_PROCUREMENT
1011HG3167911-837-1-1,MS1,INV-000416,SERVICE_PROCUREMENT
1011HG3167911-989-1-1,MS2,INV-000416,SERVICE_PROCUREMENT
1011HG3167911-989-2-1,MS2,INV-000416,SERVICE_PROCUREMENT
1011HG3167911-989-3-1,MS2,INV-000416,SERVICE_PROCUREMENT
1011HG3167911-989-4-1,MS2,INV-000416,SERVICE_PROCUREMENT
1011HG3167911-990-1-1,MS1,INV-000416,SERVICE_PROCUREMENT
1011HG3167911-1127-1-1,MS2,INV-000416,SERVICE_PROCUREMENT
1011HG3167911-1127-2-1,MS2,INV-000416,SERVICE_PROCUREMENT
1011HG3167911-1127-3-1,MS2,INV-000416,SERVICE_PROCUREMENT
1011HG3167911-1127-4-1,MS2,INV-000416,SERVICE_PROCUREMENT
1011HG3167911-1127-5-1,MS2,INV-000416,SERVICE_PROCUREMENT
1011HG3167911-1129-1-1,MS1,INV-000416,SERVICE_PROCUREMENT
1011HG3167911-1242-1-1,MS1,INV-000416,SERVICE_PROCUREMENT
1011HG3167911-1243-1-1,MS2,INV-000416,SERVICE_PROCUREMENT
1011HG3167911-1243-2-1,MS2,INV-000416,SERVICE_PROCUREMENT
1011HG3167911-1243-3-1,MS2,INV-000416,SERVICE_PROCUREMENT
1011HG3167911-1243-4-1,MS2,INV-000416,SERVICE_PROCUREMENT
1011HG3167911-1243-5-1,MS2,INV-000416,SERVICE_PROCUREMENT
1011HG3068810-1441-1-1,MS1,INV-000416,SERVICE_PROCUREMENT
1011HG3692386-32-1-1,MS1,INV-000417,SERVICE_PROCUREMENT
1011HG3692386-211-4-1,MS1,INV-000417,SERVICE_PROCUREMENT
1011HG3692386-217-2-1,MS1,INV-000417,SERVICE_PROCUREMENT
1011HG3692387-130-1-1,MS1,INV-000417,SERVICE_PROCUREMENT
1011HG3692386-218-2-1,MS1,INV-000417,SERVICE_PROCUREMENT
1011HG3692386-219-1-1,MS1,INV-000417,SERVICE_PROCUREMENT
1011HG3692386-318-1-1,MS1,INV-000417,SERVICE_PROCUREMENT
1011HG3692386-319-1-1,MS1,INV-000417,SERVICE_PROCUREMENT
1011HG3692386-362-4-1,MS1,INV-000417,SERVICE_PROCUREMENT
1011HG3692386-363-3-1,MS1,INV-000417,SERVICE_PROCUREMENT
1011HG3692386-364-4-1,MS1,INV-000417,SERVICE_PROCUREMENT
1011HG3692386-365-4-1,MS1,INV-000417,SERVICE_PROCUREMENT
1011HG3692386-371-1-1,MS1,INV-000417,SERVICE_PROCUREMENT
1011HG3692386-373-3-1,MS1,INV-000417,SERVICE_PROCUREMENT
1011HG3692386-374-3-1,MS1,INV-000417,SERVICE_PROCUREMENT
1011HG3692386-375-3-1,MS1,INV-000417,SERVICE_PROCUREMENT
1011HG3692386-376-3-1,MS1,INV-000417,SERVICE_PROCUREMENT
1011HG3692387-181-1-1,MS1,INV-000417,SERVICE_PROCUREMENT
1011HG3692387-181-2-1,MS1,INV-000417,SERVICE_PROCUREMENT
1011HG3692386-433-1-1,MS1,INV-000417,SERVICE_PROCUREMENT
1011HG3692386-433-2-1,MS1,INV-000417,SERVICE_PROCUREMENT
1011HG3692386-434-1-1,MS1,INV-000417,SERVICE_PROCUREMENT
1011HG3692386-434-2-1,MS1,INV-000417,SERVICE_PROCUREMENT
1011HG3692386-435-1-1,MS1,INV-000417,SERVICE_PROCUREMENT
1011HG3692386-435-2-1,MS1,INV-000417,SERVICE_PROCUREMENT
1011HG3692386-469-1-1,MS1,INV-000417,SERVICE_PROCUREMENT
1011HG3692386-470-1-1,MS1,INV-000417,SERVICE_PROCUREMENT
1011HG3692386-471-1-1,MS1,INV-000417,SERVICE_PROCUREMENT
1011HG3692387-231-1-1,MS1,INV-000417,SERVICE_PROCUREMENT
1011HG3692386-532-2-1,MS1,INV-000417,SERVICE_PROCUREMENT
1011HG3692386-532-3-1,MS1,INV-000417,SERVICE_PROCUREMENT
1011HG3692386-534-1-1,MS1,INV-000417,SERVICE_PROCUREMENT
1011HG3692386-534-3-1,MS1,INV-000417,SERVICE_PROCUREMENT
1011HG3692387-233-2-1,MS1,INV-000417,SERVICE_PROCUREMENT
1011HG3692387-235-1-1,MS1,INV-000417,SERVICE_PROCUREMENT
1011HG3692386-565-1-1,MS1,INV-000417,SERVICE_PROCUREMENT
1011HG3692386-568-1-1,MS1,INV-000417,SERVICE_PROCUREMENT
1011HG3692386-590-1-1,MS1,INV-000417,SERVICE_PROCUREMENT
1011HG3692386-591-1-1,MS1,INV-000417,SERVICE_PROCUREMENT
1011HG3692386-595-1-1,MS1,INV-000417,SERVICE_PROCUREMENT
1011HG3692386-607-1-1,MS1,INV-000417,SERVICE_PROCUREMENT
1011HG3692386-607-2-1,MS1,INV-000417,SERVICE_PROCUREMENT
1011HG3692386-608-1-1,MS1,INV-000417,SERVICE_PROCUREMENT
1011HG3692386-609-1-1,MS1,INV-000417,SERVICE_PROCUREMENT
1011HG3692386-609-2-1,MS1,INV-000417,SERVICE_PROCUREMENT
1011HG3692386-610-1-1,MS1,INV-000417,SERVICE_PROCUREMENT
1011HG3692386-636-1-1,MS1,INV-000417,SERVICE_PROCUREMENT
1011HG3692386-636-2-1,MS1,INV-000417,SERVICE_PROCUREMENT
1011HG3692386-637-1-1,MS1,INV-000417,SERVICE_PROCUREMENT
1011HG3692387-289-1-1,MS1,INV-000417,SERVICE_PROCUREMENT
1011HG3692386-656-1-1,MS1,INV-000417,SERVICE_PROCUREMENT
1011HG3692386-657-1-1,MS1,INV-000417,SERVICE_PROCUREMENT
1011HG3692387-290-1-1,MS1,INV-000417,SERVICE_PROCUREMENT
1011HG3692386-658-1-1,MS1,INV-000417,SERVICE_PROCUREMENT
1011HG3167911-1216-1-1,MS1,INV-000420,SERVICE_PROCUREMENT
1011HG3692386-15-2-1,MS1,INV-000419,SERVICE_PROCUREMENT
1011HG3692386-161-1-1,MS1,INV-000419,SERVICE_PROCUREMENT
1011HG3692386-221-1-1,MS1,INV-000419,SERVICE_PROCUREMENT
1011HG3692386-387-1-1,MS1,INV-000419,SERVICE_PROCUREMENT
1011HG3692386-387-2-1,MS1,INV-000419,SERVICE_PROCUREMENT
1011HG3692386-410-1-1,MS1,INV-000419,SERVICE_PROCUREMENT
1011HG3692386-423-1-1,MS1,INV-000419,SERVICE_PROCUREMENT
1011HG3692386-442-1-1,MS1,INV-000419,SERVICE_PROCUREMENT
1011HG3692386-518-1-1,MS1,INV-000419,SERVICE_PROCUREMENT
1011HG3692386-605-1-1,MS1,INV-000419,SERVICE_PROCUREMENT
1011HG3692386-605-2-1,MS1,INV-000419,SERVICE_PROCUREMENT
1011HG3692386-649-1-1,MS1,INV-000419,SERVICE_PROCUREMENT
1011HG3692386-697-1-1,MS1,INV-000419,SERVICE_PROCUREMENT
1011HG3692387-144-2-1,MS1,INV-000421,SERVICE_PROCUREMENT
1011HG3692386-245-17-1,MS1,INV-000421,SERVICE_PROCUREMENT
1011HG3692386-245-19-1,MS1,INV-000421,SERVICE_PROCUREMENT
1011HG3692386-245-20-1,MS1,INV-000421,SERVICE_PROCUREMENT
1011HG3692386-245-23-1,MS1,INV-000421,SERVICE_PROCUREMENT
1011HG3692386-245-24-1,MS1,INV-000421,SERVICE_PROCUREMENT
1011HG3692386-245-26-1,MS1,INV-000421,SERVICE_PROCUREMENT
1011HG3692386-245-27-1,MS1,INV-000421,SERVICE_PROCUREMENT
1011HG3692386-245-29-1,MS1,INV-000421,SERVICE_PROCUREMENT
1011HG3692386-245-31-1,MS1,INV-000421,SERVICE_PROCUREMENT
1011HG3692386-245-32-1,MS1,INV-000421,SERVICE_PROCUREMENT
1011HG3692386-245-34-1,MS1,INV-000421,SERVICE_PROCUREMENT
1011HG3692386-245-37-1,MS1,INV-000421,SERVICE_PROCUREMENT
1011HG3692386-245-39-1,MS1,INV-000421,SERVICE_PROCUREMENT
1011HG3692386-245-40-1,MS1,INV-000421,SERVICE_PROCUREMENT
1011HG3692386-245-41-1,MS1,INV-000421,SERVICE_PROCUREMENT
1011HG3692386-245-43-1,MS1,INV-000421,SERVICE_PROCUREMENT
1011HG3692386-248-1-1,MS1,INV-000421,SERVICE_PROCUREMENT
1011HG3692386-450-1-1,MS1,INV-000421,SERVICE_PROCUREMENT
1011HG3692386-490-1-1,MS1,INV-000421,SERVICE_PROCUREMENT
1011HG3692386-492-1-1,MS1,INV-000421,SERVICE_PROCUREMENT
1011HG3692386-527-1-1,MS1,INV-000421,SERVICE_PROCUREMENT
1011HG3692386-526-1-1,MS1,INV-000421,SERVICE_PROCUREMENT
1011HG3692386-593-1-1,MS1,INV-000421,SERVICE_PROCUREMENT
1011HG3692386-594-1-1,MS1,INV-000421,SERVICE_PROCUREMENT
1011HG3692386-597-2-1,MS1,INV-000421,SERVICE_PROCUREMENT
1011HG3692386-598-2-1,MS1,INV-000421,SERVICE_PROCUREMENT
1011HG3692386-599-1-1,MS1,INV-000421,SERVICE_PROCUREMENT
1011HG3692386-659-1-1,MS1,INV-000421,SERVICE_PROCUREMENT
1011HG3167912-253-1-1,MS1,INV-000422,SERVICE_PROCUREMENT
1011HG3167912-254-1-1,MS2,INV-000422,SERVICE_PROCUREMENT
1011HG3167912-254-2-1,MS2,INV-000422,SERVICE_PROCUREMENT
1011HG3167912-255-1-1,MS1,INV-000422,SERVICE_PROCUREMENT
1011HG3167912-256-1-1,MS2,INV-000422,SERVICE_PROCUREMENT
1011HG3167912-256-2-1,MS2,INV-000422,SERVICE_PROCUREMENT
1011HG3167912-256-3-1,MS2,INV-000422,SERVICE_PROCUREMENT
1011HG3167912-256-4-1,MS2,INV-000422,SERVICE_PROCUREMENT
1011HG3068810-868-2-1,MS1,INV-000422,SERVICE_PROCUREMENT
1011HG3167912-340-5-1,MS1,INV-000422,SERVICE_PROCUREMENT
1011HG3167912-341-1-1,MS2,INV-000422,SERVICE_PROCUREMENT
1011HG3167912-341-2-1,MS2,INV-000422,SERVICE_PROCUREMENT
1011HG3167912-341-3-1,MS2,INV-000422,SERVICE_PROCUREMENT
1011HG3167912-341-4-1,MS2,INV-000422,SERVICE_PROCUREMENT
1011HG3167912-341-5-1,MS2,INV-000422,SERVICE_PROCUREMENT
1011HG3167912-341-6-1,MS2,INV-000422,SERVICE_PROCUREMENT
1011HG3167911-1449-1-1,MS1,INV-000422,SERVICE_PROCUREMENT
1011HG3167911-1449-2-1,MS1,INV-000422,SERVICE_PROCUREMENT
1011HG3167911-1449-3-1,MS1,INV-000422,SERVICE_PROCUREMENT
1011HG3167911-1449-4-1,MS1,INV-000422,SERVICE_PROCUREMENT
1011HG3167911-1449-5-1,MS1,INV-000422,SERVICE_PROCUREMENT
1011HG3167911-297-1-1,MS1,INV-000424,SERVICE_PROCUREMENT
1011HG3167911-297-2-1,MS1,INV-000424,SERVICE_PROCUREMENT
1011HG3068809-3797-2-1,MS1,INV-000424,SERVICE_PROCUREMENT
1011HG3068809-3797-4-1,MS1,INV-000424,SERVICE_PROCUREMENT
1011HG3167911-1435-1-1,MS1,INV-000424,SERVICE_PROCUREMENT
1011HG3167911-1435-2-1,MS1,INV-000424,SERVICE_PROCUREMENT
1011HG3167911-1435-3-1,MS1,INV-000424,SERVICE_PROCUREMENT
1011HG3167911-1435-4-1,MS1,INV-000424,SERVICE_PROCUREMENT
1011HG3167911-1435-5-1,MS1,INV-000424,SERVICE_PROCUREMENT
1011HG3167911-1435-6-1,MS1,INV-000424,SERVICE_PROCUREMENT
1011HG3692386-143-1-1,MS1,INV-000423,SERVICE_PROCUREMENT
1011HG3692386-144-1-1,MS1,INV-000423,SERVICE_PROCUREMENT
1011HG3692386-150-1-1,MS1,INV-000423,SERVICE_PROCUREMENT
1011HG3692386-171-1-1,MS1,INV-000423,SERVICE_PROCUREMENT
1011HG3692386-316-1-1,MS1,INV-000423,SERVICE_PROCUREMENT
1011HG3692386-465-1-1,MS1,INV-000423,SERVICE_PROCUREMENT
1011HG3692386-525-1-1,MS1,INV-000423,SERVICE_PROCUREMENT
1011HG3692387-76-2-1,MS1,INV-000425,SERVICE_PROCUREMENT
1011HG3692387-76-3-1,MS1,INV-000425,SERVICE_PROCUREMENT
1011HG3692387-81-3-1,MS1,INV-000425,SERVICE_PROCUREMENT
1011HG3692387-81-4-1,MS1,INV-000425,SERVICE_PROCUREMENT
1011HG3692387-83-3-1,MS1,INV-000425,SERVICE_PROCUREMENT
1011HG3692387-83-4-1,MS1,INV-000425,SERVICE_PROCUREMENT
1011HG3692387-84-1-1,MS1,INV-000425,SERVICE_PROCUREMENT
1011HG3692387-84-4-1,MS1,INV-000425,SERVICE_PROCUREMENT
1011HG3692386-192-1-1,MS1,INV-000425,SERVICE_PROCUREMENT
1011HG3692386-192-3-1,MS1,INV-000425,SERVICE_PROCUREMENT
1011HG3692387-86-2-1,MS1,INV-000425,SERVICE_PROCUREMENT
1011HG3692387-86-4-1,MS1,INV-000425,SERVICE_PROCUREMENT
1011HG3692387-87-1-1,MS1,INV-000425,SERVICE_PROCUREMENT
1011HG3692387-87-3-1,MS1,INV-000425,SERVICE_PROCUREMENT
1011HG3692386-193-2-1,MS1,INV-000425,SERVICE_PROCUREMENT
1011HG3692386-193-3-1,MS1,INV-000425,SERVICE_PROCUREMENT
1011HG3692387-147-1-1,MS1,INV-000425,SERVICE_PROCUREMENT
1011HG3692387-147-4-1,MS1,INV-000425,SERVICE_PROCUREMENT
1011HG3692387-148-1-1,MS1,INV-000425,SERVICE_PROCUREMENT
1011HG3692387-148-3-1,MS1,INV-000425,SERVICE_PROCUREMENT
1011HG3692387-151-1-1,MS1,INV-000425,SERVICE_PROCUREMENT
1011HG3692387-207-1-1,MS1,INV-000425,SERVICE_PROCUREMENT
1011HG3692387-207-2-1,MS1,INV-000425,SERVICE_PROCUREMENT
1011HG3692386-495-1-1,MS1,INV-000425,SERVICE_PROCUREMENT
1011HG3692386-496-1-1,MS1,INV-000425,SERVICE_PROCUREMENT
1011HG3692387-209-3-1,MS1,INV-000425,SERVICE_PROCUREMENT
1011HG3692387-286-1-1,MS1,INV-000425,SERVICE_PROCUREMENT
1011HG3692387-309-1-1,MS1,INV-000425,SERVICE_PROCUREMENT
1011HG3692387-310-1-1,MS1,INV-000425,SERVICE_PROCUREMENT
1011HG3692387-312-1-1,MS1,INV-000425,SERVICE_PROCUREMENT
1011HG3692387-313-3-1,MS1,INV-000425,SERVICE_PROCUREMENT
1011HG3692387-336-1-1,MS1,INV-000425,SERVICE_PROCUREMENT
1011HG3692387-337-1-1,MS1,INV-000425,SERVICE_PROCUREMENT
1011HG3692386-119-1-1,MS1,INV-000427,SERVICE_PROCUREMENT
1011HG3692386-121-3-1,MS1,INV-000427,SERVICE_PROCUREMENT
1011HG3692387-38-5-1,MS1,INV-000427,SERVICE_PROCUREMENT
1011HG3692387-41-5-1,MS1,INV-000427,SERVICE_PROCUREMENT
1011HG3692386-169-1-1,MS1,INV-000427,SERVICE_PROCUREMENT
1011HG3692386-169-2-1,MS1,INV-000427,SERVICE_PROCUREMENT
1011HG3692387-74-2-1,MS1,INV-000427,SERVICE_PROCUREMENT
1011HG3692386-209-1-1,MS1,INV-000427,SERVICE_PROCUREMENT
1011HG3692386-210-1-1,MS1,INV-000427,SERVICE_PROCUREMENT
1011HG3692386-279-1-1,MS1,INV-000427,SERVICE_PROCUREMENT
1011HG3692386-280-1-1,MS1,INV-000427,SERVICE_PROCUREMENT
1011HG3692386-281-1-1,MS1,INV-000427,SERVICE_PROCUREMENT
1011HG3692386-343-2-1,MS1,INV-000427,SERVICE_PROCUREMENT
1011HG3692386-361-1-1,MS1,INV-000427,SERVICE_PROCUREMENT
1011HG3692386-536-1-1,MS1,INV-000427,SERVICE_PROCUREMENT
1011HG3692386-538-1-1,MS1,INV-000427,SERVICE_PROCUREMENT
1011HG3692386-542-1-1,MS1,INV-000427,SERVICE_PROCUREMENT
1011HG3692386-543-1-1,MS1,INV-000427,SERVICE_PROCUREMENT
1011HG3692386-544-1-1,MS1,INV-000427,SERVICE_PROCUREMENT
1011HG3692386-545-1-1,MS1,INV-000427,SERVICE_PROCUREMENT
1011HG3692386-546-1-1,MS1,INV-000427,SERVICE_PROCUREMENT
1011HG3692386-547-1-1,MS1,INV-000427,SERVICE_PROCUREMENT
1011HG3692386-549-1-1,MS1,INV-000427,SERVICE_PROCUREMENT
1011HG3692387-275-1-1,MS1,INV-000427,SERVICE_PROCUREMENT
1011HG3692386-660-1-1,MS1,INV-000427,SERVICE_PROCUREMENT
1011HG3692386-661-1-1,MS1,INV-000427,SERVICE_PROCUREMENT
1011HG3692386-662-1-1,MS1,INV-000427,SERVICE_PROCUREMENT
1011HG3692386-664-1-1,MS1,INV-000427,SERVICE_PROCUREMENT
1011HG3692386-714-2-1,MS1,INV-000427,SERVICE_PROCUREMENT
1011HG3692386-714-3-1,MS1,INV-000427,SERVICE_PROCUREMENT
1011HG3692386-715-1-1,MS1,INV-000427,SERVICE_PROCUREMENT
1011HG3692386-715-3-1,MS1,INV-000427,SERVICE_PROCUREMENT
1011HG3692386-759-1-1,MS1,INV-000427,SERVICE_PROCUREMENT
1011HG3692386-759-2-1,MS1,INV-000427,SERVICE_PROCUREMENT
1011HG3068809-1594-1-1,MS1,INV-000428,SERVICE_PROCUREMENT
1011HG3068809-2389-1-1,MS1,INV-000428,SERVICE_PROCUREMENT
1011HG3068809-2389-2-1,MS1,INV-000428,SERVICE_PROCUREMENT
1011HG3068809-2389-3-1,MS1,INV-000428,SERVICE_PROCUREMENT
1011HG3068809-2389-4-1,MS1,INV-000428,SERVICE_PROCUREMENT
1011HG3068809-2474-1-1,MS1,INV-000428,SERVICE_PROCUREMENT
1011HG3068809-2474-2-1,MS1,INV-000428,SERVICE_PROCUREMENT
1011HG3068809-2524-3-1,MS1,INV-000428,SERVICE_PROCUREMENT
1011HG3068809-2540-1-1,MS1,INV-000428,SERVICE_PROCUREMENT
1011HG3068809-2741-1-1,MS1,INV-000428,SERVICE_PROCUREMENT
1011HG3068809-2741-2-1,MS1,INV-000428,SERVICE_PROCUREMENT
1011HG3068809-2794-2-1,MS1,INV-000428,SERVICE_PROCUREMENT
1011HG3068809-2839-1-1,MS1,INV-000428,SERVICE_PROCUREMENT
1011HG3068809-2839-2-1,MS1,INV-000428,SERVICE_PROCUREMENT
1011HG3068809-2992-1-1,MS1,INV-000428,SERVICE_PROCUREMENT
1011HG3068809-3069-1-1,MS1,INV-000428,SERVICE_PROCUREMENT
1011HG3068809-3069-2-1,MS1,INV-000428,SERVICE_PROCUREMENT
1011HG3068809-3146-3-1,MS1,INV-000428,SERVICE_PROCUREMENT
1011HG3068810-1086-2-1,MS1,INV-000428,SERVICE_PROCUREMENT
1011HG3068809-3660-2-1,MS1,INV-000428,SERVICE_PROCUREMENT
1011HG3068809-3663-1-1,MS1,INV-000428,SERVICE_PROCUREMENT
1011HG3068809-3665-2-1,MS1,INV-000428,SERVICE_PROCUREMENT
1011HG3068809-3666-1-1,MS1,INV-000428,SERVICE_PROCUREMENT
1011HG3068810-1178-1-1,MS1,INV-000428,SERVICE_PROCUREMENT
1011HG3068809-4008-1-1,MS1,INV-000428,SERVICE_PROCUREMENT
1011HG3068809-4008-2-1,MS1,INV-000428,SERVICE_PROCUREMENT
1011HG3068809-4276-1-1,MS1,INV-000428,SERVICE_PROCUREMENT
1011HG3068809-4276-2-1,MS1,INV-000428,SERVICE_PROCUREMENT
1011HG3068809-4276-3-1,MS1,INV-000428,SERVICE_PROCUREMENT
1011HG3692386-18-1-1,MS1,INV-000429,SERVICE_PROCUREMENT
1011HG3692386-106-1-1,MS2,INV-000429,SERVICE_PROCUREMENT
1011HG3692386-528-1-1,MS1,INV-000429,SERVICE_PROCUREMENT
1011HG3692387-318-2-1,MS1,INV-000429,SERVICE_PROCUREMENT
1011HG3692386-745-1-1,MS1,INV-000429,SERVICE_PROCUREMENT
1011HG3692387-366-1-1,MS1,INV-000429,SERVICE_PROCUREMENT
1011HG3692387-367-2-1,MS1,INV-000429,SERVICE_PROCUREMENT
1011HG3692387-368-1-1,MS1,INV-000429,SERVICE_PROCUREMENT
1011HG3692387-369-2-1,MS1,INV-000429,SERVICE_PROCUREMENT
1011HG3167911-434-1-1,MS2,INV-000430,SERVICE_PROCUREMENT
1011HG3167911-644-1-1,MS1,INV-000430,SERVICE_PROCUREMENT
1011HG3167911-645-1-1,MS2,INV-000430,SERVICE_PROCUREMENT
1011HG3167911-645-2-1,MS2,INV-000430,SERVICE_PROCUREMENT
1011HG3167911-645-3-1,MS2,INV-000430,SERVICE_PROCUREMENT
1011HG3167911-645-4-1,MS2,INV-000430,SERVICE_PROCUREMENT
1011HG3167911-645-5-1,MS2,INV-000430,SERVICE_PROCUREMENT
1011HG3167911-645-6-1,MS2,INV-000430,SERVICE_PROCUREMENT
1011HG3167911-1055-1-1,MS2,INV-000430,SERVICE_PROCUREMENT
1011HG3692386-120-1-1,MS1,INV-000431,SERVICE_PROCUREMENT
1011HG3692386-122-1-1,MS1,INV-000431,SERVICE_PROCUREMENT
1011HG3692387-30-1-1,MS1,INV-000431,SERVICE_PROCUREMENT
1011HG3692387-31-1-1,MS1,INV-000431,SERVICE_PROCUREMENT
1011HG3692387-32-1-1,MS1,INV-000431,SERVICE_PROCUREMENT
1011HG3692387-33-1-1,MS1,INV-000431,SERVICE_PROCUREMENT
1011HG3692387-34-1-1,MS1,INV-000431,SERVICE_PROCUREMENT
1011HG3692387-35-1-1,MS1,INV-000431,SERVICE_PROCUREMENT
1011HG3692387-36-1-1,MS1,INV-000431,SERVICE_PROCUREMENT
1011HG3692387-37-1-1,MS1,INV-000431,SERVICE_PROCUREMENT
1011HG3692386-124-1-1,MS1,INV-000431,SERVICE_PROCUREMENT
1011HG3692386-125-1-1,MS1,INV-000431,SERVICE_PROCUREMENT
1011HG3692386-126-1-1,MS1,INV-000431,SERVICE_PROCUREMENT
1011HG3692386-127-1-1,MS1,INV-000431,SERVICE_PROCUREMENT
1011HG3692387-45-1-1,MS1,INV-000431,SERVICE_PROCUREMENT
1011HG3692386-138-1-1,MS1,INV-000431,SERVICE_PROCUREMENT
1011HG3692386-139-1-1,MS1,INV-000431,SERVICE_PROCUREMENT
1011HG3692386-139-2-1,MS1,INV-000431,SERVICE_PROCUREMENT
1011HG3692386-139-3-1,MS1,INV-000431,SERVICE_PROCUREMENT
1011HG3692386-177-1-1,MS1,INV-000431,SERVICE_PROCUREMENT
1011HG3692386-177-2-1,MS1,INV-000431,SERVICE_PROCUREMENT
1011HG3692387-60-1-1,MS1,INV-000431,SERVICE_PROCUREMENT
1011HG3692386-180-3-1,MS1,INV-000431,SERVICE_PROCUREMENT
1011HG3692386-180-4-1,MS1,INV-000431,SERVICE_PROCUREMENT
1011HG3692386-181-1-1,MS1,INV-000431,SERVICE_PROCUREMENT
1011HG3692386-185-2-1,MS1,INV-000431,SERVICE_PROCUREMENT
1011HG3692386-185-3-1,MS1,INV-000431,SERVICE_PROCUREMENT
1011HG3692386-185-4-1,MS1,INV-000431,SERVICE_PROCUREMENT
1011HG3692387-73-1-1,MS1,INV-000431,SERVICE_PROCUREMENT
1011HG3692387-131-1-1,MS1,INV-000431,SERVICE_PROCUREMENT
1011HG3692386-291-1-1,MS1,INV-000431,SERVICE_PROCUREMENT
1011HG3692386-291-2-1,MS1,INV-000431,SERVICE_PROCUREMENT
1011HG3692386-291-3-1,MS1,INV-000431,SERVICE_PROCUREMENT
1011HG3692386-314-1-1,MS1,INV-000431,SERVICE_PROCUREMENT
1011HG3692386-315-1-1,MS1,INV-000431,SERVICE_PROCUREMENT
1011HG3692386-369-1-1,MS1,INV-000431,SERVICE_PROCUREMENT
1011HG3692386-369-2-1,MS1,INV-000431,SERVICE_PROCUREMENT
1011HG3692386-369-3-1,MS1,INV-000431,SERVICE_PROCUREMENT
1011HG3692386-370-1-1,MS1,INV-000431,SERVICE_PROCUREMENT
1011HG3692386-370-3-1,MS1,INV-000431,SERVICE_PROCUREMENT
1011HG3692386-382-1-1,MS1,INV-000431,SERVICE_PROCUREMENT
1011HG3692386-382-2-1,MS1,INV-000431,SERVICE_PROCUREMENT
1011HG3692386-383-1-1,MS1,INV-000431,SERVICE_PROCUREMENT
1011HG3692386-383-3-1,MS1,INV-000431,SERVICE_PROCUREMENT
1011HG3692386-384-2-1,MS1,INV-000431,SERVICE_PROCUREMENT
1011HG3692386-384-3-1,MS1,INV-000431,SERVICE_PROCUREMENT
1011HG3692386-385-1-1,MS1,INV-000431,SERVICE_PROCUREMENT
1011HG3692386-385-2-1,MS1,INV-000431,SERVICE_PROCUREMENT
1011HG3692386-385-3-1,MS1,INV-000431,SERVICE_PROCUREMENT
1011HG3692386-413-1-1,MS1,INV-000431,SERVICE_PROCUREMENT
1011HG3692386-413-2-1,MS1,INV-000431,SERVICE_PROCUREMENT
1011HG3692386-413-3-1,MS1,INV-000431,SERVICE_PROCUREMENT
1011HG3692386-414-1-1,MS1,INV-000431,SERVICE_PROCUREMENT
1011HG3692386-414-2-1,MS1,INV-000431,SERVICE_PROCUREMENT
1011HG3692386-414-3-1,MS1,INV-000431,SERVICE_PROCUREMENT
1011HG3692386-425-1-1,MS1,INV-000431,SERVICE_PROCUREMENT
1011HG3692386-457-1-1,MS1,INV-000431,SERVICE_PROCUREMENT
1011HG3692386-463-1-1,MS1,INV-000431,SERVICE_PROCUREMENT
1011HG3692386-487-1-1,MS1,INV-000431,SERVICE_PROCUREMENT
1011HG3692386-494-1-1,MS1,INV-000431,SERVICE_PROCUREMENT
1011HG3692386-494-2-1,MS1,INV-000431,SERVICE_PROCUREMENT
1011HG3692386-494-3-1,MS1,INV-000431,SERVICE_PROCUREMENT
1011HG3692386-499-1-1,MS1,INV-000431,SERVICE_PROCUREMENT
1011HG3692387-211-1-1,MS1,INV-000431,SERVICE_PROCUREMENT
1011HG3692386-501-1-1,MS1,INV-000431,SERVICE_PROCUREMENT
1011HG3692386-502-1-1,MS1,INV-000431,SERVICE_PROCUREMENT
1011HG3692386-502-2-1,MS1,INV-000431,SERVICE_PROCUREMENT
1011HG3692386-515-1-1,MS1,INV-000431,SERVICE_PROCUREMENT
1011HG3692386-516-1-1,MS1,INV-000431,SERVICE_PROCUREMENT
1011HG3692386-517-1-1,MS1,INV-000431,SERVICE_PROCUREMENT
1011HG3692386-524-1-1,MS1,INV-000431,SERVICE_PROCUREMENT
1011HG3692387-233-1-1,MS1,INV-000431,SERVICE_PROCUREMENT
1011HG3692387-234-1-1,MS1,INV-000431,SERVICE_PROCUREMENT
1011HG3692387-234-2-1,MS1,INV-000431,SERVICE_PROCUREMENT
1011HG3692387-235-2-1,MS1,INV-000431,SERVICE_PROCUREMENT
1011HG3692387-266-1-1,MS1,INV-000431,SERVICE_PROCUREMENT
1011HG3692386-587-1-1,MS1,INV-000431,SERVICE_PROCUREMENT
1011HG3692386-589-1-1,MS1,INV-000431,SERVICE_PROCUREMENT
1011HG3692387-275-3-1,MS1,INV-000431,SERVICE_PROCUREMENT
1011HG3692386-633-1-1,MS1,INV-000431,SERVICE_PROCUREMENT
1011HG3692387-287-1-1,MS1,INV-000431,SERVICE_PROCUREMENT
1011HG3692386-643-1-1,MS1,INV-000431,SERVICE_PROCUREMENT
1011HG3692386-645-2-1,MS1,INV-000431,SERVICE_PROCUREMENT
1011HG3692386-646-1-1,MS1,INV-000431,SERVICE_PROCUREMENT
1011HG3692386-650-1-1,MS1,INV-000431,SERVICE_PROCUREMENT
1011HG3692386-651-1-1,MS1,INV-000431,SERVICE_PROCUREMENT
1011HG3692386-652-1-1,MS1,INV-000431,SERVICE_PROCUREMENT
1011HG3692386-653-1-1,MS1,INV-000431,SERVICE_PROCUREMENT
1011HG3692386-654-1-1,MS1,INV-000431,SERVICE_PROCUREMENT
1011HG3692386-655-1-1,MS1,INV-000431,SERVICE_PROCUREMENT
1011HG3692386-673-1-1,MS1,INV-000431,SERVICE_PROCUREMENT
1011HG3692386-675-1-1,MS1,INV-000431,SERVICE_PROCUREMENT
1011HG3692387-292-1-1,MS1,INV-000431,SERVICE_PROCUREMENT
1011HG3692387-293-1-1,MS1,INV-000431,SERVICE_PROCUREMENT
1011HG3692387-294-1-1,MS1,INV-000431,SERVICE_PROCUREMENT
1011HG3692387-294-2-1,MS1,INV-000431,SERVICE_PROCUREMENT
1011HG3692387-295-1-1,MS1,INV-000431,SERVICE_PROCUREMENT
1011HG3692387-295-2-1,MS1,INV-000431,SERVICE_PROCUREMENT
1011HG3692386-692-1-1,MS1,INV-000431,SERVICE_PROCUREMENT
1011HG3692386-694-1-1,MS1,INV-000431,SERVICE_PROCUREMENT
1011HG3692387-315-1-1,MS1,INV-000431,SERVICE_PROCUREMENT
1011HG3692387-316-2-1,MS1,INV-000431,SERVICE_PROCUREMENT
1011HG3692387-317-1-1,MS1,INV-000431,SERVICE_PROCUREMENT
1011HG3692387-318-1-1,MS1,INV-000431,SERVICE_PROCUREMENT
1011HG3692386-707-1-1,MS1,INV-000431,SERVICE_PROCUREMENT
1011HG3692386-708-1-1,MS1,INV-000431,SERVICE_PROCUREMENT
1011HG3692386-708-3-1,MS1,INV-000431,SERVICE_PROCUREMENT
1011HG3692386-709-2-1,MS1,INV-000431,SERVICE_PROCUREMENT
1011HG3692386-709-3-1,MS1,INV-000431,SERVICE_PROCUREMENT
1011HG3692386-710-2-1,MS1,INV-000431,SERVICE_PROCUREMENT
1011HG3692386-710-3-1,MS1,INV-000431,SERVICE_PROCUREMENT
1011HG3692386-716-1-1,MS1,INV-000431,SERVICE_PROCUREMENT
1011HG3692386-716-3-1,MS1,INV-000431,SERVICE_PROCUREMENT
1011HG3692386-732-1-1,MS1,INV-000431,SERVICE_PROCUREMENT
1011HG3692387-354-2-1,MS1,INV-000431,SERVICE_PROCUREMENT
1011HG3692387-355-1-1,MS1,INV-000431,SERVICE_PROCUREMENT
1011HG3692386-733-1-1,MS1,INV-000431,SERVICE_PROCUREMENT
1011HG3692386-734-1-1,MS1,INV-000431,SERVICE_PROCUREMENT
1011HG3692387-356-1-1,MS1,INV-000431,SERVICE_PROCUREMENT
1011HG3692387-357-1-1,MS1,INV-000431,SERVICE_PROCUREMENT
1011HG3692387-358-1-1,MS1,INV-000431,SERVICE_PROCUREMENT
1011HG3692387-359-1-1,MS1,INV-000431,SERVICE_PROCUREMENT
1011HG3692387-360-1-1,MS1,INV-000431,SERVICE_PROCUREMENT
1011HG3692387-361-3-1,MS1,INV-000431,SERVICE_PROCUREMENT
1011HG3692386-745-2-1,MS1,INV-000431,SERVICE_PROCUREMENT
1011HG3692387-366-3-1,MS1,INV-000431,SERVICE_PROCUREMENT
1011HG3692387-367-1-1,MS1,INV-000431,SERVICE_PROCUREMENT
1011HG3692387-368-2-1,MS1,INV-000431,SERVICE_PROCUREMENT
1011HG3692387-369-1-1,MS1,INV-000431,SERVICE_PROCUREMENT
1011HG3692386-751-1-1,MS1,INV-000431,SERVICE_PROCUREMENT
1011HG3692386-752-1-1,MS1,INV-000431,SERVICE_PROCUREMENT
1011HG3692386-753-1-1,MS1,INV-000431,SERVICE_PROCUREMENT
1011HG3692386-754-1-1,MS1,INV-000431,SERVICE_PROCUREMENT
1011HG3692387-381-1-1,MS1,INV-000431,SERVICE_PROCUREMENT
1011HG3692386-784-1-1,MS1,INV-000431,SERVICE_PROCUREMENT
1011HG3692386-786-1-1,MS1,INV-000431,SERVICE_PROCUREMENT
1011HG3692386-806-1-1,MS1,INV-000431,SERVICE_PROCUREMENT
1011HG3692386-806-2-1,MS1,INV-000431,SERVICE_PROCUREMENT
1011HG3692386-806-3-1,MS1,INV-000431,SERVICE_PROCUREMENT
1011HG3692386-807-3-1,MS1,INV-000431,SERVICE_PROCUREMENT
1011HG3692386-808-2-1,MS1,INV-000431,SERVICE_PROCUREMENT
1011HG3692386-809-1-1,MS1,INV-000431,SERVICE_PROCUREMENT
1011HG3692386-809-2-1,MS1,INV-000431,SERVICE_PROCUREMENT
1011HG3692386-809-3-1,MS1,INV-000431,SERVICE_PROCUREMENT
1011HG3692386-810-1-1,MS1,INV-000431,SERVICE_PROCUREMENT
1011HG3692386-810-2-1,MS1,INV-000431,SERVICE_PROCUREMENT
1011HG3692386-811-1-1,MS1,INV-000431,SERVICE_PROCUREMENT
1011HG3692386-811-2-1,MS1,INV-000431,SERVICE_PROCUREMENT
1011HG3692386-811-3-1,MS1,INV-000431,SERVICE_PROCUREMENT
1011HG3692386-812-1-1,MS1,INV-000431,SERVICE_PROCUREMENT
1011HG3692386-812-2-1,MS1,INV-000431,SERVICE_PROCUREMENT
1011HG3692387-390-1-1,MS1,INV-000431,SERVICE_PROCUREMENT
1011HG3692387-391-1-1,MS1,INV-000431,SERVICE_PROCUREMENT
1011HG3692387-391-2-1,MS1,INV-000431,SERVICE_PROCUREMENT
1011HG3692387-392-1-1,MS1,INV-000431,SERVICE_PROCUREMENT
1011HG3692387-393-1-1,MS1,INV-000431,SERVICE_PROCUREMENT
1011HG3692387-393-2-1,MS1,INV-000431,SERVICE_PROCUREMENT
1011HG3692387-394-1-1,MS1,INV-000431,SERVICE_PROCUREMENT
1011HG3692387-395-1-1,MS1,INV-000431,SERVICE_PROCUREMENT
1011HG3692387-395-2-1,MS1,INV-000431,SERVICE_PROCUREMENT
1011HG3692387-396-1-1,MS1,INV-000431,SERVICE_PROCUREMENT
1011HG3692387-397-1-1,MS1,INV-000431,SERVICE_PROCUREMENT
1011HG3692387-397-2-1,MS1,INV-000431,SERVICE_PROCUREMENT
1011HG3692386-823-2-1,MS1,INV-000431,SERVICE_PROCUREMENT
1011HG3692386-875-1-1,MS1,INV-000431,SERVICE_PROCUREMENT
1011HG3692386-875-3-1,MS1,INV-000431,SERVICE_PROCUREMENT
1011HG3692386-899-1-1,MS1,INV-000431,SERVICE_PROCUREMENT
1011HG3167911-110-1-1,MS1,INV-000432,SERVICE_PROCUREMENT
1011HG3167911-112-1-1,MS2,INV-000432,SERVICE_PROCUREMENT
1011HG3167911-112-2-1,MS2,INV-000432,SERVICE_PROCUREMENT
1011HG3167911-111-1-1,MS1,INV-000432,SERVICE_PROCUREMENT
1011HG3167911-113-1-1,MS2,INV-000432,SERVICE_PROCUREMENT
1011HG3167911-113-2-1,MS2,INV-000432,SERVICE_PROCUREMENT
1011HG3167911-811-1-1,MS1,INV-000432,SERVICE_PROCUREMENT
1011HG3167911-812-1-1,MS2,INV-000432,SERVICE_PROCUREMENT
1011HG3167911-812-2-1,MS2,INV-000432,SERVICE_PROCUREMENT
1011HG3167911-812-3-1,MS2,INV-000432,SERVICE_PROCUREMENT
1011HG3167911-812-4-1,MS2,INV-000432,SERVICE_PROCUREMENT
1011HG3068810-1112-2-1,MS1,INV-000432,SERVICE_PROCUREMENT
1011HG3068810-1085-5-1,MS1,INV-000432,SERVICE_PROCUREMENT
1011HG3068809-3389-1-1,MS1,INV-000432,SERVICE_PROCUREMENT
1011HG3068809-3390-1-1,MS1,INV-000432,SERVICE_PROCUREMENT
1011HG3167911-1032-1-1,MS2,INV-000432,SERVICE_PROCUREMENT
1011HG3167911-1032-2-1,MS2,INV-000432,SERVICE_PROCUREMENT
1011HG3167911-1032-3-1,MS2,INV-000432,SERVICE_PROCUREMENT
1011HG3167911-1033-1-1,MS1,INV-000432,SERVICE_PROCUREMENT
1011HG3068809-3793-1-1,MS1,INV-000432,SERVICE_PROCUREMENT
1011HG3167911-1102-1-1,MS2,INV-000432,SERVICE_PROCUREMENT
1011HG3167911-1102-2-1,MS2,INV-000432,SERVICE_PROCUREMENT
1011HG3167911-1102-3-1,MS2,INV-000432,SERVICE_PROCUREMENT
1011HG3167911-1102-4-1,MS2,INV-000432,SERVICE_PROCUREMENT
1011HG3167911-1102-5-1,MS2,INV-000432,SERVICE_PROCUREMENT
1011HG3167911-1102-6-1,MS2,INV-000432,SERVICE_PROCUREMENT
1011HG3167911-1103-1-1,MS1,INV-000432,SERVICE_PROCUREMENT
1011HG3167911-1168-1-1,MS1,INV-000432,SERVICE_PROCUREMENT
1011HG3167911-1169-1-1,MS2,INV-000432,SERVICE_PROCUREMENT
1011HG3167911-1169-2-1,MS2,INV-000432,SERVICE_PROCUREMENT
1011HG3167911-1169-3-1,MS2,INV-000432,SERVICE_PROCUREMENT
1011HG3167911-1169-4-1,MS2,INV-000432,SERVICE_PROCUREMENT
1011HG3167911-1179-1-1,MS1,INV-000432,SERVICE_PROCUREMENT
1011HG3167911-1180-1-1,MS2,INV-000432,SERVICE_PROCUREMENT
1011HG3167911-1180-2-1,MS2,INV-000432,SERVICE_PROCUREMENT
1011HG3167911-1180-3-1,MS2,INV-000432,SERVICE_PROCUREMENT
1011HG3167911-1180-4-1,MS2,INV-000432,SERVICE_PROCUREMENT
1011HG3167911-1180-5-1,MS2,INV-000432,SERVICE_PROCUREMENT
1011HG3068809-4097-1-1,MS1,INV-000432,SERVICE_PROCUREMENT
1011HG3068809-4104-1-1,MS1,INV-000432,SERVICE_PROCUREMENT
1011HG3068810-1380-1-1,MS1,INV-000432,SERVICE_PROCUREMENT
1011HG3068809-4124-1-1,MS1,INV-000432,SERVICE_PROCUREMENT
1011HG3068810-1410-1-1,MS1,INV-000432,SERVICE_PROCUREMENT
1011HG3068810-1410-2-1,MS1,INV-000432,SERVICE_PROCUREMENT
1011HG3068809-4176-1-1,MS1,INV-000432,SERVICE_PROCUREMENT
1011HG3167911-1270-1-1,MS1,INV-000432,SERVICE_PROCUREMENT
1011HG3068810-1462-5-1,MS1,INV-000432,SERVICE_PROCUREMENT
1011HG3692386-65-1-1,MS2,INV-000433,SERVICE_PROCUREMENT
1011HG3692386-135-1-1,MS1,INV-000433,SERVICE_PROCUREMENT
1011HG3692386-163-1-1,MS1,INV-000433,SERVICE_PROCUREMENT
1011HG3692386-163-2-1,MS1,INV-000433,SERVICE_PROCUREMENT
1011HG3692386-178-2-1,MS1,INV-000433,SERVICE_PROCUREMENT
1011HG3692386-180-2-1,MS1,INV-000433,SERVICE_PROCUREMENT
1011HG3692386-181-4-1,MS1,INV-000433,SERVICE_PROCUREMENT
1011HG3692386-182-3-1,MS1,INV-000433,SERVICE_PROCUREMENT
1011HG3692386-182-5-1,MS1,INV-000433,SERVICE_PROCUREMENT
1011HG3692386-183-2-1,MS1,INV-000433,SERVICE_PROCUREMENT
1011HG3692386-184-1-1,MS1,INV-000433,SERVICE_PROCUREMENT
1011HG3692386-189-1-1,MS1,INV-000433,SERVICE_PROCUREMENT
1011HG3692387-75-2-1,MS1,INV-000433,SERVICE_PROCUREMENT
1011HG3692387-75-3-1,MS1,INV-000433,SERVICE_PROCUREMENT
1011HG3692387-77-3-1,MS1,INV-000433,SERVICE_PROCUREMENT
1011HG3692387-77-4-1,MS1,INV-000433,SERVICE_PROCUREMENT
1011HG3692387-78-1-1,MS1,INV-000433,SERVICE_PROCUREMENT
1011HG3692387-78-2-1,MS1,INV-000433,SERVICE_PROCUREMENT
1011HG3692387-88-2-1,MS1,INV-000433,SERVICE_PROCUREMENT
1011HG3692387-88-3-1,MS1,INV-000433,SERVICE_PROCUREMENT
1011HG3692386-215-3-1,MS1,INV-000433,SERVICE_PROCUREMENT
1011HG3692387-150-1-1,MS1,INV-000433,SERVICE_PROCUREMENT
1011HG3692387-150-2-1,MS1,INV-000433,SERVICE_PROCUREMENT
1011HG3692387-152-1-1,MS1,INV-000433,SERVICE_PROCUREMENT
1011HG3692387-152-3-1,MS1,INV-000433,SERVICE_PROCUREMENT
1011HG3692386-329-2-1,MS1,INV-000433,SERVICE_PROCUREMENT
1011HG3692386-353-1-1,MS1,INV-000433,SERVICE_PROCUREMENT
1011HG3692386-356-1-1,MS1,INV-000433,SERVICE_PROCUREMENT
1011HG3692386-356-2-1,MS1,INV-000433,SERVICE_PROCUREMENT
1011HG3692386-356-3-1,MS1,INV-000433,SERVICE_PROCUREMENT
1011HG3692386-372-3-1,MS1,INV-000433,SERVICE_PROCUREMENT
1011HG3692386-418-1-1,MS1,INV-000433,SERVICE_PROCUREMENT
1011HG3692386-419-1-1,MS1,INV-000433,SERVICE_PROCUREMENT
1011HG3692386-422-1-1,MS1,INV-000433,SERVICE_PROCUREMENT
1011HG3692386-422-2-1,MS1,INV-000433,SERVICE_PROCUREMENT
1011HG3692386-422-3-1,MS1,INV-000433,SERVICE_PROCUREMENT
1011HG3692386-422-4-1,MS1,INV-000433,SERVICE_PROCUREMENT
1011HG3692386-441-1-1,MS1,INV-000433,SERVICE_PROCUREMENT
1011HG3692386-445-1-1,MS1,INV-000433,SERVICE_PROCUREMENT
1011HG3692386-451-1-1,MS1,INV-000433,SERVICE_PROCUREMENT
1011HG3692386-452-1-1,MS1,INV-000433,SERVICE_PROCUREMENT
1011HG3692386-467-1-1,MS1,INV-000433,SERVICE_PROCUREMENT
1011HG3692386-467-2-1,MS1,INV-000433,SERVICE_PROCUREMENT
1011HG3692386-467-3-1,MS1,INV-000433,SERVICE_PROCUREMENT
1011HG3692386-468-1-1,MS1,INV-000433,SERVICE_PROCUREMENT
1011HG3692386-468-2-1,MS1,INV-000433,SERVICE_PROCUREMENT
1011HG3692386-468-3-1,MS1,INV-000433,SERVICE_PROCUREMENT
1011HG3692386-480-2-1,MS1,INV-000433,SERVICE_PROCUREMENT
1011HG3692387-206-2-1,MS1,INV-000433,SERVICE_PROCUREMENT
1011HG3692387-206-3-1,MS1,INV-000433,SERVICE_PROCUREMENT
1011HG3692386-601-1-1,MS1,INV-000433,SERVICE_PROCUREMENT
1011HG3692386-601-3-1,MS1,INV-000433,SERVICE_PROCUREMENT
1011HG3692386-601-4-1,MS1,INV-000433,SERVICE_PROCUREMENT
1011HG3692386-635-1-1,MS1,INV-000433,SERVICE_PROCUREMENT
1011HG3692386-635-2-1,MS1,INV-000433,SERVICE_PROCUREMENT
1011HG3692386-635-3-1,MS1,INV-000433,SERVICE_PROCUREMENT
1011HG3692386-674-1-1,MS1,INV-000433,SERVICE_PROCUREMENT
1011HG3692386-683-1-1,MS1,INV-000433,SERVICE_PROCUREMENT
1011HG3692387-297-3-1,MS1,INV-000433,SERVICE_PROCUREMENT
1011HG3692387-300-2-1,MS1,INV-000433,SERVICE_PROCUREMENT
1011HG3692387-300-3-1,MS1,INV-000433,SERVICE_PROCUREMENT
1011HG3692387-301-2-1,MS1,INV-000433,SERVICE_PROCUREMENT
1011HG3692386-687-3-1,MS1,INV-000433,SERVICE_PROCUREMENT
1011HG3692387-302-1-1,MS1,INV-000433,SERVICE_PROCUREMENT
1011HG3692387-308-1-1,MS1,INV-000433,SERVICE_PROCUREMENT
1011HG3692386-696-1-1,MS1,INV-000433,SERVICE_PROCUREMENT
1011HG3692386-696-2-1,MS1,INV-000433,SERVICE_PROCUREMENT
1011HG3692387-314-1-1,MS1,INV-000433,SERVICE_PROCUREMENT
1011HG3692386-700-1-1,MS1,INV-000433,SERVICE_PROCUREMENT
1011HG3692386-701-1-1,MS1,INV-000433,SERVICE_PROCUREMENT
1011HG3692386-711-2-1,MS1,INV-000433,SERVICE_PROCUREMENT
1011HG3692386-712-1-1,MS1,INV-000433,SERVICE_PROCUREMENT
1011HG3692387-331-1-1,MS1,INV-000433,SERVICE_PROCUREMENT
1011HG3692387-332-1-1,MS1,INV-000433,SERVICE_PROCUREMENT
1011HG3692387-339-1-1,MS1,INV-000433,SERVICE_PROCUREMENT
1011HG3692387-340-1-1,MS1,INV-000433,SERVICE_PROCUREMENT
1011HG3692387-341-1-1,MS1,INV-000433,SERVICE_PROCUREMENT
1011HG3692387-342-1-1,MS1,INV-000433,SERVICE_PROCUREMENT
1011HG3692386-735-1-1,MS1,INV-000433,SERVICE_PROCUREMENT
1011HG3692386-739-1-1,MS1,INV-000433,SERVICE_PROCUREMENT
1011HG3692386-739-2-1,MS1,INV-000433,SERVICE_PROCUREMENT
1011HG3692386-742-1-1,MS1,INV-000433,SERVICE_PROCUREMENT
1011HG3692386-743-1-1,MS1,INV-000433,SERVICE_PROCUREMENT
1011HG3692387-371-1-1,MS1,INV-000433,SERVICE_PROCUREMENT
1011HG3692387-373-1-1,MS1,INV-000433,SERVICE_PROCUREMENT
1011HG3692387-374-1-1,MS1,INV-000433,SERVICE_PROCUREMENT
1011HG3692386-765-1-1,MS1,INV-000433,SERVICE_PROCUREMENT
1011HG3692387-375-1-1,MS1,INV-000433,SERVICE_PROCUREMENT
1011HG3692386-796-1-1,MS1,INV-000433,SERVICE_PROCUREMENT
1011HG3692386-820-1-1,MS1,INV-000433,SERVICE_PROCUREMENT
1011HG3692386-826-1-1,MS1,INV-000433,SERVICE_PROCUREMENT
1011HG3692387-407-1-1,MS1,INV-000433,SERVICE_PROCUREMENT
1011HG3692386-827-1-1,MS1,INV-000433,SERVICE_PROCUREMENT
1011HG3692386-858-1-1,MS1,INV-000433,SERVICE_PROCUREMENT
1011HG3692386-859-2-1,MS1,INV-000433,SERVICE_PROCUREMENT
1011HG3692386-860-1-1,MS1,INV-000433,SERVICE_PROCUREMENT
1011HG3692386-868-1-1,MS1,INV-000433,SERVICE_PROCUREMENT
1011HG3692386-869-1-1,MS1,INV-000433,SERVICE_PROCUREMENT
1011HG3692386-942-1-1,MS1,INV-000433,SERVICE_PROCUREMENT
1011HG3692386-942-2-1,MS1,INV-000433,SERVICE_PROCUREMENT
1011HG3692386-949-1-1,MS1,INV-000433,SERVICE_PROCUREMENT
1011HG3692386-950-2-1,MS1,INV-000433,SERVICE_PROCUREMENT
1011HG3692386-952-1-1,MS1,INV-000433,SERVICE_PROCUREMENT
1011HG3692386-1013-1-1,MS1,INV-000433,SERVICE_PROCUREMENT
1011HG3692386-1024-1-1,MS1,INV-000433,SERVICE_PROCUREMENT
1011HG3692386-1038-1-1,MS1,INV-000433,SERVICE_PROCUREMENT
1011HG3692386-1057-1-1,MS1,INV-000433,SERVICE_PROCUREMENT
1011HG3068809-1750-1-1,MS1,INV-000434,SERVICE_PROCUREMENT
1011HG3068809-2522-2-1,MS1,INV-000434,SERVICE_PROCUREMENT
1011HG3167911-333-1-1,MS2,INV-000434,SERVICE_PROCUREMENT
1011HG3167911-333-2-1,MS2,INV-000434,SERVICE_PROCUREMENT
1011HG3167911-333-3-1,MS2,INV-000434,SERVICE_PROCUREMENT
1011HG3167911-333-4-1,MS2,INV-000434,SERVICE_PROCUREMENT
1011HG3167911-333-5-1,MS2,INV-000434,SERVICE_PROCUREMENT
1011HG3167911-335-1-1,MS1,INV-000434,SERVICE_PROCUREMENT
1011HG3167911-357-1-1,MS1,INV-000434,SERVICE_PROCUREMENT
1011HG3167911-535-1-1,MS1,INV-000434,SERVICE_PROCUREMENT
1011HG3167911-535-3-1,MS1,INV-000434,SERVICE_PROCUREMENT
1011HG3167911-536-1-1,MS1,INV-000434,SERVICE_PROCUREMENT
1011HG3167911-537-1-1,MS2,INV-000434,SERVICE_PROCUREMENT
1011HG3167911-537-2-1,MS2,INV-000434,SERVICE_PROCUREMENT
1011HG3167911-537-3-1,MS2,INV-000434,SERVICE_PROCUREMENT
1011HG3167911-550-1-1,MS2,INV-000434,SERVICE_PROCUREMENT
1011HG3167911-550-3-1,MS2,INV-000434,SERVICE_PROCUREMENT
1011HG3167911-551-1-1,MS1,INV-000434,SERVICE_PROCUREMENT
1011HG3167911-618-1-1,MS2,INV-000434,SERVICE_PROCUREMENT
1011HG3167911-618-2-1,MS2,INV-000434,SERVICE_PROCUREMENT
1011HG3167911-619-1-1,MS1,INV-000434,SERVICE_PROCUREMENT
1011HG3167911-896-1-1,MS2,INV-000434,SERVICE_PROCUREMENT
1011HG3167911-896-2-1,MS2,INV-000434,SERVICE_PROCUREMENT
1011HG3167911-896-3-1,MS2,INV-000434,SERVICE_PROCUREMENT
1011HG3167911-896-4-1,MS2,INV-000434,SERVICE_PROCUREMENT
1011HG3167911-897-1-1,MS1,INV-000434,SERVICE_PROCUREMENT
1011HG3167911-1117-1-1,MS1,INV-000434,SERVICE_PROCUREMENT
1011HG3167911-1118-1-1,MS2,INV-000434,SERVICE_PROCUREMENT
1011HG3167911-1118-2-1,MS2,INV-000434,SERVICE_PROCUREMENT
1011HG3167911-1118-3-1,MS2,INV-000434,SERVICE_PROCUREMENT
1011HG3167911-1118-4-1,MS2,INV-000434,SERVICE_PROCUREMENT
1011HG3167911-1118-5-1,MS2,INV-000434,SERVICE_PROCUREMENT
1011HG3068809-4143-1-1,MS1,INV-000434,SERVICE_PROCUREMENT
1011HG3068809-4143-2-1,MS1,INV-000434,SERVICE_PROCUREMENT
1011HG3167911-1235-1-1,MS1,INV-000434,SERVICE_PROCUREMENT
1011HG3068809-4248-1-1,MS1,INV-000434,SERVICE_PROCUREMENT
1011HG3068809-4262-1-1,MS1,INV-000434,SERVICE_PROCUREMENT
1011HG3068809-4267-1-1,MS1,INV-000434,SERVICE_PROCUREMENT
1011HG3692387-14-1-1,MS1,INV-000435,SERVICE_PROCUREMENT
1011HG3692387-17-1-1,MS1,INV-000435,SERVICE_PROCUREMENT
1011HG3692386-168-1-1,MS1,INV-000435,SERVICE_PROCUREMENT
1011HG3692386-215-2-1,MS1,INV-000435,SERVICE_PROCUREMENT
1011HG3692386-245-1-1,MS1,INV-000435,SERVICE_PROCUREMENT
1011HG3692386-245-2-1,MS1,INV-000435,SERVICE_PROCUREMENT
1011HG3692386-245-3-1,MS1,INV-000435,SERVICE_PROCUREMENT
1011HG3692386-245-4-1,MS1,INV-000435,SERVICE_PROCUREMENT
1011HG3692386-245-5-1,MS1,INV-000435,SERVICE_PROCUREMENT
1011HG3692386-245-6-1,MS1,INV-000435,SERVICE_PROCUREMENT
1011HG3692386-372-1-1,MS1,INV-000435,SERVICE_PROCUREMENT
1011HG3692386-515-2-1,MS1,INV-000435,SERVICE_PROCUREMENT
1011HG3692386-533-1-1,MS1,INV-000435,SERVICE_PROCUREMENT
1011HG3692386-533-2-1,MS1,INV-000435,SERVICE_PROCUREMENT
1011HG3692386-533-3-1,MS1,INV-000435,SERVICE_PROCUREMENT
1011HG3692386-535-1-1,MS1,INV-000435,SERVICE_PROCUREMENT
1011HG3692386-588-1-1,MS1,INV-000435,SERVICE_PROCUREMENT
1011HG3692386-602-1-1,MS1,INV-000435,SERVICE_PROCUREMENT
1011HG3692386-603-1-1,MS1,INV-000435,SERVICE_PROCUREMENT
1011HG3692386-644-1-1,MS1,INV-000435,SERVICE_PROCUREMENT
1011HG3692386-679-1-1,MS1,INV-000435,SERVICE_PROCUREMENT
1011HG3692386-680-1-1,MS1,INV-000435,SERVICE_PROCUREMENT
1011HG3692386-680-2-1,MS1,INV-000435,SERVICE_PROCUREMENT
1011HG3692386-711-1-1,MS1,INV-000435,SERVICE_PROCUREMENT
1011HG3692386-711-3-1,MS1,INV-000435,SERVICE_PROCUREMENT
1011HG3692386-712-2-1,MS1,INV-000435,SERVICE_PROCUREMENT
1011HG3692386-712-3-1,MS1,INV-000435,SERVICE_PROCUREMENT
1011HG3692386-714-1-1,MS1,INV-000435,SERVICE_PROCUREMENT
1011HG3692386-715-2-1,MS1,INV-000435,SERVICE_PROCUREMENT
1011HG3692386-719-1-1,MS1,INV-000435,SERVICE_PROCUREMENT
1011HG3692386-721-2-1,MS1,INV-000435,SERVICE_PROCUREMENT
1011HG3692386-723-1-1,MS1,INV-000435,SERVICE_PROCUREMENT
1011HG3692386-724-2-1,MS1,INV-000435,SERVICE_PROCUREMENT
1011HG3692387-366-2-1,MS1,INV-000435,SERVICE_PROCUREMENT
1011HG3692386-746-1-1,MS1,INV-000435,SERVICE_PROCUREMENT
1011HG3692386-747-1-1,MS1,INV-000435,SERVICE_PROCUREMENT
1011HG3692386-748-1-1,MS1,INV-000435,SERVICE_PROCUREMENT
1011HG3692386-748-2-1,MS1,INV-000435,SERVICE_PROCUREMENT
1011HG3692387-370-1-1,MS1,INV-000435,SERVICE_PROCUREMENT
1011HG3692386-749-1-1,MS1,INV-000435,SERVICE_PROCUREMENT
1011HG3692386-749-2-1,MS1,INV-000435,SERVICE_PROCUREMENT
1011HG3692386-750-1-1,MS1,INV-000435,SERVICE_PROCUREMENT
1011HG3692386-755-1-1,MS1,INV-000435,SERVICE_PROCUREMENT
1011HG3692386-766-1-1,MS1,INV-000435,SERVICE_PROCUREMENT
1011HG3692386-775-1-1,MS1,INV-000435,SERVICE_PROCUREMENT
1011HG3692386-775-2-1,MS1,INV-000435,SERVICE_PROCUREMENT
1011HG3692386-776-1-1,MS1,INV-000435,SERVICE_PROCUREMENT
1011HG3692386-776-2-1,MS1,INV-000435,SERVICE_PROCUREMENT
1011HG3692386-776-3-1,MS1,INV-000435,SERVICE_PROCUREMENT
1011HG3692386-782-1-1,MS1,INV-000435,SERVICE_PROCUREMENT
1011HG3692386-783-1-1,MS1,INV-000435,SERVICE_PROCUREMENT
1011HG3692386-786-2-1,MS1,INV-000435,SERVICE_PROCUREMENT
1011HG3692386-805-1-1,MS1,INV-000435,SERVICE_PROCUREMENT
1011HG3692386-807-1-1,MS1,INV-000435,SERVICE_PROCUREMENT
1011HG3692386-807-2-1,MS1,INV-000435,SERVICE_PROCUREMENT
1011HG3692386-808-1-1,MS1,INV-000435,SERVICE_PROCUREMENT
1011HG3692387-403-1-1,MS1,INV-000435,SERVICE_PROCUREMENT
1011HG3692387-403-2-1,MS1,INV-000435,SERVICE_PROCUREMENT
1011HG3692386-826-2-1,MS1,INV-000435,SERVICE_PROCUREMENT
1011HG3692386-827-2-1,MS1,INV-000435,SERVICE_PROCUREMENT
1011HG3692386-836-1-1,MS1,INV-000435,SERVICE_PROCUREMENT
1011HG3692386-836-3-1,MS1,INV-000435,SERVICE_PROCUREMENT
1011HG3692386-859-1-1,MS1,INV-000435,SERVICE_PROCUREMENT
1011HG3692386-859-3-1,MS1,INV-000435,SERVICE_PROCUREMENT
1011HG3692386-866-1-1,MS1,INV-000435,SERVICE_PROCUREMENT
1011HG3692386-867-1-1,MS1,INV-000435,SERVICE_PROCUREMENT
1011HG3692386-907-1-1,MS1,INV-000435,SERVICE_PROCUREMENT
1011HG3692386-907-2-1,MS1,INV-000435,SERVICE_PROCUREMENT
1011HG3692386-920-1-1,MS1,INV-000435,SERVICE_PROCUREMENT
1011HG3692386-921-1-1,MS1,INV-000435,SERVICE_PROCUREMENT
1011HG3692386-922-1-1,MS1,INV-000435,SERVICE_PROCUREMENT
1011HG3692386-925-1-1,MS1,INV-000435,SERVICE_PROCUREMENT
1011HG3692386-926-1-1,MS1,INV-000435,SERVICE_PROCUREMENT
1011HG3692386-928-1-1,MS1,INV-000435,SERVICE_PROCUREMENT
1011HG3692386-929-1-1,MS1,INV-000435,SERVICE_PROCUREMENT
1011HG3692386-931-1-1,MS1,INV-000435,SERVICE_PROCUREMENT
1011HG3692386-934-1-1,MS1,INV-000435,SERVICE_PROCUREMENT
1011HG3692386-934-2-1,MS1,INV-000435,SERVICE_PROCUREMENT
1011HG3692386-937-1-1,MS1,INV-000435,SERVICE_PROCUREMENT
1011HG3692386-949-2-1,MS1,INV-000435,SERVICE_PROCUREMENT
1011HG3692386-950-1-1,MS1,INV-000435,SERVICE_PROCUREMENT
1011HG3692386-952-4-1,MS1,INV-000435,SERVICE_PROCUREMENT
1011HG3692386-973-1-1,MS1,INV-000435,SERVICE_PROCUREMENT
1011HG3692386-974-1-1,MS1,INV-000435,SERVICE_PROCUREMENT
1011HG3692386-975-1-1,MS1,INV-000435,SERVICE_PROCUREMENT
1011HG3692387-441-1-1,MS1,INV-000435,SERVICE_PROCUREMENT
1011HG3692387-442-1-1,MS1,INV-000435,SERVICE_PROCUREMENT
1011HG3692386-976-1-1,MS1,INV-000435,SERVICE_PROCUREMENT
1011HG3692386-981-2-1,MS1,INV-000435,SERVICE_PROCUREMENT
1011HG3692387-449-1-1,MS1,INV-000435,SERVICE_PROCUREMENT
1011HG3692387-450-1-1,MS1,INV-000435,SERVICE_PROCUREMENT
1011HG3692386-985-1-1,MS1,INV-000435,SERVICE_PROCUREMENT
1011HG3692386-986-1-1,MS1,INV-000435,SERVICE_PROCUREMENT
1011HG3692386-989-2-1,MS1,INV-000435,SERVICE_PROCUREMENT
1011HG3692387-451-1-1,MS1,INV-000435,SERVICE_PROCUREMENT
1011HG3692387-469-1-1,MS1,INV-000435,SERVICE_PROCUREMENT
1011HG3692386-1050-1-1,MS1,INV-000435,SERVICE_PROCUREMENT
1011HG3692386-1051-1-1,MS1,INV-000435,SERVICE_PROCUREMENT
1011HG3692386-1053-1-1,MS1,INV-000435,SERVICE_PROCUREMENT
1011HG3692386-1054-1-1,MS1,INV-000435,SERVICE_PROCUREMENT
1011HG3692386-1055-1-1,MS1,INV-000435,SERVICE_PROCUREMENT
1011HG3692387-480-1-1,MS1,INV-000435,SERVICE_PROCUREMENT
1011HG3692386-1060-1-1,MS1,INV-000435,SERVICE_PROCUREMENT
1011HG3692386-1061-1-1,MS1,INV-000435,SERVICE_PROCUREMENT
1011HG3692386-1082-1-1,MS1,INV-000435,SERVICE_PROCUREMENT
1011HG3167912-11-1-1,MS2,INV-000436,SERVICE_PROCUREMENT
1011HG3167912-11-2-1,MS2,INV-000436,SERVICE_PROCUREMENT
1011HG3167912-11-3-1,MS2,INV-000436,SERVICE_PROCUREMENT
1011HG3167912-11-4-1,MS2,INV-000436,SERVICE_PROCUREMENT
1011HG3167912-11-5-1,MS2,INV-000436,SERVICE_PROCUREMENT
1011HG3167912-12-1-1,MS1,INV-000436,SERVICE_PROCUREMENT
1011HG3068809-2522-4-1,MS1,INV-000436,SERVICE_PROCUREMENT
1011HG3068809-2686-1-1,MS1,INV-000436,SERVICE_PROCUREMENT
1011HG3068809-2792-1-1,MS1,INV-000436,SERVICE_PROCUREMENT
1011HG3068809-2991-1-1,MS1,INV-000436,SERVICE_PROCUREMENT
1011HG3068809-2991-3-1,MS1,INV-000436,SERVICE_PROCUREMENT
1011HG3068809-3059-3-1,MS1,INV-000436,SERVICE_PROCUREMENT
1011HG3068809-3921-2-1,MS1,INV-000436,SERVICE_PROCUREMENT
1011HG3068809-4279-1-1,MS1,INV-000436,SERVICE_PROCUREMENT
1011HG3068809-4280-2-1,MS1,INV-000436,SERVICE_PROCUREMENT
1011HG3068809-4283-1-1,MS1,INV-000436,SERVICE_PROCUREMENT
1011HG3068810-1439-1-1,MS1,INV-000436,SERVICE_PROCUREMENT
1011HG3692386-338-1-1,MS1,INV-000437,SERVICE_PROCUREMENT
1011HG3692386-338-5-1,MS1,INV-000437,SERVICE_PROCUREMENT
1011HG3692386-339-1-1,MS1,INV-000437,SERVICE_PROCUREMENT
1011HG3692386-339-6-1,MS1,INV-000437,SERVICE_PROCUREMENT
1011HG3692386-341-2-1,MS1,INV-000437,SERVICE_PROCUREMENT
1011HG3692386-341-5-1,MS1,INV-000437,SERVICE_PROCUREMENT
1011HG3692386-341-6-1,MS1,INV-000437,SERVICE_PROCUREMENT
1011HG3692386-340-1-1,MS1,INV-000437,SERVICE_PROCUREMENT
1011HG3692386-340-5-1,MS1,INV-000437,SERVICE_PROCUREMENT
1011HG3692386-340-7-1,MS1,INV-000437,SERVICE_PROCUREMENT
1011HG3692386-342-2-1,MS1,INV-000437,SERVICE_PROCUREMENT
1011HG3692386-342-5-1,MS1,INV-000437,SERVICE_PROCUREMENT
1011HG3692386-461-1-1,MS1,INV-000437,SERVICE_PROCUREMENT
1011HG3692386-461-2-1,MS1,INV-000437,SERVICE_PROCUREMENT
1011HG3692386-461-3-1,MS1,INV-000437,SERVICE_PROCUREMENT
1011HG3692387-212-1-1,MS1,INV-000437,SERVICE_PROCUREMENT
1011HG3692387-212-2-1,MS1,INV-000437,SERVICE_PROCUREMENT
1011HG3692387-212-3-1,MS1,INV-000437,SERVICE_PROCUREMENT
1011HG3692386-504-1-1,MS1,INV-000437,SERVICE_PROCUREMENT
1011HG3692386-504-2-1,MS1,INV-000437,SERVICE_PROCUREMENT
1011HG3692386-504-3-1,MS1,INV-000437,SERVICE_PROCUREMENT
1011HG3692386-681-1-1,MS1,INV-000437,SERVICE_PROCUREMENT
1011HG3692386-681-2-1,MS1,INV-000437,SERVICE_PROCUREMENT
1011HG3692386-761-1-1,MS1,INV-000437,SERVICE_PROCUREMENT
1011HG3692386-761-2-1,MS1,INV-000437,SERVICE_PROCUREMENT
1011HG3692386-773-1-1,MS1,INV-000437,SERVICE_PROCUREMENT
1011HG3692386-785-1-1,MS1,INV-000437,SERVICE_PROCUREMENT
1011HG3692386-939-1-1,MS1,INV-000437,SERVICE_PROCUREMENT
1011HG3692386-939-2-1,MS1,INV-000437,SERVICE_PROCUREMENT
1011HG3692386-940-1-1,MS1,INV-000437,SERVICE_PROCUREMENT
1011HG3692386-940-2-1,MS1,INV-000437,SERVICE_PROCUREMENT
1011HG3692386-979-2-1,MS1,INV-000437,SERVICE_PROCUREMENT
1011HG3692386-980-2-1,MS1,INV-000437,SERVICE_PROCUREMENT
1011HG3692386-981-3-1,MS1,INV-000437,SERVICE_PROCUREMENT
1011HG3692386-982-1-1,MS1,INV-000437,SERVICE_PROCUREMENT
1011HG3692386-987-2-1,MS1,INV-000437,SERVICE_PROCUREMENT
1011HG3167912-72-1-1,MS1,INV-000438,SERVICE_PROCUREMENT
1011HG3167912-73-1-1,MS2,INV-000438,SERVICE_PROCUREMENT
1011HG3167912-462-1-1,MS1,INV-000438,SERVICE_PROCUREMENT
1011HG3167912-463-1-1,MS1,INV-000438,SERVICE_PROCUREMENT
1011HG3167912-465-1-1,MS1,INV-000438,SERVICE_PROCUREMENT
1011HG3167912-466-1-1,MS1,INV-000438,SERVICE_PROCUREMENT
1011HG3167912-481-1-1,MS1,INV-000438,SERVICE_PROCUREMENT
1011HG3167911-1017-1-1,MS1,INV-000438,SERVICE_PROCUREMENT
1011HG3167911-1020-1-1,MS1,INV-000438,SERVICE_PROCUREMENT
1011HG3167911-1021-1-1,MS1,INV-000438,SERVICE_PROCUREMENT
1011HG3167912-493-1-1,MS1,INV-000438,SERVICE_PROCUREMENT
1011HG3167911-1119-1-1,MS1,INV-000438,SERVICE_PROCUREMENT
1011HG3167911-1120-1-1,MS2,INV-000438,SERVICE_PROCUREMENT
1011HG3167911-1120-2-1,MS2,INV-000438,SERVICE_PROCUREMENT
1011HG3167911-1120-3-1,MS2,INV-000438,SERVICE_PROCUREMENT
1011HG3167911-1120-4-1,MS2,INV-000438,SERVICE_PROCUREMENT
1011HG3167911-1120-5-1,MS2,INV-000438,SERVICE_PROCUREMENT
1011HG3167911-1120-6-1,MS2,INV-000438,SERVICE_PROCUREMENT
1011HG3167911-1206-1-1,MS1,INV-000438,SERVICE_PROCUREMENT
1011HG3167911-1207-1-1,MS2,INV-000438,SERVICE_PROCUREMENT
1011HG3167911-1207-2-1,MS2,INV-000438,SERVICE_PROCUREMENT
1011HG3167911-1207-3-1,MS2,INV-000438,SERVICE_PROCUREMENT
1011HG3167911-1207-4-1,MS2,INV-000438,SERVICE_PROCUREMENT
1011HG3167911-1207-5-1,MS2,INV-000438,SERVICE_PROCUREMENT
1011HG3167911-1232-1-1,MS1,INV-000438,SERVICE_PROCUREMENT
1011HG3167911-1233-1-1,MS2,INV-000438,SERVICE_PROCUREMENT
1011HG3167911-1233-2-1,MS2,INV-000438,SERVICE_PROCUREMENT
1011HG3167911-1233-3-1,MS2,INV-000438,SERVICE_PROCUREMENT
1011HG3167911-1233-4-1,MS2,INV-000438,SERVICE_PROCUREMENT
1011HG3167911-1233-5-1,MS2,INV-000438,SERVICE_PROCUREMENT
1011HG3167911-1233-6-1,MS2,INV-000438,SERVICE_PROCUREMENT
1011HG3692386-12-1-1,MS1,INV-000441,SERVICE_PROCUREMENT
1011HG3692387-4-1-1,MS1,INV-000441,SERVICE_PROCUREMENT
1011HG3692387-4-2-1,MS1,INV-000441,SERVICE_PROCUREMENT
1011HG3692386-66-1-1,MS2,INV-000441,SERVICE_PROCUREMENT
1011HG3692386-115-1-1,MS1,INV-000441,SERVICE_PROCUREMENT
1011HG3692386-117-1-1,MS1,INV-000441,SERVICE_PROCUREMENT
1011HG3692387-43-1-1,MS1,INV-000441,SERVICE_PROCUREMENT
1011HG3692386-131-1-1,MS1,INV-000441,SERVICE_PROCUREMENT
1011HG3692386-237-2-1,MS1,INV-000441,SERVICE_PROCUREMENT
1011HG3692386-237-3-1,MS1,INV-000441,SERVICE_PROCUREMENT
1011HG3692386-238-2-1,MS1,INV-000441,SERVICE_PROCUREMENT
1011HG3692386-238-3-1,MS1,INV-000441,SERVICE_PROCUREMENT
1011HG3692386-239-2-1,MS1,INV-000441,SERVICE_PROCUREMENT
1011HG3692386-239-3-1,MS1,INV-000441,SERVICE_PROCUREMENT
1011HG3692386-249-1-1,MS1,INV-000441,SERVICE_PROCUREMENT
1011HG3692386-281-3-1,MS1,INV-000441,SERVICE_PROCUREMENT
1011HG3692386-418-1-1,MS2,INV-000441,SERVICE_PROCUREMENT
1011HG3692386-437-2-1,MS1,INV-000441,SERVICE_PROCUREMENT
1011HG3692386-440-1-1,MS1,INV-000441,SERVICE_PROCUREMENT
1011HG3692386-537-1-1,MS1,INV-000441,SERVICE_PROCUREMENT
1011HG3692386-537-2-1,MS1,INV-000441,SERVICE_PROCUREMENT
1011HG3692386-540-1-1,MS1,INV-000441,SERVICE_PROCUREMENT
1011HG3692386-541-1-1,MS1,INV-000441,SERVICE_PROCUREMENT
1011HG3692386-548-1-1,MS1,INV-000441,SERVICE_PROCUREMENT
1011HG3692387-236-2-1,MS1,INV-000441,SERVICE_PROCUREMENT
1011HG3692387-237-1-1,MS1,INV-000441,SERVICE_PROCUREMENT
1011HG3692387-238-1-1,MS1,INV-000441,SERVICE_PROCUREMENT
1011HG3692387-240-1-1,MS1,INV-000441,SERVICE_PROCUREMENT
1011HG3692387-246-1-1,MS1,INV-000441,SERVICE_PROCUREMENT
1011HG3692387-263-1-1,MS1,INV-000441,SERVICE_PROCUREMENT
1011HG3692386-605-1-1,MS2,INV-000441,SERVICE_PROCUREMENT
1011HG3692386-605-2-1,MS2,INV-000441,SERVICE_PROCUREMENT
1011HG3692386-663-1-1,MS1,INV-000441,SERVICE_PROCUREMENT
1011HG3692386-686-2-1,MS1,INV-000441,SERVICE_PROCUREMENT
1011HG3692386-702-1-1,MS1,INV-000441,SERVICE_PROCUREMENT
1011HG3692386-705-1-1,MS1,INV-000441,SERVICE_PROCUREMENT
1011HG3692386-825-1-1,MS1,INV-000441,SERVICE_PROCUREMENT
1011HG3692386-834-1-1,MS1,INV-000441,SERVICE_PROCUREMENT
1011HG3692386-887-1-1,MS1,INV-000441,SERVICE_PROCUREMENT
1011HG3692386-905-1-1,MS1,INV-000441,SERVICE_PROCUREMENT
1011HG3692386-906-2-1,MS1,INV-000441,SERVICE_PROCUREMENT
1011HG3692386-935-1-1,MS1,INV-000441,SERVICE_PROCUREMENT
1011HG3692386-936-1-1,MS1,INV-000441,SERVICE_PROCUREMENT
1011HG3692386-998-1-1,MS1,INV-000441,SERVICE_PROCUREMENT
1011HG3692386-998-2-1,MS1,INV-000441,SERVICE_PROCUREMENT
1011HG3692386-999-1-1,MS1,INV-000441,SERVICE_PROCUREMENT
1011HG3692386-1302-1-1,MS1,INV-000441,SERVICE_PROCUREMENT
1011HG3068809-314-1-1,MS1,INV-000442,SERVICE_PROCUREMENT
1011HG3068809-315-1-1,MS1,INV-000442,SERVICE_PROCUREMENT
1011HG3068809-320-1-1,MS1,INV-000442,SERVICE_PROCUREMENT
1011HG3068809-321-1-1,MS1,INV-000442,SERVICE_PROCUREMENT
1011HG3068809-322-1-1,MS1,INV-000442,SERVICE_PROCUREMENT
1011HG3068809-324-1-1,MS1,INV-000442,SERVICE_PROCUREMENT
1011HG3068809-325-1-1,MS1,INV-000442,SERVICE_PROCUREMENT
1011HG3068809-326-1-1,MS1,INV-000442,SERVICE_PROCUREMENT
1011HG3068809-327-1-1,MS1,INV-000442,SERVICE_PROCUREMENT
1011HG3068809-1060-1-1,MS1,INV-000442,SERVICE_PROCUREMENT
1011HG3068810-565-3-1,MS1,INV-000442,SERVICE_PROCUREMENT
1011HG3068809-1659-7-1,MS1,INV-000442,SERVICE_PROCUREMENT
1011HG3167912-363-1-1,MS1,INV-000442,SERVICE_PROCUREMENT
1011HG3167912-371-1-1,MS1,INV-000442,SERVICE_PROCUREMENT
1011HG3167912-372-1-1,MS1,INV-000442,SERVICE_PROCUREMENT
1011HG3167912-375-1-1,MS1,INV-000442,SERVICE_PROCUREMENT
1011HG3167912-380-1-1,MS1,INV-000442,SERVICE_PROCUREMENT
1011HG3167911-371-1-1,MS1,INV-000442,SERVICE_PROCUREMENT
1011HG3167912-393-1-1,MS1,INV-000442,SERVICE_PROCUREMENT
1011HG3167912-394-1-1,MS1,INV-000442,SERVICE_PROCUREMENT
1011HG3167912-397-1-1,MS1,INV-000442,SERVICE_PROCUREMENT
1011HG3167911-451-1-1,MS1,INV-000442,SERVICE_PROCUREMENT
1011HG3167912-400-1-1,MS1,INV-000442,SERVICE_PROCUREMENT
1011HG3167912-401-1-1,MS1,INV-000442,SERVICE_PROCUREMENT
1011HG3167911-456-1-1,MS1,INV-000442,SERVICE_PROCUREMENT
1011HG3167912-402-1-1,MS1,INV-000442,SERVICE_PROCUREMENT
1011HG3167912-403-1-1,MS1,INV-000442,SERVICE_PROCUREMENT
1011HG3167911-460-1-1,MS1,INV-000442,SERVICE_PROCUREMENT
1011HG3167912-405-1-1,MS1,INV-000442,SERVICE_PROCUREMENT
1011HG3167912-407-1-1,MS1,INV-000442,SERVICE_PROCUREMENT
1011HG3167912-411-1-1,MS1,INV-000442,SERVICE_PROCUREMENT
1011HG3167912-412-1-1,MS1,INV-000442,SERVICE_PROCUREMENT
1011HG3167911-463-1-1,MS1,INV-000442,SERVICE_PROCUREMENT
1011HG3167911-466-1-1,MS1,INV-000442,SERVICE_PROCUREMENT
1011HG3167911-468-1-1,MS2,INV-000442,SERVICE_PROCUREMENT
1011HG3167911-468-2-1,MS2,INV-000442,SERVICE_PROCUREMENT
1011HG3167911-468-3-1,MS2,INV-000442,SERVICE_PROCUREMENT
1011HG3167911-468-4-1,MS2,INV-000442,SERVICE_PROCUREMENT
1011HG3167912-415-1-1,MS1,INV-000442,SERVICE_PROCUREMENT
1011HG3068810-1059-2-1,MS1,INV-000442,SERVICE_PROCUREMENT
1011HG3068809-3195-1-1,MS1,INV-000442,SERVICE_PROCUREMENT
1011HG3068809-3195-2-1,MS1,INV-000442,SERVICE_PROCUREMENT
1011HG3068809-3198-2-1,MS1,INV-000442,SERVICE_PROCUREMENT
1011HG3068809-3966-1-1,MS1,INV-000442,SERVICE_PROCUREMENT
1011HG3068809-3967-1-1,MS1,INV-000442,SERVICE_PROCUREMENT
1011HG3068809-3968-1-1,MS1,INV-000442,SERVICE_PROCUREMENT
1011HG3068810-1386-2-1,MS1,INV-000442,SERVICE_PROCUREMENT
1011HG3068810-1387-1-1,MS1,INV-000442,SERVICE_PROCUREMENT
1011HG3068810-1387-4-1,MS1,INV-000442,SERVICE_PROCUREMENT
1011HG3068810-1388-2-1,MS1,INV-000442,SERVICE_PROCUREMENT
1011HG3167911-1213-1-1,MS1,INV-000442,SERVICE_PROCUREMENT
1011HG3167911-1213-2-1,MS1,INV-000442,SERVICE_PROCUREMENT
1011HG3167911-1213-3-1,MS1,INV-000442,SERVICE_PROCUREMENT
1011HG3167911-1213-4-1,MS1,INV-000442,SERVICE_PROCUREMENT
1011HG3167911-1213-5-1,MS1,INV-000442,SERVICE_PROCUREMENT
1011HG3167911-1213-6-1,MS1,INV-000442,SERVICE_PROCUREMENT
1011HG3167911-1236-1-1,MS2,INV-000442,SERVICE_PROCUREMENT
1011HG3167911-1236-2-1,MS2,INV-000442,SERVICE_PROCUREMENT
1011HG3167911-1236-3-1,MS2,INV-000442,SERVICE_PROCUREMENT
1011HG3167911-1236-4-1,MS2,INV-000442,SERVICE_PROCUREMENT
1011HG3167911-1237-5-1,MS1,INV-000442,SERVICE_PROCUREMENT
1011HG3167911-1270-1-1,MS2,INV-000442,SERVICE_PROCUREMENT
1011HG3167911-1439-1-1,MS2,INV-000442,SERVICE_PROCUREMENT
1011HG3167911-1445-1-1,MS1,INV-000442,SERVICE_PROCUREMENT
1011HG3167911-1445-2-1,MS1,INV-000442,SERVICE_PROCUREMENT
1011HG3167911-1445-3-1,MS1,INV-000442,SERVICE_PROCUREMENT
1011HG3167911-1445-4-1,MS1,INV-000442,SERVICE_PROCUREMENT
1011HG3167911-1445-5-1,MS1,INV-000442,SERVICE_PROCUREMENT
1011HG3167911-1445-6-1,MS1,INV-000442,SERVICE_PROCUREMENT
1011HG3068810-1455-1-1,MS1,INV-000442,SERVICE_PROCUREMENT
1011HG3692386-57-1-1,MS2,INV-000443,SERVICE_PROCUREMENT
1011HG3692386-58-1-1,MS1,INV-000443,SERVICE_PROCUREMENT
1011HG3692386-269-1-1,MS1,INV-000443,SERVICE_PROCUREMENT
1011HG3692386-270-1-1,MS2,INV-000443,SERVICE_PROCUREMENT
1011HG3692386-287-1-1,MS1,INV-000443,SERVICE_PROCUREMENT
1011HG3692386-288-1-1,MS2,INV-000443,SERVICE_PROCUREMENT
1011HG3692386-425-1-1,MS2,INV-000443,SERVICE_PROCUREMENT
1011HG3692386-426-1-1,MS1,INV-000443,SERVICE_PROCUREMENT
1011HG3692386-427-1-1,MS1,INV-000443,SERVICE_PROCUREMENT
1011HG3692386-430-1-1,MS1,INV-000443,SERVICE_PROCUREMENT
1011HG3692386-457-1-1,MS2,INV-000443,SERVICE_PROCUREMENT
1011HG3692386-458-1-1,MS1,INV-000443,SERVICE_PROCUREMENT
1011HG3692386-488-1-1,MS1,INV-000443,SERVICE_PROCUREMENT
1011HG3692386-489-1-1,MS1,INV-000443,SERVICE_PROCUREMENT
1011HG3692387-210-1-1,MS1,INV-000443,SERVICE_PROCUREMENT
1011HG3692387-211-1-1,MS2,INV-000443,SERVICE_PROCUREMENT
1011HG3692386-641-1-1,MS1,INV-000443,SERVICE_PROCUREMENT
1011HG3692386-642-1-1,MS1,INV-000443,SERVICE_PROCUREMENT
1011HG3692386-691-1-1,MS1,INV-000443,SERVICE_PROCUREMENT
1011HG3692386-692-1-1,MS2,INV-000443,SERVICE_PROCUREMENT
1011HG3692386-799-1-1,MS1,INV-000443,SERVICE_PROCUREMENT
1011HG3692386-884-1-1,MS1,INV-000443,SERVICE_PROCUREMENT
1011HG3692386-991-1-1,MS1,INV-000443,SERVICE_PROCUREMENT
1011HG3692386-1029-1-1,MS1,INV-000443,SERVICE_PROCUREMENT
1011HG3692387-510-1-1,MS1,INV-000443,SERVICE_PROCUREMENT
1011HG3692386-1134-1-1,MS1,INV-000443,SERVICE_PROCUREMENT
1011HG3167911-1265-1-1,MS2,INV-000444,SERVICE_PROCUREMENT
1011HG3167911-1265-2-1,MS2,INV-000444,SERVICE_PROCUREMENT
1011HG3167911-1265-3-1,MS2,INV-000444,SERVICE_PROCUREMENT
1011HG3167911-1265-4-1,MS2,INV-000444,SERVICE_PROCUREMENT
1011HG3167911-1265-5-1,MS2,INV-000444,SERVICE_PROCUREMENT
1011HG3167911-1265-6-1,MS2,INV-000444,SERVICE_PROCUREMENT
1011HG3167911-1266-1-1,MS1,INV-000444,SERVICE_PROCUREMENT
1011HG3692386-20-3-1,MS1,INV-000445,SERVICE_PROCUREMENT
1011HG3692386-22-1-1,MS1,INV-000445,SERVICE_PROCUREMENT
1011HG3692386-23-3-1,MS1,INV-000445,SERVICE_PROCUREMENT
1011HG3692386-205-3-1,MS1,INV-000445,SERVICE_PROCUREMENT
1011HG3692386-211-2-1,MS1,INV-000445,SERVICE_PROCUREMENT
1011HG3692386-212-3-1,MS1,INV-000445,SERVICE_PROCUREMENT
1011HG3692386-214-3-1,MS1,INV-000445,SERVICE_PROCUREMENT
1011HG3692386-363-2-1,MS1,INV-000445,SERVICE_PROCUREMENT
1011HG3692386-364-3-1,MS1,INV-000445,SERVICE_PROCUREMENT
1011HG3692386-371-4-1,MS1,INV-000445,SERVICE_PROCUREMENT
1011HG3692386-376-2-1,MS1,INV-000445,SERVICE_PROCUREMENT
1011HG3692386-444-1-1,MS1,INV-000445,SERVICE_PROCUREMENT
1011HG3692386-648-1-1,MS1,INV-000445,SERVICE_PROCUREMENT
1011HG3692386-698-1-1,MS1,INV-000445,SERVICE_PROCUREMENT
1011HG3692386-771-1-1,MS1,INV-000445,SERVICE_PROCUREMENT
1011HG3692386-777-2-1,MS1,INV-000445,SERVICE_PROCUREMENT
1011HG3692386-837-1-1,MS1,INV-000445,SERVICE_PROCUREMENT
1011HG3692386-837-2-1,MS1,INV-000445,SERVICE_PROCUREMENT
1011HG3692386-838-1-1,MS1,INV-000445,SERVICE_PROCUREMENT
1011HG3692386-838-2-1,MS1,INV-000445,SERVICE_PROCUREMENT
1011HG3692386-901-1-1,MS1,INV-000445,SERVICE_PROCUREMENT
1011HG3692386-902-1-1,MS1,INV-000445,SERVICE_PROCUREMENT
1011HG3692386-930-1-1,MS1,INV-000445,SERVICE_PROCUREMENT
1011HG3692386-943-3-1,MS1,INV-000445,SERVICE_PROCUREMENT
1011HG3692386-944-3-1,MS1,INV-000445,SERVICE_PROCUREMENT
1011HG3692386-945-3-1,MS1,INV-000445,SERVICE_PROCUREMENT
1011HG3692386-946-1-1,MS1,INV-000445,SERVICE_PROCUREMENT
1011HG3692386-947-1-1,MS1,INV-000445,SERVICE_PROCUREMENT
1011HG3692386-948-2-1,MS1,INV-000445,SERVICE_PROCUREMENT
1011HG3692386-951-2-1,MS1,INV-000445,SERVICE_PROCUREMENT
1011HG3692386-1023-1-1,MS1,INV-000445,SERVICE_PROCUREMENT
1011HG3692386-1032-2-1,MS1,INV-000445,SERVICE_PROCUREMENT
1011HG3692386-1033-1-1,MS1,INV-000445,SERVICE_PROCUREMENT
1011HG3692386-1034-1-1,MS1,INV-000445,SERVICE_PROCUREMENT
1011HG3692386-1035-1-1,MS1,INV-000445,SERVICE_PROCUREMENT
1011HG3692387-467-1-1,MS1,INV-000445,SERVICE_PROCUREMENT
1011HG3692386-1036-1-1,MS1,INV-000445,SERVICE_PROCUREMENT
1011HG3692386-1037-2-1,MS1,INV-000445,SERVICE_PROCUREMENT
1011HG3692386-1112-4-1,MS1,INV-000445,SERVICE_PROCUREMENT
1011HG3692386-1113-1-1,MS1,INV-000445,SERVICE_PROCUREMENT
1011HG3692386-1114-4-1,MS1,INV-000445,SERVICE_PROCUREMENT
1011HG3692386-1115-2-1,MS1,INV-000445,SERVICE_PROCUREMENT
1011HG3692386-1117-1-1,MS1,INV-000445,SERVICE_PROCUREMENT
1011HG3692386-1118-2-1,MS1,INV-000445,SERVICE_PROCUREMENT
1011HG3692386-1119-1-1,MS1,INV-000445,SERVICE_PROCUREMENT
1011HG3692386-1120-1-1,MS1,INV-000445,SERVICE_PROCUREMENT
1011HG3692386-1142-2-1,MS1,INV-000445,SERVICE_PROCUREMENT
1011HG3692386-1143-1-1,MS1,INV-000445,SERVICE_PROCUREMENT
1011HG3692386-1276-1-1,MS1,INV-000445,SERVICE_PROCUREMENT
1011HG3692386-1276-4-1,MS1,INV-000445,SERVICE_PROCUREMENT
1011HG3692386-1309-1-1,MS1,INV-000445,SERVICE_PROCUREMENT
1011HG3692386-1310-2-1,MS1,INV-000445,SERVICE_PROCUREMENT
1011HG3692386-1311-2-1,MS1,INV-000445,SERVICE_PROCUREMENT
1011HG3692386-1312-1-1,MS1,INV-000445,SERVICE_PROCUREMENT
1011HG3692386-1315-1-1,MS1,INV-000445,SERVICE_PROCUREMENT
1011HG3692386-1316-1-1,MS1,INV-000445,SERVICE_PROCUREMENT
1011HG3167912-210-1-1,MS2,INV-000446,SERVICE_PROCUREMENT
1011HG3167912-210-2-1,MS2,INV-000446,SERVICE_PROCUREMENT
1011HG3167912-210-3-1,MS2,INV-000446,SERVICE_PROCUREMENT
1011HG3167912-248-1-1,MS2,INV-000446,SERVICE_PROCUREMENT
1011HG3068809-2524-1-1,MS1,INV-000446,SERVICE_PROCUREMENT
1011HG3167911-386-1-1,MS2,INV-000446,SERVICE_PROCUREMENT
1011HG3167911-432-1-1,MS2,INV-000446,SERVICE_PROCUREMENT
1011HG3068809-3012-1-1,MS1,INV-000446,SERVICE_PROCUREMENT
1011HG3167911-563-1-1,MS1,INV-000446,SERVICE_PROCUREMENT
1011HG3167911-564-1-1,MS2,INV-000446,SERVICE_PROCUREMENT
1011HG3167911-564-2-1,MS2,INV-000446,SERVICE_PROCUREMENT
1011HG3167911-564-3-1,MS2,INV-000446,SERVICE_PROCUREMENT
1011HG3167911-564-4-1,MS2,INV-000446,SERVICE_PROCUREMENT
1011HG3167911-564-5-1,MS2,INV-000446,SERVICE_PROCUREMENT
1011HG3167911-564-6-1,MS2,INV-000446,SERVICE_PROCUREMENT
1011HG3068809-3146-5-1,MS1,INV-000446,SERVICE_PROCUREMENT
1011HG3068809-3349-1-1,MS1,INV-000446,SERVICE_PROCUREMENT
1011HG3167911-877-1-1,MS2,INV-000446,SERVICE_PROCUREMENT
1011HG3167911-877-2-1,MS2,INV-000446,SERVICE_PROCUREMENT
1011HG3167911-877-3-1,MS2,INV-000446,SERVICE_PROCUREMENT
1011HG3167911-877-4-1,MS2,INV-000446,SERVICE_PROCUREMENT
1011HG3167911-877-5-1,MS2,INV-000446,SERVICE_PROCUREMENT
1011HG3167911-877-6-1,MS2,INV-000446,SERVICE_PROCUREMENT
1011HG3167911-878-1-1,MS1,INV-000446,SERVICE_PROCUREMENT
1011HG3068809-4012-1-1,MS1,INV-000446,SERVICE_PROCUREMENT
1011HG3068809-4012-2-1,MS1,INV-000446,SERVICE_PROCUREMENT
1011HG3068809-4024-1-1,MS1,INV-000446,SERVICE_PROCUREMENT
1011HG3068809-4064-1-1,MS1,INV-000446,SERVICE_PROCUREMENT
1011HG3068809-4064-3-1,MS1,INV-000446,SERVICE_PROCUREMENT
1011HG3068809-4200-2-1,MS1,INV-000446,SERVICE_PROCUREMENT
1011HG3068809-4269-1-1,MS1,INV-000446,SERVICE_PROCUREMENT
1011HG3068809-4271-1-1,MS1,INV-000446,SERVICE_PROCUREMENT
1011HG3068809-4281-1-1,MS1,INV-000446,SERVICE_PROCUREMENT
1011HG3068809-4281-2-1,MS1,INV-000446,SERVICE_PROCUREMENT
1011HG3068809-4336-3-1,MS1,INV-000446,SERVICE_PROCUREMENT
1011HG3692386-20-2-1,MS1,INV-000447,SERVICE_PROCUREMENT
1011HG3692386-22-3-1,MS1,INV-000447,SERVICE_PROCUREMENT
1011HG3692386-23-2-1,MS1,INV-000447,SERVICE_PROCUREMENT
1011HG3692387-2-1-1,MS1,INV-000447,SERVICE_PROCUREMENT
1011HG3692387-2-2-1,MS1,INV-000447,SERVICE_PROCUREMENT
1011HG3692387-2-3-1,MS1,INV-000447,SERVICE_PROCUREMENT
1011HG3692387-4-3-1,MS1,INV-000447,SERVICE_PROCUREMENT
1011HG3692386-182-1-1,MS1,INV-000447,SERVICE_PROCUREMENT
1011HG3692386-182-2-1,MS1,INV-000447,SERVICE_PROCUREMENT
1011HG3692386-182-6-1,MS1,INV-000447,SERVICE_PROCUREMENT
1011HG3692386-182-7-1,MS1,INV-000447,SERVICE_PROCUREMENT
1011HG3692386-186-1-1,MS1,INV-000447,SERVICE_PROCUREMENT
1011HG3692386-188-2-1,MS1,INV-000447,SERVICE_PROCUREMENT
1011HG3692386-187-1-1,MS1,INV-000447,SERVICE_PROCUREMENT
1011HG3692386-187-2-1,MS1,INV-000447,SERVICE_PROCUREMENT
1011HG3692386-189-2-1,MS1,INV-000447,SERVICE_PROCUREMENT
1011HG3692386-189-3-1,MS1,INV-000447,SERVICE_PROCUREMENT
1011HG3692386-189-4-1,MS1,INV-000447,SERVICE_PROCUREMENT
1011HG3692386-205-4-1,MS1,INV-000447,SERVICE_PROCUREMENT
1011HG3692386-211-3-1,MS1,INV-000447,SERVICE_PROCUREMENT
1011HG3692386-212-2-1,MS1,INV-000447,SERVICE_PROCUREMENT
1011HG3692386-237-1-1,MS1,INV-000447,SERVICE_PROCUREMENT
1011HG3692386-238-1-1,MS1,INV-000447,SERVICE_PROCUREMENT
1011HG3692386-239-1-1,MS1,INV-000447,SERVICE_PROCUREMENT
1011HG3692386-281-2-1,MS1,INV-000447,SERVICE_PROCUREMENT
1011HG3692386-363-4-1,MS1,INV-000447,SERVICE_PROCUREMENT
1011HG3692386-364-1-1,MS1,INV-000447,SERVICE_PROCUREMENT
1011HG3692386-371-2-1,MS1,INV-000447,SERVICE_PROCUREMENT
1011HG3692386-376-4-1,MS1,INV-000447,SERVICE_PROCUREMENT
1011HG3692386-388-1-1,MS1,INV-000447,SERVICE_PROCUREMENT
1011HG3692386-388-2-1,MS1,INV-000447,SERVICE_PROCUREMENT
1011HG3692386-424-1-1,MS1,INV-000447,SERVICE_PROCUREMENT
1011HG3692386-427-1-1,MS2,INV-000447,SERVICE_PROCUREMENT
1011HG3692386-428-1-1,MS1,INV-000447,SERVICE_PROCUREMENT
1011HG3692386-429-1-1,MS1,INV-000447,SERVICE_PROCUREMENT
1011HG3692386-430-1-1,MS2,INV-000447,SERVICE_PROCUREMENT
1011HG3692387-193-1-1,MS1,INV-000447,SERVICE_PROCUREMENT
1011HG3692387-194-1-1,MS1,INV-000447,SERVICE_PROCUREMENT
1011HG3692387-195-1-1,MS1,INV-000447,SERVICE_PROCUREMENT
1011HG3692387-196-1-1,MS1,INV-000447,SERVICE_PROCUREMENT
1011HG3692386-498-1-1,MS1,INV-000447,SERVICE_PROCUREMENT
1011HG3692386-499-1-1,MS2,INV-000447,SERVICE_PROCUREMENT
1011HG3692386-502-1-1,MS2,INV-000447,SERVICE_PROCUREMENT
1011HG3692386-502-2-1,MS2,INV-000447,SERVICE_PROCUREMENT
1011HG3692386-503-1-1,MS1,INV-000447,SERVICE_PROCUREMENT
1011HG3692386-506-1-1,MS1,INV-000447,SERVICE_PROCUREMENT
1011HG3692387-264-1-1,MS1,INV-000447,SERVICE_PROCUREMENT
1011HG3692387-265-1-1,MS1,INV-000447,SERVICE_PROCUREMENT
1011HG3692386-597-4-1,MS1,INV-000447,SERVICE_PROCUREMENT
1011HG3692386-686-1-1,MS1,INV-000447,SERVICE_PROCUREMENT
1011HG3692387-297-2-1,MS1,INV-000447,SERVICE_PROCUREMENT
1011HG3692387-298-1-1,MS1,INV-000447,SERVICE_PROCUREMENT
1011HG3692387-298-4-1,MS1,INV-000447,SERVICE_PROCUREMENT
1011HG3692387-300-4-1,MS1,INV-000447,SERVICE_PROCUREMENT
1011HG3692387-301-1-1,MS1,INV-000447,SERVICE_PROCUREMENT
1011HG3692386-687-2-1,MS1,INV-000447,SERVICE_PROCUREMENT
1011HG3692387-302-3-1,MS1,INV-000447,SERVICE_PROCUREMENT
1011HG3692386-718-1-1,MS1,INV-000447,SERVICE_PROCUREMENT
1011HG3692387-354-1-1,MS1,INV-000447,SERVICE_PROCUREMENT
1011HG3692387-365-3-1,MS1,INV-000447,SERVICE_PROCUREMENT
1011HG3692387-365-4-1,MS1,INV-000447,SERVICE_PROCUREMENT
1011HG3692386-777-1-1,MS1,INV-000447,SERVICE_PROCUREMENT
1011HG3692386-777-3-1,MS1,INV-000447,SERVICE_PROCUREMENT
1011HG3692387-398-1-1,MS1,INV-000447,SERVICE_PROCUREMENT
1011HG3692387-399-1-1,MS1,INV-000447,SERVICE_PROCUREMENT
1011HG3692387-403-3-1,MS1,INV-000447,SERVICE_PROCUREMENT
1011HG3692387-411-1-1,MS1,INV-000447,SERVICE_PROCUREMENT
1011HG3692386-874-1-1,MS1,INV-000447,SERVICE_PROCUREMENT
1011HG3692386-874-2-1,MS1,INV-000447,SERVICE_PROCUREMENT
1011HG3692386-875-2-1,MS1,INV-000447,SERVICE_PROCUREMENT
1011HG3692386-876-1-1,MS1,INV-000447,SERVICE_PROCUREMENT
1011HG3692386-876-2-1,MS1,INV-000447,SERVICE_PROCUREMENT
1011HG3692386-877-1-1,MS1,INV-000447,SERVICE_PROCUREMENT
1011HG3692386-877-2-1,MS1,INV-000447,SERVICE_PROCUREMENT
1011HG3692386-912-1-1,MS1,INV-000447,SERVICE_PROCUREMENT
1011HG3692386-913-1-1,MS1,INV-000447,SERVICE_PROCUREMENT
1011HG3692386-913-2-1,MS1,INV-000447,SERVICE_PROCUREMENT
1011HG3692386-914-1-1,MS1,INV-000447,SERVICE_PROCUREMENT
1011HG3692386-914-2-1,MS1,INV-000447,SERVICE_PROCUREMENT
1011HG3692386-943-2-1,MS1,INV-000447,SERVICE_PROCUREMENT
1011HG3692386-944-2-1,MS1,INV-000447,SERVICE_PROCUREMENT
1011HG3692386-945-4-1,MS1,INV-000447,SERVICE_PROCUREMENT
1011HG3692386-946-2-1,MS1,INV-000447,SERVICE_PROCUREMENT
1011HG3692386-947-2-1,MS1,INV-000447,SERVICE_PROCUREMENT
1011HG3692386-948-1-1,MS1,INV-000447,SERVICE_PROCUREMENT
1011HG3692386-951-1-1,MS1,INV-000447,SERVICE_PROCUREMENT
1011HG3692387-438-1-1,MS1,INV-000447,SERVICE_PROCUREMENT
1011HG3692387-439-1-1,MS1,INV-000447,SERVICE_PROCUREMENT
1011HG3692386-1032-1-1,MS1,INV-000447,SERVICE_PROCUREMENT
1011HG3692386-1033-2-1,MS1,INV-000447,SERVICE_PROCUREMENT
1011HG3692386-1034-2-1,MS1,INV-000447,SERVICE_PROCUREMENT
1011HG3692386-1035-2-1,MS1,INV-000447,SERVICE_PROCUREMENT
1011HG3692386-1036-2-1,MS1,INV-000447,SERVICE_PROCUREMENT
1011HG3692386-1037-1-1,MS1,INV-000447,SERVICE_PROCUREMENT
1011HG3692386-1059-1-1,MS1,INV-000447,SERVICE_PROCUREMENT
1011HG3692387-476-1-1,MS1,INV-000447,SERVICE_PROCUREMENT
1011HG3692387-477-1-1,MS1,INV-000447,SERVICE_PROCUREMENT
1011HG3692387-478-1-1,MS1,INV-000447,SERVICE_PROCUREMENT
1011HG3692387-479-1-1,MS1,INV-000447,SERVICE_PROCUREMENT
1011HG3692386-1112-1-1,MS1,INV-000447,SERVICE_PROCUREMENT
1011HG3692386-1113-2-1,MS1,INV-000447,SERVICE_PROCUREMENT
1011HG3692386-1114-3-1,MS1,INV-000447,SERVICE_PROCUREMENT
1011HG3692386-1115-1-1,MS1,INV-000447,SERVICE_PROCUREMENT
1011HG3692386-1117-3-1,MS1,INV-000447,SERVICE_PROCUREMENT
1011HG3692386-1118-4-1,MS1,INV-000447,SERVICE_PROCUREMENT
1011HG3692386-1119-4-1,MS1,INV-000447,SERVICE_PROCUREMENT
1011HG3692386-1120-4-1,MS1,INV-000447,SERVICE_PROCUREMENT
1011HG3692386-1139-1-1,MS1,INV-000447,SERVICE_PROCUREMENT
1011HG3692386-1140-1-1,MS1,INV-000447,SERVICE_PROCUREMENT
1011HG3692386-1142-1-1,MS1,INV-000447,SERVICE_PROCUREMENT
1011HG3692386-1142-3-1,MS1,INV-000447,SERVICE_PROCUREMENT
1011HG3692386-1143-2-1,MS1,INV-000447,SERVICE_PROCUREMENT
1011HG3692386-1143-3-1,MS1,INV-000447,SERVICE_PROCUREMENT
1011HG3692386-1182-1-1,MS1,INV-000447,SERVICE_PROCUREMENT
1011HG3692387-520-1-1,MS1,INV-000447,SERVICE_PROCUREMENT
1011HG3692387-521-1-1,MS1,INV-000447,SERVICE_PROCUREMENT
1011HG3692386-1185-1-1,MS1,INV-000447,SERVICE_PROCUREMENT
1011HG3692386-1187-1-1,MS1,INV-000447,SERVICE_PROCUREMENT
1011HG3692386-1188-1-1,MS1,INV-000447,SERVICE_PROCUREMENT
1011HG3692386-1195-1-1,MS1,INV-000447,SERVICE_PROCUREMENT
1011HG3692386-1197-1-1,MS1,INV-000447,SERVICE_PROCUREMENT
1011HG3692386-1198-1-1,MS1,INV-000447,SERVICE_PROCUREMENT
1011HG3692386-1200-1-1,MS1,INV-000447,SERVICE_PROCUREMENT
1011HG3692386-1206-1-1,MS1,INV-000447,SERVICE_PROCUREMENT
1011HG3692386-1208-1-1,MS1,INV-000447,SERVICE_PROCUREMENT
1011HG3692386-1210-1-1,MS1,INV-000447,SERVICE_PROCUREMENT
1011HG3692386-1212-1-1,MS1,INV-000447,SERVICE_PROCUREMENT
1011HG3692386-1213-1-1,MS1,INV-000447,SERVICE_PROCUREMENT
1011HG3692387-532-1-1,MS1,INV-000447,SERVICE_PROCUREMENT
1011HG3692386-1231-1-1,MS1,INV-000447,SERVICE_PROCUREMENT
1011HG3692386-1232-1-1,MS1,INV-000447,SERVICE_PROCUREMENT
1011HG3692386-1240-1-1,MS1,INV-000447,SERVICE_PROCUREMENT
1011HG3692386-1241-1-1,MS1,INV-000447,SERVICE_PROCUREMENT
1011HG3692386-1250-1-1,MS1,INV-000447,SERVICE_PROCUREMENT
1011HG3692386-1251-1-1,MS1,INV-000447,SERVICE_PROCUREMENT
1011HG3692386-1252-1-1,MS1,INV-000447,SERVICE_PROCUREMENT
1011HG3692386-1255-1-1,MS1,INV-000447,SERVICE_PROCUREMENT
1011HG3692386-1256-1-1,MS1,INV-000447,SERVICE_PROCUREMENT
1011HG3692386-1257-1-1,MS1,INV-000447,SERVICE_PROCUREMENT
1011HG3692387-543-1-1,MS1,INV-000447,SERVICE_PROCUREMENT
1011HG3692387-552-1-1,MS1,INV-000447,SERVICE_PROCUREMENT
1011HG3692387-555-1-1,MS1,INV-000447,SERVICE_PROCUREMENT
1011HG3692387-556-1-1,MS1,INV-000447,SERVICE_PROCUREMENT
1011HG3692386-1263-1-1,MS1,INV-000447,SERVICE_PROCUREMENT
1011HG3692386-1274-1-1,MS1,INV-000447,SERVICE_PROCUREMENT
1011HG3692386-1276-2-1,MS1,INV-000447,SERVICE_PROCUREMENT
1011HG3692386-1276-3-1,MS1,INV-000447,SERVICE_PROCUREMENT
1011HG3692386-1309-2-1,MS1,INV-000447,SERVICE_PROCUREMENT
1011HG3692386-1309-3-1,MS1,INV-000447,SERVICE_PROCUREMENT
1011HG3692386-1310-1-1,MS1,INV-000447,SERVICE_PROCUREMENT
1011HG3692386-1310-3-1,MS1,INV-000447,SERVICE_PROCUREMENT
1011HG3692386-1311-1-1,MS1,INV-000447,SERVICE_PROCUREMENT
1011HG3692386-1311-3-1,MS1,INV-000447,SERVICE_PROCUREMENT
1011HG3692386-1312-2-1,MS1,INV-000447,SERVICE_PROCUREMENT
1011HG3692386-1312-3-1,MS1,INV-000447,SERVICE_PROCUREMENT
1011HG3692386-1318-1-1,MS1,INV-000447,SERVICE_PROCUREMENT
1011HG3692386-1318-2-1,MS1,INV-000447,SERVICE_PROCUREMENT
1011HG3692386-1323-1-1,MS1,INV-000447,SERVICE_PROCUREMENT
1011HG3692386-1365-1-1,MS1,INV-000447,SERVICE_PROCUREMENT
1011HG3692386-1366-1-1,MS1,INV-000447,SERVICE_PROCUREMENT
1011HG3692386-1367-1-1,MS1,INV-000447,SERVICE_PROCUREMENT
1011HG3692386-1368-1-1,MS1,INV-000447,SERVICE_PROCUREMENT
1011HG3692386-1376-1-1,MS1,INV-000447,SERVICE_PROCUREMENT
1011HG3692386-1377-1-1,MS1,INV-000447,SERVICE_PROCUREMENT
1011HG3692386-1378-1-1,MS1,INV-000447,SERVICE_PROCUREMENT
1011HG3692386-1409-1-1,MS1,INV-000447,SERVICE_PROCUREMENT
1011HG3167912-22-1-1,MS2,INV-000448,SERVICE_PROCUREMENT
1011HG3167912-22-2-1,MS2,INV-000448,SERVICE_PROCUREMENT
1011HG3167912-22-3-1,MS2,INV-000448,SERVICE_PROCUREMENT
1011HG3167912-22-4-1,MS2,INV-000448,SERVICE_PROCUREMENT
1011HG3167912-22-5-1,MS2,INV-000448,SERVICE_PROCUREMENT
1011HG3167912-23-1-1,MS1,INV-000448,SERVICE_PROCUREMENT
1011HG3068810-804-3-1,MS1,INV-000448,SERVICE_PROCUREMENT
1011HG3167911-208-1-1,MS1,INV-000448,SERVICE_PROCUREMENT
1011HG3167911-226-1-1,MS1,INV-000448,SERVICE_PROCUREMENT
1011HG3167912-294-1-1,MS1,INV-000448,SERVICE_PROCUREMENT
1011HG3167912-295-1-1,MS1,INV-000448,SERVICE_PROCUREMENT
1011HG3167911-246-1-1,MS1,INV-000448,SERVICE_PROCUREMENT
1011HG3068809-2472-2-1,MS1,INV-000448,SERVICE_PROCUREMENT
1011HG3068809-2522-1-1,MS1,INV-000448,SERVICE_PROCUREMENT
1011HG3068809-2721-1-1,MS1,INV-000448,SERVICE_PROCUREMENT
1011HG3068809-2991-2-1,MS1,INV-000448,SERVICE_PROCUREMENT
1011HG3068809-2992-2-1,MS1,INV-000448,SERVICE_PROCUREMENT
1011HG3167911-507-1-1,MS2,INV-000448,SERVICE_PROCUREMENT
1011HG3167911-508-1-1,MS2,INV-000448,SERVICE_PROCUREMENT
1011HG3068809-3084-4-1,MS1,INV-000448,SERVICE_PROCUREMENT
1011HG3167911-615-1-1,MS2,INV-000448,SERVICE_PROCUREMENT
1011HG3167911-615-2-1,MS2,INV-000448,SERVICE_PROCUREMENT
1011HG3167911-615-3-1,MS2,INV-000448,SERVICE_PROCUREMENT
1011HG3167911-615-4-1,MS2,INV-000448,SERVICE_PROCUREMENT
1011HG3167912-440-1-1,MS1,INV-000448,SERVICE_PROCUREMENT
1011HG3068809-3162-1-1,MS1,INV-000448,SERVICE_PROCUREMENT
1011HG3068809-3163-1-1,MS1,INV-000448,SERVICE_PROCUREMENT
1011HG3068809-3165-1-1,MS1,INV-000448,SERVICE_PROCUREMENT
1011HG3068809-3166-2-1,MS1,INV-000448,SERVICE_PROCUREMENT
1011HG3068809-3167-2-1,MS1,INV-000448,SERVICE_PROCUREMENT
1011HG3068809-3168-2-1,MS1,INV-000448,SERVICE_PROCUREMENT
1011HG3068809-3169-1-1,MS1,INV-000448,SERVICE_PROCUREMENT
1011HG3068809-3170-2-1,MS1,INV-000448,SERVICE_PROCUREMENT
1011HG3068809-3172-1-1,MS1,INV-000448,SERVICE_PROCUREMENT
1011HG3068809-3196-1-1,MS1,INV-000448,SERVICE_PROCUREMENT
1011HG3068809-3214-2-1,MS1,INV-000448,SERVICE_PROCUREMENT
1011HG3068809-3215-2-1,MS1,INV-000448,SERVICE_PROCUREMENT
1011HG3068809-3216-1-1,MS1,INV-000448,SERVICE_PROCUREMENT
1011HG3068809-3217-2-1,MS1,INV-000448,SERVICE_PROCUREMENT
1011HG3068809-3220-1-1,MS1,INV-000448,SERVICE_PROCUREMENT
1011HG3068809-3221-1-1,MS1,INV-000448,SERVICE_PROCUREMENT
1011HG3068809-3246-1-1,MS1,INV-000448,SERVICE_PROCUREMENT
1011HG3068809-3247-1-1,MS1,INV-000448,SERVICE_PROCUREMENT
1011HG3068809-3248-2-1,MS1,INV-000448,SERVICE_PROCUREMENT
1011HG3068809-3250-1-1,MS1,INV-000448,SERVICE_PROCUREMENT
1011HG3068809-3251-1-1,MS1,INV-000448,SERVICE_PROCUREMENT
1011HG3068809-3252-2-1,MS1,INV-000448,SERVICE_PROCUREMENT
1011HG3068809-3253-1-1,MS1,INV-000448,SERVICE_PROCUREMENT
1011HG3068809-3255-1-1,MS1,INV-000448,SERVICE_PROCUREMENT
1011HG3068809-3261-1-1,MS1,INV-000448,SERVICE_PROCUREMENT
1011HG3068809-3262-1-1,MS1,INV-000448,SERVICE_PROCUREMENT
1011HG3068809-3286-3-1,MS1,INV-000448,SERVICE_PROCUREMENT
1011HG3068809-3286-5-1,MS1,INV-000448,SERVICE_PROCUREMENT
1011HG3068809-3287-4-1,MS1,INV-000448,SERVICE_PROCUREMENT
1011HG3068809-3287-5-1,MS1,INV-000448,SERVICE_PROCUREMENT
1011HG3068809-3293-1-1,MS1,INV-000448,SERVICE_PROCUREMENT
1011HG3068809-3295-1-1,MS1,INV-000448,SERVICE_PROCUREMENT
1011HG3068809-3297-2-1,MS1,INV-000448,SERVICE_PROCUREMENT
1011HG3068809-3298-2-1,MS1,INV-000448,SERVICE_PROCUREMENT
1011HG3068809-3307-2-1,MS1,INV-000448,SERVICE_PROCUREMENT
1011HG3068809-3307-5-1,MS1,INV-000448,SERVICE_PROCUREMENT
1011HG3167912-448-1-1,MS1,INV-000448,SERVICE_PROCUREMENT
1011HG3167911-998-1-1,MS1,INV-000448,SERVICE_PROCUREMENT
1011HG3068809-3611-2-1,MS1,INV-000448,SERVICE_PROCUREMENT
1011HG3068809-3624-1-1,MS1,INV-000448,SERVICE_PROCUREMENT
1011HG3068809-3813-2-1,MS1,INV-000448,SERVICE_PROCUREMENT
1011HG3068809-3879-1-1,MS1,INV-000448,SERVICE_PROCUREMENT
1011HG3167911-1106-1-1,MS2,INV-000448,SERVICE_PROCUREMENT
1011HG3167911-1106-2-1,MS2,INV-000448,SERVICE_PROCUREMENT
1011HG3167911-1106-3-1,MS2,INV-000448,SERVICE_PROCUREMENT
1011HG3167911-1106-4-1,MS2,INV-000448,SERVICE_PROCUREMENT
1011HG3167911-1106-5-1,MS2,INV-000448,SERVICE_PROCUREMENT
1011HG3167911-1106-6-1,MS2,INV-000448,SERVICE_PROCUREMENT
1011HG3167911-1107-1-1,MS1,INV-000448,SERVICE_PROCUREMENT
1011HG3068810-1297-1-1,MS1,INV-000448,SERVICE_PROCUREMENT
1011HG3068809-3974-5-1,MS1,INV-000448,SERVICE_PROCUREMENT
1011HG3068809-3975-5-1,MS1,INV-000448,SERVICE_PROCUREMENT
1011HG3068810-1350-1-1,MS1,INV-000448,SERVICE_PROCUREMENT
1011HG3068809-4110-1-1,MS1,INV-000448,SERVICE_PROCUREMENT
1011HG3068810-1387-2-1,MS1,INV-000448,SERVICE_PROCUREMENT
1011HG3068810-1387-5-1,MS1,INV-000448,SERVICE_PROCUREMENT
1011HG3068810-1388-3-1,MS1,INV-000448,SERVICE_PROCUREMENT
1011HG3068809-4141-1-1,MS1,INV-000448,SERVICE_PROCUREMENT
1011HG3068809-4200-3-1,MS1,INV-000448,SERVICE_PROCUREMENT
1011HG3068809-4201-3-1,MS1,INV-000448,SERVICE_PROCUREMENT
1011HG3167911-1345-1-1,MS1,INV-000448,SERVICE_PROCUREMENT
1011HG3167911-1346-1-1,MS1,INV-000448,SERVICE_PROCUREMENT
1011HG3167911-1352-1-1,MS1,INV-000448,SERVICE_PROCUREMENT
1011HG3167911-1354-1-1,MS1,INV-000448,SERVICE_PROCUREMENT
1011HG3167911-1355-1-1,MS1,INV-000448,SERVICE_PROCUREMENT
1011HG3167911-1368-1-1,MS1,INV-000448,SERVICE_PROCUREMENT
1011HG3167911-1375-1-1,MS1,INV-000448,SERVICE_PROCUREMENT
1011HG3167911-1381-1-1,MS1,INV-000448,SERVICE_PROCUREMENT
1011HG3167911-1383-1-1,MS1,INV-000448,SERVICE_PROCUREMENT
1011HG3167911-1390-1-1,MS1,INV-000448,SERVICE_PROCUREMENT
1011HG3167911-1394-1-1,MS1,INV-000448,SERVICE_PROCUREMENT
1011HG3167911-1403-1-1,MS1,INV-000448,SERVICE_PROCUREMENT
1011HG3167911-1411-1-1,MS1,INV-000448,SERVICE_PROCUREMENT
1011HG3167911-1413-1-1,MS1,INV-000448,SERVICE_PROCUREMENT
1011HG3167911-1415-1-1,MS1,INV-000448,SERVICE_PROCUREMENT
1011HG3068809-4279-2-1,MS1,INV-000448,SERVICE_PROCUREMENT
1011HG3068809-4283-2-1,MS1,INV-000448,SERVICE_PROCUREMENT
1011HG3068809-4284-1-1,MS1,INV-000448,SERVICE_PROCUREMENT
1011HG3068809-4317-2-1,MS1,INV-000448,SERVICE_PROCUREMENT
1011HG3068809-4325-1-1,MS1,INV-000448,SERVICE_PROCUREMENT
1011HG3068809-4336-1-1,MS1,INV-000448,SERVICE_PROCUREMENT
1011HG3692386-15-1-1,MS1,INV-000449,SERVICE_PROCUREMENT
1011HG3692386-18-2-1,MS1,INV-000449,SERVICE_PROCUREMENT
1011HG3692386-161-2-1,MS1,INV-000449,SERVICE_PROCUREMENT
1011HG3692386-330-1-1,MS1,INV-000449,SERVICE_PROCUREMENT
1011HG3692386-330-2-1,MS1,INV-000449,SERVICE_PROCUREMENT
1011HG3692386-329-1-1,MS1,INV-000449,SERVICE_PROCUREMENT
1011HG3692386-437-1-1,MS1,INV-000449,SERVICE_PROCUREMENT
1011HG3692386-452-2-1,MS1,INV-000449,SERVICE_PROCUREMENT
1011HG3692386-476-1-1,MS1,INV-000449,SERVICE_PROCUREMENT
1011HG3692386-476-2-1,MS1,INV-000449,SERVICE_PROCUREMENT
1011HG3692386-480-1-1,MS1,INV-000449,SERVICE_PROCUREMENT
1011HG3692386-677-2-1,MS1,INV-000449,SERVICE_PROCUREMENT
1011HG3692386-678-1-1,MS1,INV-000449,SERVICE_PROCUREMENT
1011HG3692386-703-1-1,MS1,INV-000449,SERVICE_PROCUREMENT
1011HG3692386-704-1-1,MS1,INV-000449,SERVICE_PROCUREMENT
1011HG3692386-835-1-1,MS1,INV-000449,SERVICE_PROCUREMENT
1011HG3692386-863-2-1,MS1,INV-000449,SERVICE_PROCUREMENT
1011HG3692386-864-1-1,MS1,INV-000449,SERVICE_PROCUREMENT
1011HG3692386-977-1-1,MS1,INV-000449,SERVICE_PROCUREMENT
1011HG3692387-511-1-1,MS1,INV-000449,SERVICE_PROCUREMENT
1011HG3692386-1301-1-1,MS1,INV-000449,SERVICE_PROCUREMENT
1011HG3068809-2545-1-1,MS1,INV-000450,SERVICE_PROCUREMENT
1011HG3068809-2553-2-1,MS1,INV-000450,SERVICE_PROCUREMENT
1011HG3068809-2558-3-1,MS1,INV-000450,SERVICE_PROCUREMENT
1011HG3068809-2558-4-1,MS1,INV-000450,SERVICE_PROCUREMENT
1011HG3167911-1442-1-1,MS1,INV-000450,SERVICE_PROCUREMENT
1011HG3167911-1442-2-1,MS1,INV-000450,SERVICE_PROCUREMENT
1011HG3167911-1442-3-1,MS1,INV-000450,SERVICE_PROCUREMENT
1011HG3167911-1442-4-1,MS1,INV-000450,SERVICE_PROCUREMENT
1011HG3167911-1442-5-1,MS1,INV-000450,SERVICE_PROCUREMENT
1011HG3167911-1442-6-1,MS1,INV-000450,SERVICE_PROCUREMENT
1011HG3068809-4344-1-1,MS1,INV-000450,SERVICE_PROCUREMENT
1011HG3692386-61-1-1,MS1,INV-000451,SERVICE_PROCUREMENT
1011HG3692386-61-2-1,MS1,INV-000451,SERVICE_PROCUREMENT
1011HG3692386-214-4-1,MS1,INV-000451,SERVICE_PROCUREMENT
1011HG3692386-251-1-1,MS1,INV-000451,SERVICE_PROCUREMENT
1011HG3692386-253-1-1,MS2,INV-000451,SERVICE_PROCUREMENT
1011HG3692386-250-1-1,MS2,INV-000451,SERVICE_PROCUREMENT
1011HG3692386-252-1-1,MS1,INV-000451,SERVICE_PROCUREMENT
1011HG3692386-328-1-1,MS1,INV-000451,SERVICE_PROCUREMENT
1011HG3692386-328-2-1,MS1,INV-000451,SERVICE_PROCUREMENT
1011HG3692386-351-1-1,MS1,INV-000451,SERVICE_PROCUREMENT
1011HG3692386-370-2-1,MS1,INV-000451,SERVICE_PROCUREMENT
1011HG3692386-382-3-1,MS1,INV-000451,SERVICE_PROCUREMENT
1011HG3692386-383-2-1,MS1,INV-000451,SERVICE_PROCUREMENT
1011HG3692386-415-1-1,MS1,INV-000451,SERVICE_PROCUREMENT
1011HG3692386-416-1-1,MS1,INV-000451,SERVICE_PROCUREMENT
1011HG3692386-472-1-1,MS1,INV-000451,SERVICE_PROCUREMENT
1011HG3692387-229-2-1,MS1,INV-000451,SERVICE_PROCUREMENT
1011HG3692386-511-1-1,MS1,INV-000451,SERVICE_PROCUREMENT
1011HG3692386-511-2-1,MS1,INV-000451,SERVICE_PROCUREMENT
1011HG3692386-512-1-1,MS1,INV-000451,SERVICE_PROCUREMENT
1011HG3692386-512-2-1,MS1,INV-000451,SERVICE_PROCUREMENT
1011HG3692386-535-2-1,MS1,INV-000451,SERVICE_PROCUREMENT
1011HG3692387-236-1-1,MS1,INV-000451,SERVICE_PROCUREMENT
1011HG3692386-682-1-1,MS1,INV-000451,SERVICE_PROCUREMENT
1011HG3692387-315-2-1,MS1,INV-000451,SERVICE_PROCUREMENT
1011HG3692387-316-1-1,MS1,INV-000451,SERVICE_PROCUREMENT
1011HG3692387-317-2-1,MS1,INV-000451,SERVICE_PROCUREMENT
1011HG3692386-732-2-1,MS1,INV-000451,SERVICE_PROCUREMENT
1011HG3692387-355-2-1,MS1,INV-000451,SERVICE_PROCUREMENT
1011HG3692386-766-2-1,MS1,INV-000451,SERVICE_PROCUREMENT
1011HG3692386-767-1-1,MS1,INV-000451,SERVICE_PROCUREMENT
1011HG3692386-787-2-1,MS1,INV-000451,SERVICE_PROCUREMENT
1011HG3692386-794-1-1,MS1,INV-000451,SERVICE_PROCUREMENT
1011HG3692386-795-1-1,MS1,INV-000451,SERVICE_PROCUREMENT
1011HG3692386-823-1-1,MS1,INV-000451,SERVICE_PROCUREMENT
1011HG3692386-830-1-1,MS1,INV-000451,SERVICE_PROCUREMENT
1011HG3692386-831-1-1,MS1,INV-000451,SERVICE_PROCUREMENT
1011HG3692386-900-1-1,MS1,INV-000451,SERVICE_PROCUREMENT
1011HG3692386-908-1-1,MS1,INV-000451,SERVICE_PROCUREMENT
1011HG3692386-908-2-1,MS1,INV-000451,SERVICE_PROCUREMENT
1011HG3692386-909-1-1,MS1,INV-000451,SERVICE_PROCUREMENT
1011HG3692386-933-1-1,MS1,INV-000451,SERVICE_PROCUREMENT
1011HG3692387-421-1-1,MS1,INV-000451,SERVICE_PROCUREMENT
1011HG3692387-422-1-1,MS1,INV-000451,SERVICE_PROCUREMENT
1011HG3692387-423-1-1,MS1,INV-000451,SERVICE_PROCUREMENT
1011HG3692387-424-1-1,MS1,INV-000451,SERVICE_PROCUREMENT
1011HG3692387-425-1-1,MS1,INV-000451,SERVICE_PROCUREMENT
1011HG3692387-440-1-1,MS1,INV-000451,SERVICE_PROCUREMENT
1011HG3692387-455-1-1,MS1,INV-000451,SERVICE_PROCUREMENT
1011HG3692387-456-1-1,MS1,INV-000451,SERVICE_PROCUREMENT
1011HG3692386-1014-1-1,MS1,INV-000451,SERVICE_PROCUREMENT
1011HG3692386-1017-1-1,MS1,INV-000451,SERVICE_PROCUREMENT
1011HG3692387-459-1-1,MS1,INV-000451,SERVICE_PROCUREMENT
1011HG3692387-459-3-1,MS1,INV-000451,SERVICE_PROCUREMENT
1011HG3692387-460-1-1,MS1,INV-000451,SERVICE_PROCUREMENT
1011HG3692387-460-3-1,MS1,INV-000451,SERVICE_PROCUREMENT
1011HG3692387-461-1-1,MS1,INV-000451,SERVICE_PROCUREMENT
1011HG3692387-461-3-1,MS1,INV-000451,SERVICE_PROCUREMENT
1011HG3692387-462-1-1,MS1,INV-000451,SERVICE_PROCUREMENT
1011HG3692387-462-3-1,MS1,INV-000451,SERVICE_PROCUREMENT
1011HG3692386-1025-1-1,MS1,INV-000451,SERVICE_PROCUREMENT
1011HG3692386-1025-2-1,MS1,INV-000451,SERVICE_PROCUREMENT
1011HG3692386-1025-3-1,MS1,INV-000451,SERVICE_PROCUREMENT
1011HG3692386-1026-1-1,MS1,INV-000451,SERVICE_PROCUREMENT
1011HG3692386-1039-1-1,MS1,INV-000451,SERVICE_PROCUREMENT
1011HG3692386-1084-1-1,MS1,INV-000451,SERVICE_PROCUREMENT
1011HG3692386-1085-1-1,MS1,INV-000451,SERVICE_PROCUREMENT
1011HG3692386-1132-3-1,MS1,INV-000451,SERVICE_PROCUREMENT
1011HG3692386-1177-1-1,MS1,INV-000451,SERVICE_PROCUREMENT
1011HG3692386-1179-1-1,MS1,INV-000451,SERVICE_PROCUREMENT
1011HG3692386-1180-1-1,MS1,INV-000451,SERVICE_PROCUREMENT
1011HG3692386-1279-1-1,MS1,INV-000451,SERVICE_PROCUREMENT
1011HG3692386-1298-1-1,MS1,INV-000451,SERVICE_PROCUREMENT
1011HG3692386-1306-1-1,MS1,INV-000451,SERVICE_PROCUREMENT
1011HG3692386-1306-4-1,MS1,INV-000451,SERVICE_PROCUREMENT
1011HG3692386-1307-1-1,MS1,INV-000451,SERVICE_PROCUREMENT
1011HG3692386-1308-1-1,MS1,INV-000451,SERVICE_PROCUREMENT
1011HG3692386-1322-1-1,MS1,INV-000451,SERVICE_PROCUREMENT
1011HG3692386-1336-1-1,MS1,INV-000451,SERVICE_PROCUREMENT
1011HG3692386-1337-1-1,MS1,INV-000451,SERVICE_PROCUREMENT
1011HG3692386-1342-1-1,MS1,INV-000451,SERVICE_PROCUREMENT
1011HG3692387-638-1-1,MS1,INV-000451,SERVICE_PROCUREMENT
1011HG3692387-640-1-1,MS1,INV-000451,SERVICE_PROCUREMENT
1011HG3692387-643-1-1,MS1,INV-000451,SERVICE_PROCUREMENT
1011HG3692386-1349-1-1,MS1,INV-000451,SERVICE_PROCUREMENT
1011HG3692386-1350-1-1,MS1,INV-000451,SERVICE_PROCUREMENT
1011HG3692386-1351-1-1,MS1,INV-000451,SERVICE_PROCUREMENT
1011HG3692386-1371-1-1,MS1,INV-000451,SERVICE_PROCUREMENT
1011HG3692386-1373-1-1,MS1,INV-000451,SERVICE_PROCUREMENT
1011HG3692386-1383-1-1,MS1,INV-000451,SERVICE_PROCUREMENT
1011HG3692386-1385-1-1,MS1,INV-000451,SERVICE_PROCUREMENT
1011HG3692387-672-1-1,MS1,INV-000451,SERVICE_PROCUREMENT
1011HG3068810-564-2-1,MS1,INV-000452,SERVICE_PROCUREMENT
1011HG3068810-564-5-1,MS1,INV-000452,SERVICE_PROCUREMENT
1011HG3068810-569-3-1,MS1,INV-000452,SERVICE_PROCUREMENT
1011HG3068810-569-5-1,MS1,INV-000452,SERVICE_PROCUREMENT
1011HG3068810-634-1-1,MS1,INV-000452,SERVICE_PROCUREMENT
1011HG3068810-794-3-1,MS1,INV-000452,SERVICE_PROCUREMENT
1011HG3167912-350-1-1,MS2,INV-000452,SERVICE_PROCUREMENT
1011HG3167911-521-1-1,MS2,INV-000452,SERVICE_PROCUREMENT
1011HG3167911-521-2-1,MS2,INV-000452,SERVICE_PROCUREMENT
1011HG3167911-521-3-1,MS2,INV-000452,SERVICE_PROCUREMENT
1011HG3167911-521-4-1,MS2,INV-000452,SERVICE_PROCUREMENT
1011HG3167911-523-1-1,MS1,INV-000452,SERVICE_PROCUREMENT
1011HG3167911-616-1-1,MS2,INV-000452,SERVICE_PROCUREMENT
1011HG3167911-616-2-1,MS2,INV-000452,SERVICE_PROCUREMENT
1011HG3167911-617-1-1,MS1,INV-000452,SERVICE_PROCUREMENT
1011HG3068809-4253-2-1,MS1,INV-000452,SERVICE_PROCUREMENT
1011HG3167911-1434-1-1,MS1,INV-000452,SERVICE_PROCUREMENT
1011HG3167911-1434-2-1,MS1,INV-000452,SERVICE_PROCUREMENT
1011HG3167911-1434-3-1,MS1,INV-000452,SERVICE_PROCUREMENT
1011HG3167911-1434-4-1,MS1,INV-000452,SERVICE_PROCUREMENT
1011HG3167911-1434-5-1,MS1,INV-000452,SERVICE_PROCUREMENT
1011HG3167911-1434-6-1,MS1,INV-000452,SERVICE_PROCUREMENT
1011HG3068810-1455-2-1,MS1,INV-000452,SERVICE_PROCUREMENT
1011HG3692387-48-1-1,MS1,INV-000453,SERVICE_PROCUREMENT
1011HG3692387-62-1-1,MS1,INV-000453,SERVICE_PROCUREMENT
1011HG3692387-64-1-1,MS1,INV-000453,SERVICE_PROCUREMENT
1011HG3692387-161-1-1,MS1,INV-000453,SERVICE_PROCUREMENT
1011HG3692387-208-1-1,MS1,INV-000453,SERVICE_PROCUREMENT
1011HG3692387-239-1-1,MS1,INV-000453,SERVICE_PROCUREMENT
1011HG3692387-262-1-1,MS1,INV-000453,SERVICE_PROCUREMENT
1011HG3692387-291-1-1,MS1,INV-000453,SERVICE_PROCUREMENT
1011HG3692386-665-1-1,MS1,INV-000453,SERVICE_PROCUREMENT
1011HG3692386-666-1-1,MS1,INV-000453,SERVICE_PROCUREMENT
1011HG3692386-667-1-1,MS1,INV-000453,SERVICE_PROCUREMENT
1011HG3692386-668-1-1,MS1,INV-000453,SERVICE_PROCUREMENT
1011HG3692386-669-1-1,MS1,INV-000453,SERVICE_PROCUREMENT
1011HG3692386-670-1-1,MS1,INV-000453,SERVICE_PROCUREMENT
1011HG3692386-671-1-1,MS1,INV-000453,SERVICE_PROCUREMENT
1011HG3692386-672-1-1,MS1,INV-000453,SERVICE_PROCUREMENT
1011HG3692386-695-1-1,MS1,INV-000453,SERVICE_PROCUREMENT
1011HG3692387-362-3-1,MS1,INV-000453,SERVICE_PROCUREMENT
1011HG3692387-365-2-1,MS1,INV-000453,SERVICE_PROCUREMENT
1011HG3692387-426-1-1,MS1,INV-000453,SERVICE_PROCUREMENT
1011HG3692387-427-1-1,MS1,INV-000453,SERVICE_PROCUREMENT
1011HG3692387-447-2-1,MS1,INV-000453,SERVICE_PROCUREMENT
1011HG3692386-983-1-1,MS1,INV-000453,SERVICE_PROCUREMENT
1011HG3692386-983-3-1,MS1,INV-000453,SERVICE_PROCUREMENT
1011HG3692386-984-2-1,MS1,INV-000453,SERVICE_PROCUREMENT
1011HG3692387-448-1-1,MS1,INV-000453,SERVICE_PROCUREMENT
1011HG3692386-988-2-1,MS1,INV-000453,SERVICE_PROCUREMENT
1011HG3692386-988-4-1,MS1,INV-000453,SERVICE_PROCUREMENT
1011HG3692387-454-1-1,MS1,INV-000453,SERVICE_PROCUREMENT
1011HG3692387-457-1-1,MS1,INV-000453,SERVICE_PROCUREMENT
1011HG3692387-458-1-1,MS1,INV-000453,SERVICE_PROCUREMENT
1011HG3692387-459-2-1,MS1,INV-000453,SERVICE_PROCUREMENT
1011HG3692387-460-2-1,MS1,INV-000453,SERVICE_PROCUREMENT
1011HG3692387-461-2-1,MS1,INV-000453,SERVICE_PROCUREMENT
1011HG3692387-462-2-1,MS1,INV-000453,SERVICE_PROCUREMENT
1011HG3692387-463-1-1,MS1,INV-000453,SERVICE_PROCUREMENT
1011HG3692387-464-1-1,MS1,INV-000453,SERVICE_PROCUREMENT
1011HG3692387-465-1-1,MS1,INV-000453,SERVICE_PROCUREMENT
1011HG3692387-466-1-1,MS1,INV-000453,SERVICE_PROCUREMENT
1011HG3692386-1078-1-1,MS1,INV-000453,SERVICE_PROCUREMENT
1011HG3692386-1078-2-1,MS1,INV-000453,SERVICE_PROCUREMENT
1011HG3692386-1077-1-1,MS1,INV-000453,SERVICE_PROCUREMENT
1011HG3692386-1077-2-1,MS1,INV-000453,SERVICE_PROCUREMENT
1011HG3692386-1080-3-1,MS1,INV-000453,SERVICE_PROCUREMENT
1011HG3692386-1124-1-1,MS1,INV-000453,SERVICE_PROCUREMENT
1011HG3692387-508-1-1,MS1,INV-000453,SERVICE_PROCUREMENT
1011HG3692386-1152-2-1,MS1,INV-000453,SERVICE_PROCUREMENT
1011HG3692386-1151-1-1,MS1,INV-000453,SERVICE_PROCUREMENT
1011HG3692386-1153-1-1,MS1,INV-000453,SERVICE_PROCUREMENT
1011HG3692386-1154-2-1,MS1,INV-000453,SERVICE_PROCUREMENT
1011HG3692386-1155-2-1,MS1,INV-000453,SERVICE_PROCUREMENT
1011HG3692386-1156-2-1,MS1,INV-000453,SERVICE_PROCUREMENT
1011HG3692386-1182-1-1,MS2,INV-000453,SERVICE_PROCUREMENT
1011HG3692387-520-1-1,MS2,INV-000453,SERVICE_PROCUREMENT
1011HG3692387-521-1-1,MS2,INV-000453,SERVICE_PROCUREMENT
1011HG3692386-1185-1-1,MS2,INV-000453,SERVICE_PROCUREMENT
1011HG3692386-1187-1-1,MS2,INV-000453,SERVICE_PROCUREMENT
1011HG3692386-1188-1-1,MS2,INV-000453,SERVICE_PROCUREMENT
1011HG3692386-1195-1-1,MS2,INV-000453,SERVICE_PROCUREMENT
1011HG3692386-1197-1-1,MS2,INV-000453,SERVICE_PROCUREMENT
1011HG3692386-1200-1-1,MS2,INV-000453,SERVICE_PROCUREMENT
1011HG3692386-1206-1-1,MS2,INV-000453,SERVICE_PROCUREMENT
1011HG3692386-1208-1-1,MS2,INV-000453,SERVICE_PROCUREMENT
1011HG3692386-1210-1-1,MS2,INV-000453,SERVICE_PROCUREMENT
1011HG3692386-1212-1-1,MS2,INV-000453,SERVICE_PROCUREMENT
1011HG3692386-1213-1-1,MS2,INV-000453,SERVICE_PROCUREMENT
1011HG3692386-1231-1-1,MS2,INV-000453,SERVICE_PROCUREMENT
1011HG3692387-543-1-1,MS2,INV-000453,SERVICE_PROCUREMENT
1011HG3692387-552-1-1,MS2,INV-000453,SERVICE_PROCUREMENT
1011HG3692386-1263-1-1,MS2,INV-000453,SERVICE_PROCUREMENT
1011HG3692386-1306-2-1,MS1,INV-000453,SERVICE_PROCUREMENT
1011HG3692386-1306-3-1,MS1,INV-000453,SERVICE_PROCUREMENT
1011HG3692387-624-1-1,MS1,INV-000453,SERVICE_PROCUREMENT
1011HG3692387-630-1-1,MS1,INV-000453,SERVICE_PROCUREMENT
1011HG3692387-631-1-1,MS1,INV-000453,SERVICE_PROCUREMENT
1011HG3692387-632-1-1,MS1,INV-000453,SERVICE_PROCUREMENT
1011HG3692387-633-1-1,MS1,INV-000453,SERVICE_PROCUREMENT
1011HG3692386-1338-1-1,MS1,INV-000453,SERVICE_PROCUREMENT
1011HG3692386-1339-1-1,MS1,INV-000453,SERVICE_PROCUREMENT
1011HG3692387-634-1-1,MS1,INV-000453,SERVICE_PROCUREMENT
1011HG3692387-635-1-1,MS1,INV-000453,SERVICE_PROCUREMENT
1011HG3692387-636-1-1,MS1,INV-000453,SERVICE_PROCUREMENT
1011HG3692387-637-1-1,MS1,INV-000453,SERVICE_PROCUREMENT
1011HG3692387-639-1-1,MS1,INV-000453,SERVICE_PROCUREMENT
1011HG3692387-641-1-1,MS1,INV-000453,SERVICE_PROCUREMENT
1011HG3692387-642-1-1,MS1,INV-000453,SERVICE_PROCUREMENT
1011HG3692387-644-1-1,MS1,INV-000453,SERVICE_PROCUREMENT
1011HG3692387-645-1-1,MS1,INV-000453,SERVICE_PROCUREMENT
1011HG3692387-646-1-1,MS1,INV-000453,SERVICE_PROCUREMENT
1011HG3692387-647-1-1,MS1,INV-000453,SERVICE_PROCUREMENT
1011HG3692386-1354-1-1,MS1,INV-000453,SERVICE_PROCUREMENT
1011HG3692386-1355-1-1,MS1,INV-000453,SERVICE_PROCUREMENT
1011HG3692386-1356-1-1,MS1,INV-000453,SERVICE_PROCUREMENT
1011HG3692386-1357-1-1,MS1,INV-000453,SERVICE_PROCUREMENT
1011HG3692386-1358-1-1,MS1,INV-000453,SERVICE_PROCUREMENT
1011HG3692386-1360-1-1,MS1,INV-000453,SERVICE_PROCUREMENT
1011HG3692386-1374-1-1,MS1,INV-000453,SERVICE_PROCUREMENT
1011HG3692386-1375-1-1,MS1,INV-000453,SERVICE_PROCUREMENT
1011HG3692387-651-1-1,MS1,INV-000453,SERVICE_PROCUREMENT
1011HG3692387-652-1-1,MS1,INV-000453,SERVICE_PROCUREMENT
1011HG3692387-653-1-1,MS1,INV-000453,SERVICE_PROCUREMENT
1011HG3692387-654-1-1,MS1,INV-000453,SERVICE_PROCUREMENT
1011HG3692386-1388-3-1,MS1,INV-000453,SERVICE_PROCUREMENT
1011HG3692387-656-2-1,MS1,INV-000453,SERVICE_PROCUREMENT
1011HG3692386-1412-3-1,MS1,INV-000453,SERVICE_PROCUREMENT
1011HG3692386-1413-1-1,MS1,INV-000453,SERVICE_PROCUREMENT
1011HG3692386-1413-3-1,MS1,INV-000453,SERVICE_PROCUREMENT
1011HG3692386-1428-1-1,MS1,INV-000453,SERVICE_PROCUREMENT
1011HG3692386-1428-2-1,MS1,INV-000453,SERVICE_PROCUREMENT
1011HG3692386-1429-1-1,MS1,INV-000453,SERVICE_PROCUREMENT
1011HG3692386-1429-2-1,MS1,INV-000453,SERVICE_PROCUREMENT
1011HG3692386-1430-1-1,MS1,INV-000453,SERVICE_PROCUREMENT
1011HG3692386-1431-2-1,MS1,INV-000453,SERVICE_PROCUREMENT
1011HG3692386-1433-1-1,MS1,INV-000453,SERVICE_PROCUREMENT
1011HG3692386-1442-1-1,MS1,INV-000453,SERVICE_PROCUREMENT
1011HG3692386-1443-1-1,MS1,INV-000453,SERVICE_PROCUREMENT
1011HG3692386-1444-1-1,MS1,INV-000453,SERVICE_PROCUREMENT
1011HG3692386-1445-1-1,MS1,INV-000453,SERVICE_PROCUREMENT
1011HG3692386-1445-3-1,MS1,INV-000453,SERVICE_PROCUREMENT
1011HG3692386-1446-1-1,MS1,INV-000453,SERVICE_PROCUREMENT
1011HG3692386-1446-2-1,MS1,INV-000453,SERVICE_PROCUREMENT
1011HG3692386-1447-1-1,MS1,INV-000453,SERVICE_PROCUREMENT
1011HG3692386-1447-2-1,MS1,INV-000453,SERVICE_PROCUREMENT
1011HG3692386-1448-1-1,MS1,INV-000453,SERVICE_PROCUREMENT
1011HG3692386-1449-1-1,MS1,INV-000453,SERVICE_PROCUREMENT
1011HG3692386-1453-1-1,MS1,INV-000453,SERVICE_PROCUREMENT
1011HG3692386-1465-2-1,MS1,INV-000453,SERVICE_PROCUREMENT
1011HG3692387-696-1-1,MS1,INV-000453,SERVICE_PROCUREMENT
1011HG3692386-1477-2-1,MS1,INV-000453,SERVICE_PROCUREMENT
1011HG3692387-697-2-1,MS1,INV-000453,SERVICE_PROCUREMENT
1011HG3692386-1500-1-1,MS1,INV-000453,SERVICE_PROCUREMENT
1011HG3692386-1501-1-1,MS1,INV-000453,SERVICE_PROCUREMENT
1011HG3692386-1502-1-1,MS1,INV-000453,SERVICE_PROCUREMENT
1011HG3692386-1503-1-1,MS1,INV-000453,SERVICE_PROCUREMENT
1011HG3692386-1504-1-1,MS1,INV-000453,SERVICE_PROCUREMENT
1011HG3692386-1505-1-1,MS1,INV-000453,SERVICE_PROCUREMENT
1011HG3692387-700-1-1,MS1,INV-000453,SERVICE_PROCUREMENT
1011HG3692386-1506-1-1,MS1,INV-000453,SERVICE_PROCUREMENT
1011HG3692387-701-1-1,MS1,INV-000453,SERVICE_PROCUREMENT
1011HG3692386-1507-1-1,MS1,INV-000453,SERVICE_PROCUREMENT
1011HG3692386-1508-1-1,MS1,INV-000453,SERVICE_PROCUREMENT
1011HG3692387-711-1-1,MS1,INV-000453,SERVICE_PROCUREMENT
1011HG3692387-712-1-1,MS1,INV-000453,SERVICE_PROCUREMENT
1011HG3692387-713-1-1,MS1,INV-000453,SERVICE_PROCUREMENT
1011HG3692386-1534-1-1,MS1,INV-000453,SERVICE_PROCUREMENT
1011HG3692386-1535-1-1,MS1,INV-000453,SERVICE_PROCUREMENT
1011HG3692386-1536-1-1,MS1,INV-000453,SERVICE_PROCUREMENT
1011HG3692387-716-1-1,MS1,INV-000453,SERVICE_PROCUREMENT
1011HG3692386-1538-1-1,MS1,INV-000453,SERVICE_PROCUREMENT
1011HG3692386-1539-1-1,MS1,INV-000453,SERVICE_PROCUREMENT
1011HG3692386-1540-1-1,MS1,INV-000453,SERVICE_PROCUREMENT
1011HG3692387-717-1-1,MS1,INV-000453,SERVICE_PROCUREMENT
1011HG3692386-1542-1-1,MS1,INV-000453,SERVICE_PROCUREMENT
1011HG3692386-1543-1-1,MS1,INV-000453,SERVICE_PROCUREMENT
1011HG3692387-718-1-1,MS1,INV-000453,SERVICE_PROCUREMENT
1011HG3068810-1007-1-1,MS1,INV-000454,SERVICE_PROCUREMENT
1011HG3068810-1007-3-1,MS1,INV-000454,SERVICE_PROCUREMENT
1011HG3068810-1028-1-1,MS1,INV-000454,SERVICE_PROCUREMENT
1011HG3068810-1033-1-1,MS1,INV-000454,SERVICE_PROCUREMENT
1011HG3068810-1045-1-1,MS1,INV-000454,SERVICE_PROCUREMENT
1011HG3068809-3197-2-1,MS1,INV-000454,SERVICE_PROCUREMENT
1011HG3068809-3658-1-1,MS1,INV-000454,SERVICE_PROCUREMENT
1011HG3068809-3661-1-1,MS1,INV-000454,SERVICE_PROCUREMENT
1011HG3068809-3664-3-1,MS1,INV-000454,SERVICE_PROCUREMENT
1011HG3068810-1431-1-1,MS1,INV-000454,SERVICE_PROCUREMENT
1011HG3068809-4261-2-1,MS1,INV-000454,SERVICE_PROCUREMENT
1011HG3068809-814-2-1,MS2,INV-000263,SERVICE_PROCUREMENT
